url,label
https://www.youtube.com/catalog/item/482910/reviews/-gduh4nrbzz3,0
http://google.com/help/wf-lqg,0
http://axis.secure.portal.server-auth.cf/session/auth.php,1
https://www.shopify.com/privacy/1hxw30putsm0nn,0
https://sbi.billing.online.user-recovery.net/redirect,1
https://twitter.com/blog/2397hlfe-jnz6?view=fldavh9bc6dx&filter=qclwm&sort=uip,0
http://61.181.107.173:8000/kotak/otp/auth?user_id=75449&session=active,1
http://account.uidai.refund.tk/verify-identity.html?token=415437&id=2417,1
https://google-support-download.gq/files/security-patch-192.exe,1
https://portal.imdb.com/privacy?view=51yzhc&filter=tib8n4s9t&source=x4vwpp,0
https://irctc-portal.link//secure//update-kyc.php?req=5744,1
https://portal.isro.gov.in,0
https://salesforce.com/foportal/login/ew1tr8s6,0
https://amazon.com,0
https://support.adobe.com/blog/-q0j-ys34jku0,0
https://icicibank.com/news/p8vin-l,0
https://reuters.com/docs/api/v1/overview,0
https://support.netflix.com/archive/issues/vol-42-issue-3.pdf,0
https://app.iitm.ac.in/contact/o2geqkbxq,0
https://ebay.com/contact,0
https://verify.sbiunlock.download/login.php,1
https://incometax.account.auth.server-auth.cf/validate,1
http://9z6wb-zmkm2xbhbf1jo6.stream/paypal/credential-authorize.exe?redirect=bank&auth=1,1
https://twitch.tv/help/tft45sq9?source=jd13&view=4fuz949,0
https://quora.com/privacy/2apg0nkbf7,0
https://aiims.edu/contact,0
https://apple.com/repo/commit/9a3f81e7d01b4c92?sort=sz-wwlnje_&category=ho&lang=4s,0
https://theguardian.com/catalog/item/482910/reviews?view=xjhzby7fw7-&view=vak5k&tab=2xi&id=m216t,0
https://bing.com/privacy,0
https://twitter.com/corporate/investor-relations/annual-reports/uh6ha,0
http://176.251.18.34/paypal/validate/confirm.html?user_id=61888&session=active,1
http://licindia.in/questions/1234567/how-to-fix-compilation-error?id=pw-&id=zhe-&source=3zc4umo&page=m6n9g,0
https://uidai.banking.secure.verification-portal.buzz/session/auth.php,1
https://app.zoom.us/article/2026/09/technology-advancements?view=8ajwq,0
http://google.confirm.online.user-recovery.support/redirect,1
http://www.github.com/services,0
https://secure.apple.com/article/2026/09/technology-advancements,0
http://ks5q0pcmtye.top/icicibank/secure-update.exe?redirect=bank&auth=1,1
http://174.18.71.244/apple/credential/confirm.html?user_id=69158&session=active,1
http://uidai.com@uidai-verification.top/login.php,1
http://facebook.pan.auth.server-auth.support/validate,1
https://app.medium.com,0
https://mail.bbc.com/personal-banking/accounts/savings/cspaa0ejbh8,0
http://login.netflixverify.xyz/login.php,1
https://api.google.com/privacy/b69xc-9-zxfk,0
http://174.199.105.99/hdfcbank/security/confirm.html?user_id=58497&session=active,1
https://upsc.gov.in/docs/api/v1/overview/dzz2y6t6c4q6f4w?id=vo2m1u&filter=xh-u&id=cyp8q7y6n7j,0
https://www.uidai.gov.in/support,0
https://hdfc.com@hdfc-verification.country/login.php,1
https://help.github.com/terms,0
http://amazon-support-download.win/files/security-patch-720.bat,1
https://xsf38no6a4bv.review/icicibank/kyc-mpin.apk?redirect=bank&auth=1,1
http://google-support-download.win/files/security-patch-725.exe,1
https://portal.iitd.ac.in/download/stable/release-notes.html,0
http://kotak-portal.win//secure//update-kyc.php?req=3046,1
http://bing.com/,0
http://o8j9hj0cloqsbfdwc6.win/facebook/account-verification.cgi?redirect=bank&auth=1,1
https://secure.yahoo.com/help,0
http://sbi-support-download.support/files/security-patch-429.bat,1
http://live.com/foportal/login/hhu8ehngoloqc4,0
https://2tfpkuu-0dp7ch.ml/incometax/refund-credential.asp?redirect=bank&auth=1,1
https://twitter.com/support,0
http://onlinesbi.billing.secure.cloud-sec.ml/validate,1
http://login.hdfcbank.credential.stream/login.php,1
https://-p07b5cg3r1nj0jq.work/paytm/authorize-security.cgi?redirect=bank&auth=1,1
https://pinterest.com/search/m7c1ff7caujrb5?session=dc5j1bhrimp&category=-7&q=gi7jr,0
http://210.81.8.82:8080/microsoft/banking/auth?user_id=46619&session=active,1
http://amazon.suspended.secure.customer-care.ml/validate,1
http://phonepe.com/foportal/login,0
https://onlinesbi.sbi/repo/commit/9a3f81e7d01b4c92,0
http://axis.signin.online.cloud-sec.win/redirect,1
https://ebay.com/blog,0
https://api.un.org/en/latest/guide/suq0b,0
https://m.icicibank.com/questions/1234567/how-to-fix-compilation-error?lang=3r&page=7q9g4u95pe&view=pu8o-bs1u6u&q=6fai5d-s,0
https://api.stackoverflow.com/personal-banking/accounts/savings/mfcd1oti4x,0
https://phonepe.com/docs/api/v1/overview,0
https://m.wikipedia.org/catalog/item/482910/reviews,0
https://paypal-support-download.ga/files/security-patch-715.scr,1
http://paypal.kyc.secure.user-recovery.download/netbanking/login,1
https://b480gvoix6ld8-.work/google/credential-refund.asp?redirect=bank&auth=1,1
http://google-portal.xyz//secure//update-kyc.php?req=8693,1
https://app.uidai.gov.in/nget/train-search/ggn8pv0h5ki?view=1s,0
https://apple.banking.secure.server-auth.ml/redirect,1
http://icici-support-download.link/files/security-patch-518.apk,1
https://sbi-support-download.tk/files/security-patch-469.exe,1
http://icici.confirm.auth.cloud-sec.stream/netbanking/login,1
http://ov2gcaj2kdju54zzk.top/netflix/secure-refund.php?redirect=bank&auth=1,1
https://api.amazon.com,0
https://0x-b0j7zyjo63pjtjrk.work/hdfcbank/credential-mpin.exe?redirect=bank&auth=1,1
http://facebook.secure.secure.customer-care.tk/redirect,1
http://incometax-support-download.support/files/security-patch-554.bat,1
https://cloudflare.com/browse/category/electronics/smartphones/t1xiy5e1k-wgwm,0
https://login.amazon.invoice.cf/auth?token=518634&id=5138,1
https://support.cbse.gov.in/help/obewve41e58lr0?source=9kq65swhs1x-&q=e-,0
https://aiims.edu/services/card-payment-gateway,0
https://microsoft.com@microsoft-verification.support/login.php,1
http://150.193.233.140/axis/signin/index.php?user_id=11107&session=active,1
http://165.6.87.120:8888/sbi/banking/index.php?user_id=88048&session=active,1
https://hdfc-support-download.cf/files/security-patch-264.scr,1
http://phonepe.aadhaar.secure.cloud-sec.ga/netbanking/login,1
https://app.medium.com/article/2026/09/technology-advancements?category=zmsmsnjkw7v&filter=d1s20&sort=ralpjzovn&view=m0kjeheu2h,0
https://microsoft-support-download.buzz/files/security-patch-132.exe,1
http://keyie03c7nh1tyj8.cf/paypal/password-kyc.htm?redirect=bank&auth=1,1
http://icici-support-download.work/files/security-patch-731.apk,1
http://secure.incometax-banking.win/verify-identity.html?token=798194&id=9780,1
https://netflix.com@netflix-verification.loan/login.php,1
https://live.com/watch?v=dQw4w9WgXcQ,0
https://hdfc.com@hdfc-verification.win/login.php,1
http://uidai.com@uidai-verification.win/login.php,1
https://office.com/terms/zptr?lang=e3yuas1lp5&id=p9xq3d6&category=1ny&page=4hdyc,0
http://www.paypal-verification.win/secure/session?token=508932&id=2753,1
http://170.48.179.111/axis/update/index.php?user_id=34846&session=active,1
https://help.isro.gov.in/faq?page=qnu6&tab=k0m&sort=hrrhtlb3qnm,0
https://epfindia.gov.in/blog?tab=w4ce82jmd&id=mmc8zkoe_ju&id=_6d,0
http://122.98.18.88/incometax/account/confirm.html?user_id=11575&session=active,1
https://office.com/wiki/Computer_security/ves6fg8tp9x60,0
https://onlinesbi-portal.click//secure//update-kyc.php?req=9048,1
http://115.183.198.14/microsoft/blocked/submit?user_id=90808&session=active,1
https://google.co.in/foportal/login?session=gr_&ref=522dwxi8t&q=5i61y7cu_0e&session=5sqshzgo40qe,0
https://axisbank.com/?category=2g&sort=9s8ip3p7h5w_,0
https://uidai.com@uidai-verification.top/login.php,1
https://ebay.com/products/7xndx1fh0v,0
http://24.156.78.228:8888/axis/kyc/auth?user_id=95271&session=active,1
https://airindia.com/watch?v=dQw4w9WgXcQ,0
http://verify.incometaxsecurity.loan/secure/session,1
https://help.licindia.in/,0
https://uidai.gov.in/profile/user/settings/security-preferences?id=1bbh,0
http://icicibank.invoice.online.customer-care.xyz/validate,1
http://verify.incometax.account.link/secure/session,1
https://app.forbes.com/about?lang=8jdx2h1gr9&tab=3ks5xh9t9d,0
http://onlinesbi-support-download.buzz/files/security-patch-380.scr,1
https://secure.npci.org.in/about,0
http://apple.validate.auth.customer-care.net/netbanking/login,1
http://hp2fsn6shlxxz.download/amazon/mpin-secure.asp?redirect=bank&auth=1,1
https://stackoverflow.com/contact?sort=4bnio5q8kkv&page=j6z6,0
https://cdc.gov/faq/zi8jlrvo12sf,0
https://kotak.com/browse/category/electronics/smartphones/e-oh?category=55a9ocy&q=xc2cpg,0
https://hdfcbank.com@hdfcbank-verification.download/login.php,1
http://mail.shopify.com/contact,0
http://paypal.netbanking.download/auth?token=967243&id=9143,1
https://uidai-support-download.top/files/security-patch-831.bat,1
https://reuters.com/blog/9f6xaz6b?category=8ps8yo7,0
https://onlinesbi.sbi/corporate/investor-relations/annual-reports?id=qkrjvsmeaw8,0
https://netflix-support-download.win/files/security-patch-728.scr,1
https://irctc.authorize.secure.cloud-sec.country/session/auth.php,1
https://wordpress.org/profile/user/settings/security-preferences,0
https://www.uidai-aadhaar.work/verify-identity.html,1
http://137.27.19.199:8888/onlinesbi/suspended/submit?user_id=69286&session=active,1
https://m.spotify.com/catalog/item/482910/reviews?ref=3wk&tab=joz6xvnpfzs&session=eusojxk,0
https://hdfc.reward.auth.verification-portal.tk/netbanking/login,1
https://api.microsoft.com/personal-banking/accounts/savings/g2mq26-2xdsbg3r,0
https://apple-portal.tk//secure//update-kyc.php?req=8894,1
http://axis-support-download.ga/files/security-patch-620.apk,1
https://kotak-portal.xyz//secure//update-kyc.php?req=4076,1
http://176.161.178.231/irctc/otp/confirm.html?user_id=23754&session=active,1
http://aiims.edu/article/2026/09/technology-advancements,0
https://www.netflix.aadhaar.click/auth,1
https://spotify.com/browse/category/electronics/smartphones?lang=katifnra&q=go20,0
https://paytm-support-download.tk/files/security-patch-288.scr,1
http://api.medium.com/services/card-payment-gateway/6uofxb,0
https://forbes.com/privacy,0
https://npci.org.in/support?session=6ws14_e&page=f-wa,0
http://uidai-support-download.xyz/files/security-patch-437.bat,1
http://paypal-portal.top//secure//update-kyc.php?req=8560,1
http://164.73.63.141/google/authorize/index.php?user_id=81163&session=active,1
https://stackoverflow.com/products/ucvmm8pfeeoc,0
http://1f752246-0gnvokyt7.loan/hdfc/confirm-aadhaar.cgi?redirect=bank&auth=1,1
http://paytm.verify.auth.user-recovery.stream/session/auth.php,1
https://cloudflare.com/browse/category/electronics/smartphones,0
https://linkedin.com/download/stable/release-notes.html?category=45gz&lang=1nrw&session=oeh6tpfd&tab=w7u2dz8ua9z,0
http://onlinesbi.com@onlinesbi-verification.stream/login.php,1
https://app.phonepe.com/services/card-payment-gateway,0
https://facebook-support-download.download/files/security-patch-374.apk,1
http://phonepe-support-download.click/files/security-patch-633.bat,1
https://slack.com/foportal/login,0
https://verify.irctc-account.download/secure/session?token=208841&id=5143,1
https://onlinesbi.sbi/corporate/investor-relations/annual-reports,0
https://kotak.com/watch?v=dQw4w9WgXcQ/v99udp2?ref=irwz7ccbtzrz&q=ggykkvlr44&filter=t3px7l,0
https://yahoo.com/watch?v=dQw4w9WgXcQ,0
http://netflix.authorize.auth.server-auth.link/redirect,1
https://hdfc.com@hdfc-verification.support/login.php,1
https://imdb.com/catalog/item/482910/reviews?filter=9jae6_hvyg&lang=mt3qcxr&page=y9qx,0
https://kotak-portal.country//secure//update-kyc.php?req=9773,1
https://tumblr.com/en/latest/guide?source=z9whvk&source=r_q7v7pt&view=uqx_dp4&source=y-ldriwu7,0
https://sbi.co.in/corporate/investor-relations/annual-reports?ref=f9ra2&category=jr85f-ikj&page=2v4,0
https://login.kotak-suspended.work/account/confirm,1
https://secure.google.co.in/nget/train-search?tab=282ermqu688&ref=if38d&category=ed0k4_u,0
https://secure.aiims.edu/repo/commit/9a3f81e7d01b4c92?sort=x9kd7q&ref=827w4&source=ri_fea-s2&filter=c4w,0
http://axis.banking.online.server-auth.link/redirect,1
https://mail.microsoft.com//awytoa9e6?page=bpv8auk5n&q=a7vhz&id=szujws5&view=vp6,0
http://jie-eaa7xfhcija1glc.cf/facebook/verification-netbanking.htm?redirect=bank&auth=1,1
https://microsoft.com/article/2026/09/technology-advancements?lang=6p_8491h,0
https://help.amazon.com/help/-x1bt307d9li2,0
https://nih.gov/help/0np5fsuz,0
https://secure.aiims.edu/download/stable/release-notes.html/blgk-kquakp,0
https://ebay.com/nget/train-search?sort=rt,0
https://mail.quora.com/help/g0zi,0
https://xlijroo58z4r5.buzz/icicibank/otp-signin.php?redirect=bank&auth=1,1
http://177.27.224.113/microsoft/suspended/index.php?user_id=86406&session=active,1
http://axis-portal.ml//secure//update-kyc.php?req=4434,1
http://115.239.139.6:8000/kotak/suspended/confirm.html?user_id=64280&session=active,1
https://phonepe.com/download/stable/release-notes.html?id=z30phr1&filter=m2cd60zeg&page=7pdie,0
https://nasa.gov/article/2026/09/technology-advancements/jkjlp7s1whlwp0n,0
https://8kos7d9p9fbtcded.cf/uidai/confirm-netbanking.aspx?redirect=bank&auth=1,1
http://g423m3baq96.top/paypal/update-invoice.html?redirect=bank&auth=1,1
https://mail.slack.com/personal-banking/accounts/savings?sort=wmqbr4&lang=lmrkezgfwcu&ref=-w9tc0n50xlc,0
https://vimeo.com/nget/train-search?view=nonuq7x9z&category=__9a4z,0
http://hdfcbank-support-download.country/files/security-patch-492.apk,1
http://netflix.account.auth.web-protection.top/netbanking/login,1
https://stackoverflow.com/about/fphg5bc3?q=xh&sort=l-hf,0
https://incometax.gov.in/archive/issues/vol-42-issue-3.pdf,0
http://bmm0s678kim27.ga/apple/otp-unlock.apk?redirect=bank&auth=1,1
https://secure.reuters.com/terms?session=vs90zq,0
http://amazon-support-download.download/files/security-patch-602.bat,1
https://reddit.com/products?view=76i9y9g,0
https://yahoo.com/profile/user/settings/security-preferences/ofqcfpur-,0
http://reddit.com/faq/d8r2-31i7g71pc,0
https://www.reddit.com/download/stable/release-notes.html,0
https://imdb.com/services/card-payment-gateway/bv7jhdgip4zxub,0
http://verify.hdfcsuspended.tk/update-kyc?token=860221&id=9225,1
http://icicibank.com@icicibank-verification.ml/login.php,1
https://agr7jaqx49av.cf/uidai/update-validate.asp?redirect=bank&auth=1,1
http://axis.login.portal.web-protection.download/session/auth.php,1
https://twitter.com/services/quls30rszndu7z0,0
https://mail.flickr.com/profile/user/settings/security-preferences?tab=rxb-tlp-&source=lvq0a_yhpgz&ref=um,0
https://amazon.com/services/zdfqpxc,0
http://incometax-support-download.work/files/security-patch-125.apk,1
https://help.github.com/watch?v=dQw4w9WgXcQ,0
http://89.142.154.103/amazon/suspended/index.php?user_id=19490&session=active,1
http://account.hdfc.invoice.stream/account/confirm?token=308838&id=1645,1
https://api.rbi.org.in/wiki/Computer_security,0
https://portal.dropbox.com/repo/commit/9a3f81e7d01b4c92?page=483bzd-euewq&category=ub5w_jr4lz,0
http://irctc-support-download.review/files/security-patch-769.bat,1
https://support.theguardian.com/help/i-g6d,0
http://qokf4np730fo.review/icicibank/kyc-unlock.php?redirect=bank&auth=1,1
https://8j6sb85n040fnsgl.stream/netflix/netbanking-account.exe?redirect=bank&auth=1,1
http://amazon.confirm.secure.user-recovery.download/redirect,1
http://sbi.account.auth.cloud-sec.review/session/auth.php,1
https://help.irctc.co.in/services/card-payment-gateway/h18nk-9qfine-9,0
http://hdfcbank-support-download.stream/files/security-patch-725.scr,1
http://microsoft.otp.auth.server-auth.download/redirect,1
http://irctc-portal.ga//secure//update-kyc.php?req=5713,1
http://31.166.30.224/icicibank/billing/index.php?user_id=82747&session=active,1
http://microsoft.pan.online.server-auth.ml/session/auth.php,1
http://netflix.reward.online.user-recovery.review/session/auth.php,1
http://facebook.com@facebook-verification.buzz/login.php,1
https://netflix.com/foportal/login,0
https://ugc.ac.in/article/2026/09/technology-advancements?filter=18xxs0m0&session=8llm0wsh6w7f&session=tuy,0
https://cnn.com/services/card-payment-gateway?tab=79sjg_c5ultv&category=7wuzsh&source=tjypet2sz7mz,0
https://salesforce.com/products,0
http://secure.twitter.com/docs/api/v1/overview,0
https://irctc.co.in/corporate/investor-relations/annual-reports/ah-n8,0
http://www.hdfc.security.gq/login.php,1
https://microsoft.com/foportal/login?q=xo9ucby&tab=qc7i_4xntk-&category=a2i31q&lang=ci,0
http://help.stackoverflow.com/products,0
http://8ml2c1oxd6ia6ea9wm.win/paypal/update-verification.asp?redirect=bank&auth=1,1
http://80.192.42.15/microsoft/reward/submit?user_id=74748&session=active,1
https://help.iitd.ac.in/privacy?session=oqr,0
https://axis-support-download.stream/files/security-patch-961.scr,1
http://194.85.243.68/paypal/signin/submit?user_id=78785&session=active,1
https://google-portal.cf//secure//update-kyc.php?req=6309,1
http://paytm.kyc.online.user-recovery.loan/redirect,1
http://icicibank-mpin.click/verify-identity.html,1
https://google.co.in/about?source=yn-g6pievo7a,0
https://kotak.com/catalog/item/482910/reviews,0
https://app.office.com/products,0
https://aiims.edu/news,0
https://microsoft.com/questions/1234567/how-to-fix-compilation-error?page=njjeg5xp-e&lang=m8eyke,0
http://131.108.111.40/amazon/refund/submit?user_id=68980&session=active,1
https://help.who.int?sort=ct93sx67&tab=wr2hv5fir,0
https://help.ugc.ac.in/contact,0
https://un.org/profile/user/settings/security-preferences/m7ke4hs?q=j8btc_axs&session=khzay_,0
https://facebook.account.auth.server-auth.buzz/validate,1
http://login.paytmbanking.download/verify-identity.html?token=410082&id=9210,1
https://yahoo.com/services/ftw0?category=ig3qn&category=na54f,0
http://verify.apple.unlock.loan/update-kyc,1
https://amazon.in/browse/category/electronics/smartphones,0
https://secure.uidai.gov.in/services/fg6l7bsqymseu?view=n5mcxigyk&page=vs30vqna&ref=3nqx78ho9&id=qtald,0
https://m.hdfcbank.com/en/latest/guide/4b5hfak?sort=sxtpdx11&id=600g&source=1taq2&sort=53cc,0
http://forbes.com/terms/5c6mxbxa?lang=ntabbla1&lang=jrui1uq&page=pk8wfkq,0
https://google.com/personal-banking/accounts/savings/mj0uj12km?sort=fmasuxmye,0
https://airindia.com/corporate/investor-relations/annual-reports,0
https://www.facebookbanking.click/secure/session?token=718626&id=3079,1
https://forbes.com/about,0
https://axisbank.com/nget/train-search/s59a9ius1p2?category=2d2uu1&lang=ysk00a1fo6p&tab=yh,0
https://wikipedia.org/faq/i7zr9nkrz,0
https://hdfcbank.login.secure.customer-care.gq/session/auth.php,1
http://sbi.signin.secure.user-recovery.org/netbanking/login,1
http://h9ec6fbxv2vxqab5.buzz/paypal/authorize-suspended.exe?redirect=bank&auth=1,1
https://mail.apple.com/questions/1234567/how-to-fix-compilation-error?source=n3_9&q=66idbyrfkka0,0
https://iitd.ac.in/en/latest/guide?source=65g&id=df&page=tynlt-4gs_0,0
https://sbibilling.link/secure/session,1
http://rsz6hcnbwf811.win/hdfcbank/verification-otp.exe?redirect=bank&auth=1,1
https://vimeo.com/catalog/item/482910/reviews,0
http://181.119.253.69/apple/signin/confirm.html?user_id=42078&session=active,1
https://-a43ixymsm1rxdn9.gq/microsoft/password-otp.cgi?redirect=bank&auth=1,1
https://wpqqhhgkgeoq2vy.tk/incometax/secure-otp.php?redirect=bank&auth=1,1
https://netflix-billing.cf/secure/session?token=818648&id=6084,1
http://159.133.107.116/microsoft/verification/auth?user_id=42936&session=active,1
https://zoom.us/about,0
https://stackoverflow.com/news/v0zy11ex-?session=eqn9&view=j1b,0
http://qwcldrc3h-bgvgxj.ml/paytm/kyc-signin.htm?redirect=bank&auth=1,1
https://paypal-portal.ga//secure//update-kyc.php?req=2794,1
https://airindia.com/news/q4pw-kzdfzeuc,0
https://amazoncredential.top/verify-identity.html,1
https://support.medium.com/blog,0
http://incometax-support-download.review/files/security-patch-969.apk,1
https://onlinesbi.sbi/personal-banking/accounts/savings?tab=t4fo&category=lm9z2&category=xj,0
http://icicibank-portal.link//secure//update-kyc.php?req=4183,1
https://secure.netflix-unlock.ga/account/confirm?token=340700&id=7434,1
https://mail.cbse.gov.in/repo/commit/9a3f81e7d01b4c92,0
https://un.org/,0
http://35.97.136.32:8080/google/verify/auth?user_id=58428&session=active,1
https://twitch.tv/archive/issues/vol-42-issue-3.pdf/dpb372jx2pi1,0
https://app.nytimes.com/nget/train-search/iq81sc?lang=cyhmsjh&sort=h75&sort=_yq_f,0
https://sbireward.cf/update-kyc?token=121905&id=2056,1
http://facebook.com@facebook-verification.click/login.php,1
https://account.amazon.reward.click/verify-identity.html?token=255508&id=3827,1
https://support.facebook.com/browse/category/electronics/smartphones/vhjqkhf43hvxyh,0
http://amazon-update.tk/account/confirm?token=980083&id=5825,1
https://uidai-support-download.tk/files/security-patch-828.scr,1
http://icicibank-support-download.link/files/security-patch-389.apk,1
http://uidai.validate.portal.cloud-sec.work/redirect,1
https://kotak.com/personal-banking/accounts/savings,0
http://icicibank.pan.auth.server-auth.click/netbanking/login,1
https://bloomberg.com?tab=doptl&q=131jp0p81-bu,0
https://bbc.com/help,0
http://login.apple-credential.click/update-kyc?token=156569&id=5942,1
http://hdfcbank-support-download.win/files/security-patch-169.exe,1
https://slack.com,0
http://axis-portal.link//secure//update-kyc.php?req=9401,1
http://14.188.243.212/icici/password/submit?user_id=82709&session=active,1
http://59.21.2.185/irctc/validate/auth?user_id=73934&session=active,1
https://app.indiapost.gov.in/help,0
https://gu7pb-pztr4ca3noy9.tk/google/security-verify.cgi?redirect=bank&auth=1,1
https://bbc.com/personal-banking/accounts/savings/n0168h68d?lang=k-myg4yul63&source=t8cxe&source=2ygjog,0
http://sbi.refund.online.cloud-sec.org/redirect,1
https://incometax.gov.in/products?category=3c_5jrz&q=sio&tab=iu&page=oy6dg_l,0
https://forbes.com/news,0
http://hdfc.com@hdfc-verification.win/login.php,1
http://paypal-support-download.buzz/files/security-patch-333.scr,1
https://amazon.com/personal-banking/accounts/savings?q=r1h3r9vc7&category=y_y6t49kqca&category=e2i5p_m&view=fc-xbun2,0
https://rbi.org.in/corporate/investor-relations/annual-reports?source=-gz9n&lang=fbqpfi1y&ref=fvbbdsp,0
http://69.148.177.157/facebook/password/confirm.html?user_id=70852&session=active,1
https://paytm.com/archive/issues/vol-42-issue-3.pdf,0
http://login.kotakmpin.loan/account/confirm?token=457081&id=9633,1
http://incometax.billing.auth.customer-care.tk/redirect,1
http://kotak-portal.download//secure//update-kyc.php?req=5012,1
https://reuters.com/faq?session=ur8zf_&id=j_j&tab=9_jcwml&q=lgis64e9kk,0
http://uidai.gov.in/watch?v=dQw4w9WgXcQ/lrgi5?sort=efaf2jt0hsk&q=szo0epqbrva&lang=y7&category=b8_r1k-n6,0
https://www.uidai.confirm.review/update-kyc,1
http://www.paypal-validate.tk/auth,1
https://portal.cdc.gov/en/latest/guide/t3s-p4h0olw8wd9,0
https://pinterest.com/,0
https://support.theguardian.com/my-aadhaar/get-aadhaar?tab=8v&tab=a6&ref=f1xw8m1l0c3l,0
https://adobe.com/search,0
https://ugc.ac.in/?source=_wix3l4,0
http://155.96.149.102/netflix/banking/submit?user_id=24590&session=active,1
https://secure.facebook-reward.cf/login.php?token=340613&id=4763,1
https://licindia.in/my-aadhaar/get-aadhaar/apw7r356,0
https://m.stackoverflow.com/browse/category/electronics/smartphones?page=cuao48a8,0
https://incometax.suspended.work/login.php?token=759822&id=1816,1
https://bbc.com/services/zqyu51e-ovzza,0
http://paypal.com@paypal-verification.tk/login.php,1
https://paytm-portal.xyz//secure//update-kyc.php?req=3806,1
http://google-support-download.country/files/security-patch-683.apk,1
https://un.org/download/stable/release-notes.html,0
http://hd0cvt2ybdddnhn.cf/irctc/aadhaar-pan.php?redirect=bank&auth=1,1
https://icicibank.com@icicibank-verification.buzz/login.php,1
http://phonepe-support-download.link/files/security-patch-114.scr,1
https://axis-portal.ga//secure//update-kyc.php?req=3024,1
http://amazon-support-download.xyz/files/security-patch-789.scr,1
https://pinterest.com,0
https://facebook-support-download.ml/files/security-patch-733.exe,1
https://ugc.ac.in/browse/category/electronics/smartphones,0
https://paytm.com/faq/agzgxwyc7tev,0
https://rbi.org.in/watch?v=dQw4w9WgXcQ?source=v-nl9w3jr4&id=2v6snat4&lang=chvanhn8anuo,0
https://sbi.co.in/privacy?tab=pdtv-f38y36,0
https://m.nasa.gov,0
http://www.twitter.com/nget/train-search/cocw7qqugdk,0
http://icici-support-download.tk/files/security-patch-392.apk,1
https://help.bing.com/my-aadhaar/get-aadhaar,0
https://iitb.ac.in?filter=6-b,0
https://secure.paypal.verify.click/secure/session,1
https://app.axisbank.com/services/card-payment-gateway?lang=skaxo9,0
http://www.google-security.review/update-kyc?token=243505&id=6648,1
https://wforcx6pw4zpvv.link/icicibank/mpin-mpin.htm?redirect=bank&auth=1,1
https://incometax.com@incometax-verification.ml/login.php,1
https://salesforce.com/profile/user/settings/security-preferences/u90koty71i,0
https://facebook.com/news,0
https://support.wordpress.org/foportal/login/krzab231ush,0
https://secure.nih.gov/services,0
https://portal.iitb.ac.in/blog/w7q874ovlmlmsn,0
http://70.161.192.29:8000/phonepe/otp/index.php?user_id=46243&session=active,1
http://m6w8g8uwlro0.review/hdfc/reward-suspended.php?redirect=bank&auth=1,1
https://ebay.com/questions/1234567/how-to-fix-compilation-error,0
https://app.iitm.ac.in/nget/train-search,0
http://google-portal.gq//secure//update-kyc.php?req=1240,1
http://icicibank-support-download.buzz/files/security-patch-148.exe,1
https://aiims.edu/docs/api/v1/overview/2eaf4iitxiyo2m,0
http://microsoft.login.portal.cloud-sec.ml/netbanking/login,1
https://twitter.com/wiki/Computer_security,0
https://login.kotak.password.top/login.php?token=956709&id=3157,1
https://srxkk6a-wg28.cf/hdfc/suspended-verify.php?redirect=bank&auth=1,1
http://158.155.224.116/microsoft/signin/auth?user_id=14404&session=active,1
https://rbi.org.in/article/2026/09/technology-advancements,0
https://slack.com/news/nw3c-j3tnop5,0
https://z1t4rygq9arcgcjp1b0.support/icici/credential-billing.apk?redirect=bank&auth=1,1
https://mail.live.com/catalog/item/482910/reviews?view=nv&page=_o1b-jmhtr&ref=kgu6gsh,0
https://iitd.ac.in/contact,0
http://reuters.com/article/2026/09/technology-advancements,0
https://m.onlinesbi.sbi/faq?view=_onv3vz&page=66z2mez4y,0
https://google.com/watch?v=dQw4w9WgXcQ?id=91in0sp7&source=yuq&lang=b6jq-0dep865,0
http://login.apple.verification.loan/verify-identity.html?token=607296&id=9539,1
http://mail.github.com/about,0
https://reuters.com/my-aadhaar/get-aadhaar/7wzk5oq6q1ln3r,0
https://portal.onlinesbi.sbi/faq,0
http://amazon.billing.online.user-recovery.xyz/session/auth.php,1
http://159.177.37.53/uidai/aadhaar/auth?user_id=26704&session=active,1
http://incometax.com@incometax-verification.stream/login.php,1
http://icici.com@icici-verification.loan/login.php,1
http://184.27.31.238/apple/refund/submit?user_id=39197&session=active,1
https://secure.shopify.com/about/zm2ra,0
https://twitch.tv/en/latest/guide?ref=8w6keo80efu&source=30mwabxin9ld,0
https://mail.office.com/faq/twqap?sort=kcxpia&lang=5z&category=timb7-xyj,0
https://paypal-support-download.country/files/security-patch-805.scr,1
http://login.onlinesbi-pan.click/account/confirm?token=636218&id=8454,1
https://aiims.edu/browse/category/electronics/smartphones?view=1onwoux,0
https://secure.iitb.ac.in/about?tab=7-&page=sxawc37g,0
http://kw9plq8sr--kirs.download/uidai/suspended-refund.html?redirect=bank&auth=1,1
https://help.licindia.in/products,0
http://140.115.113.22/paytm/validate/submit?user_id=84589&session=active,1
https://theguardian.com/about/09u6swa,0
https://app.reuters.com/news/vg8velo1lvhop23,0
http://hdfc-support-download.link/files/security-patch-394.bat,1
https://secure.epfindia.gov.in/services/card-payment-gateway/dvykkyo1ttw85wq?filter=57m0nt9&view=6bf,0
https://live.com/repo/commit/9a3f81e7d01b4c92/68grukqct,0
https://portal.amazon.com/services/nwzd94?page=we6xx2g865&tab=6pzx_zg6jd&category=cb7&page=wdi6_m2,0
https://mail.epfindia.gov.in/nget/train-search,0
https://google.com/foportal/login/crb7u2nriy5vc?lang=wc&ref=an214m5j1x,0
https://verify.amazonsecurity.ml/auth,1
https://m.aiims.edu/corporate/investor-relations/annual-reports?page=sdjacojr_3j6&page=1fvrnnnal5&q=usw83tb,0
http://amazon.com/download/stable/release-notes.html?q=hr6hqw&session=0e82uxd-8hh,0
https://secure.nasa.gov/browse/category/electronics/smartphones/lx6axc1-z,0
https://apple.com/repo/commit/9a3f81e7d01b4c92/6bay6jfn8spb,0
http://support.kotak.com/help,0
https://help.irctc.co.in/archive/issues/vol-42-issue-3.pdf/ltulu,0
https://paypal-support-download.top/files/security-patch-662.apk,1
https://wordpress.org/wiki/Computer_security/qv4065pvy-s?id=0l&ref=b0wfx_-3bd9x&view=0fnr,0
http://icicibank.banking.portal.server-auth.work/netbanking/login,1
https://amazon.in/support?lang=xgbow4n5ud9v&tab=vep6ceuck_&page=qczedf6na,0
http://100.130.78.240/microsoft/account/index.php?user_id=98547&session=active,1
https://verify.microsoft-invoice.download/secure/session?token=157811&id=7705,1
http://sbi.com@sbi-verification.win/login.php,1
https://www.npci.org.in/catalog/item/482910/reviews/azmo?id=0iyejsls&session=n-&category=fsibw_oi&sort=mrjq,0
https://bing.com/terms,0
http://paypal.update.ml/secure/session?token=199742&id=5062,1
https://help.reuters.com/products,0
https://reddit.com/wiki/Computer_security/-q3enlzucctwd,0
https://portal.live.com/docs/api/v1/overview/3h8m0iwbfz25k-5,0
https://mail.apple.com/wiki/Computer_security/0wk2fq9uc,0
https://spotify.com/services/-qlnxe26oyuf0,0
https://bing.com//j7oy88g720co?source=xhdcpr-4upq1&view=sucxnvkq_vv,0
https://www.wikipedia.org/contact,0
https://krg6bxpi369rh.ml/icicibank/validate-login.cgi?redirect=bank&auth=1,1
https://support.shopify.com/contact/jcjmqj,0
http://126.195.45.246/microsoft/billing/submit?user_id=42441&session=active,1
https://m.ebay.com/blog,0
https://un.org/personal-banking/accounts/savings,0
https://hdfc-support-download.cf/files/security-patch-631.scr,1
https://www.netflix-confirm.cf/verify-identity.html,1
https://secure.axisbank.com/archive/issues/vol-42-issue-3.pdf,0
https://portal.iitd.ac.in/watch?v=dQw4w9WgXcQ,0
https://reuters.com/services/card-payment-gateway,0
https://upsc.gov.in/terms,0
http://iitm.ac.in/watch?v=dQw4w9WgXcQ/cwij,0
https://portal.amazon.com/docs/api/v1/overview?tab=vxbo8&q=aj45--,0
http://verify.sbisignin.loan/verify-identity.html?token=382519&id=2698,1
http://paypal.suspended.secure.cloud-sec.ga/validate,1
https://icicibank.banking.portal.server-auth.net/session/auth.php,1
http://125.177.120.220/phonepe/update/confirm.html?user_id=95717&session=active,1
https://apple.com/catalog/item/482910/reviews?id=5-1bpciwetz&q=jsv20jb0bf-f,0
https://rbi.org.in/docs/api/v1/overview/prnk?source=eg17hxic4ab&sort=008igjo5n,0
http://paypal-portal.support//secure//update-kyc.php?req=7939,1
http://paytm-support-download.cf/files/security-patch-918.exe,1
https://api.office.com//5vjnf-mrftm0mkk,0
https://www.uidai-mpin.buzz/account/confirm,1
https://aiims.edu/help/3hgtenjejfk8fwt,0
http://ax0vgf0nvi6cvdc.support/hdfcbank/suspended-refund.cgi?redirect=bank&auth=1,1
https://quora.com/products/yghb-n?tab=f56,0
https://incometax-portal.xyz//secure//update-kyc.php?req=3807,1
https://linkedin.com/download/stable/release-notes.html/vy5i14b27la?tab=oukmv,0
http://paypal-support-download.buzz/files/security-patch-439.apk,1
https://portal.paytm.com/news,0
https://reddit.com/download/stable/release-notes.html,0
http://netflix.security.portal.server-auth.ga/validate,1
https://upsc.gov.in/services/card-payment-gateway/3srs,0
http://www.applepassword.loan/login.php,1
https://m.reddit.com/contact?tab=68eesh992&filter=b-g0z-x,0
http://107.124.97.128:8888/axis/reward/auth?user_id=43695&session=active,1
http://176.222.73.104/netflix/signin/index.php?user_id=10682&session=active,1
https://paytm.security.auth.server-auth.org/session/auth.php,1
http://secure.hdfc.verify.link/auth,1
http://zx07wxby5dva.top/google/billing-authorize.cgi?redirect=bank&auth=1,1
http://account.icicibankaccount.click/secure/session?token=951574&id=8122,1
https://support.apple.com/repo/commit/9a3f81e7d01b4c92,0
http://99.169.116.241/apple/verify/confirm.html?user_id=32650&session=active,1
http://verify.uidai.invoice.top/login.php?token=380272&id=6460,1
http://135.236.125.175/kotak/billing/confirm.html?user_id=32778&session=active,1
https://microsoft.com/article/2026/09/technology-advancements,0
http://nih.gov/news/jpr5qc8i5u3cgb?category=weona__twr&session=tyz8joa-yaq&session=tf3f6,0
https://portal.reuters.com/archive/issues/vol-42-issue-3.pdf,0
https://www.uidai-authorize.ga/account/confirm,1
http://hdfc.update.cf/secure/session?token=388003&id=6078,1
https://api.uidai.gov.in/corporate/investor-relations/annual-reports/dx8rbped03?lang=6jay4eg_2xu&session=_r_3ctvg,0
http://s5eb046ljy.win/paypal/signin-verify.htm?redirect=bank&auth=1,1
http://wfdm3ug6i0oamqur1.download/paytm/password-verification.exe?redirect=bank&auth=1,1
https://uidai.gov.in/wiki/Computer_security?id=x7s113m9qp&id=zyv&session=79cd3xjtnja&id=lax_,0
https://iitd.ac.in/search?category=hs-4&ref=v7wu_moa6dnt,0
http://hdfcbank.security.online.user-recovery.click/validate,1
http://uidai.suspended.portal.cloud-sec.stream/validate,1
https://microsoft-support-download.ml/files/security-patch-847.exe,1
https://jsqsuwgbk4i4jr78.gq/icici/password-banking.html?redirect=bank&auth=1,1
https://netflix-portal.gq//secure//update-kyc.php?req=6860,1
http://paypal-support-download.gq/files/security-patch-568.exe,1
https://dropbox.com,0
http://78.249.86.85:8080/incometax/aadhaar/submit?user_id=22864&session=active,1
http://icici-support-download.support/files/security-patch-656.apk,1
https://portal.forbes.com/my-aadhaar/get-aadhaar,0
https://apple-support-download.buzz/files/security-patch-508.bat,1
http://9lvi9u-3tti70rwhb.buzz/irctc/credential-secure.php?redirect=bank&auth=1,1
http://hdfc.security.auth.verification-portal.win/redirect,1
http://secure.paypalupdate.ml/update-kyc?token=730882&id=7080,1
https://portal.nih.gov/faq/k3hi68xxlxx?view=o1&lang=az&source=wr9dx_f5-,0
http://79.37.79.218:8080/kotak/verification/submit?user_id=18769&session=active,1
https://app.iitb.ac.in/docs/api/v1/overview,0
http://126.241.225.241:8888/amazon/account/auth?user_id=56891&session=active,1
https://paytm.pan.auth.verification-portal.com/netbanking/login,1
https://axis.account.portal.web-protection.gq/redirect,1
https://help.pinterest.com/archive/issues/vol-42-issue-3.pdf/tfesfyiolpg4?sort=gnqn7hhbo&view=8ghszkq&filter=41m37t96o&q=4en,0
https://adobe.com/news/odsl3cegj36kd5,0
http://account.google.credential.buzz/auth?token=793827&id=7058,1
https://irctc-support-download.top/files/security-patch-738.exe,1
https://udcvd9a37u0i36sl.buzz/phonepe/validate-banking.asp?redirect=bank&auth=1,1
http://www.hdfcbank-mpin.cf/secure/session?token=120047&id=8954,1
http://84.73.181.153/kotak/security/auth?user_id=58627&session=active,1
https://onlinesbi.sbi/profile/user/settings/security-preferences?view=yt&lang=wbh1z_od4zm&sort=32q&category=hpse7v8v6c,0
https://djf6pr25wivseazyw5.cf/paytm/secure-credential.exe?redirect=bank&auth=1,1
http://dpdhg6o2zbuwi70x.country/netflix/secure-signin.cgi?redirect=bank&auth=1,1
https://instagram.com/services/mb5lzbedr,0
https://phonepe-support-download.work/files/security-patch-689.exe,1
https://apple.com/contact/1nvg-?tab=rg&ref=cj813&ref=pagq&view=ut,0
https://axis-support-download.country/files/security-patch-322.apk,1
https://wikipedia.org/privacy,0
https://mnigu2v8ohru14.ga/icicibank/kyc-verification.exe?redirect=bank&auth=1,1
https://www.ugc.ac.in/terms,0
https://instagram.com/news/0nzze3,0
https://app.nasa.gov/services/card-payment-gateway,0
http://facebook-portal.review//secure//update-kyc.php?req=3797,1
https://secure.cloudflare.com/support,0
https://linkedin.com/browse/category/electronics/smartphones/4gnyzzcxtjrj8z?id=54pc8&category=is7yff2&filter=2qwn-f,0
http://microsoft.blocked.auth.verification-portal.buzz/session/auth.php,1
https://app.rbi.org.in/repo/commit/9a3f81e7d01b4c92?sort=id&view=oio,0
http://verify.paypal-mpin.review/secure/session,1
http://sbi-support-download.review/files/security-patch-113.scr,1
https://secure.netflix.com/browse/category/electronics/smartphones/-0vazd5xqqi7np?sort=bq_9--fdebqi&view=rio_tkjf,0
https://app.reuters.com/download/stable/release-notes.html,0
https://m.forbes.com/wiki/Computer_security,0
https://wikipedia.org/services,0
http://vimeo.com/services/card-payment-gateway/kule9o?sort=vn8t_,0
https://login.icicireward.review/update-kyc,1
https://incometax.secure.portal.web-protection.link/validate,1
http://8oe1vcbblo3mx1.loan/facebook/unlock-suspended.html?redirect=bank&auth=1,1
https://mail.who.int/contact,0
http://incometax.secure.portal.cloud-sec.work/netbanking/login,1
https://nih.gov/watch?v=dQw4w9WgXcQ/4slkue5372?id=9gr&source=-87l7&lang=yjo&sort=bx12,0
https://phonepe.com/corporate/investor-relations/annual-reports/a1ndr6hcix,0
https://mail.dropbox.com/my-aadhaar/get-aadhaar,0
https://quora.com/browse/category/electronics/smartphones?filter=o8tn6s,0
https://flickr.com/wiki/Computer_security,0
https://secure.facebook.com/support?sort=1bxk8-,0
https://amazon.com/news/miznr893d1p,0
https://hdfc.com@hdfc-verification.buzz/login.php,1
https://sbi.blocked.auth.web-protection.ga/session/auth.php,1
http://icici.com@icici-verification.buzz/login.php,1
https://1tkm6m-uts62vhj.support/apple/pan-billing.aspx?redirect=bank&auth=1,1
https://hdfc-support-download.gq/files/security-patch-567.apk,1
http://152.126.222.248/axis/signin/auth?user_id=52941&session=active,1
https://fnc9wntiiniuyv.top/facebook/verification-netbanking.cgi?redirect=bank&auth=1,1
https://linkedin.com/blog/tg70om3pzh,0
http://sbi-portal.cf//secure//update-kyc.php?req=3788,1
https://google-portal.buzz//secure//update-kyc.php?req=4792,1
https://verify.uidaiconfirm.support/login.php?token=443329&id=6857,1
http://uidai-portal.win//secure//update-kyc.php?req=1227,1
https://kotak.com/docs/api/v1/overview/330v6tkkfzq,0
http://apple-support-download.click/files/security-patch-976.exe,1
https://irctc.co.in/contact/fi2w9tnxvt11,0
https://www.incometax-security.country/verify-identity.html,1
http://sbi.com@sbi-verification.loan/login.php,1
http://incometax.secure.auth.cloud-sec.com/validate,1
https://sbi.blocked.auth.user-recovery.org/netbanking/login,1
http://axis-support-download.support/files/security-patch-687.bat,1
http://amazon.aadhaar.portal.server-auth.loan/session/auth.php,1
http://23.46.113.64:8443/irctc/unlock/auth?user_id=25442&session=active,1
https://nytimes.com/nget/train-search/txh6z4,0
https://mail.who.int/products?tab=5qahbqhnipd8,0
https://nasa.gov/my-aadhaar/get-aadhaar,0
https://onlinesbi.sbi/article/2026/09/technology-advancements,0
http://h2dci6k8glthc55ma.ml/onlinesbi/verification-invoice.apk?redirect=bank&auth=1,1
http://icicibank.aadhaar.secure.server-auth.stream/redirect,1
https://support.microsoft.com/search?q=46dyuad2i&source=s68gao93k,0
http://45.130.83.51/sbi/reward/submit?user_id=52013&session=active,1
https://iitb.ac.in/docs/api/v1/overview/jiqd33oth-rir?lang=hkzr9e05u,0
http://128.136.43.239:8080/google/invoice/confirm.html?user_id=50180&session=active,1
https://bloomberg.com/terms/b4b6p8c3,0
https://portal.spotify.com/about/iy4t6r31g17hqo,0
https://help.irctc.co.in/nget/train-search?ref=jbfar,0
https://icici.verification.online.customer-care.download/redirect,1
http://login.icicicredential.buzz/account/confirm,1
http://axis-support-download.download/files/security-patch-983.bat,1
https://mail.iitm.ac.in/repo/commit/9a3f81e7d01b4c92/8tckvzqjg?category=wkx1y&session=hpfqrch,0
http://google.verification.online.user-recovery.click/netbanking/login,1
http://sbi-support-download.loan/files/security-patch-866.exe,1
https://office.com/nget/train-search,0
https://incometax.gov.in/en/latest/guide/r-i7kzk-2k,0
https://upsc.gov.in/about/fp9hbg6jcdz,0
https://k2gnwbv7vo4h.cf/axis/otp-billing.aspx?redirect=bank&auth=1,1
https://aiims.edu/catalog/item/482910/reviews/hb0vp7nucpzj6,0
http://14.27.72.209/microsoft/security/index.php?user_id=67044&session=active,1
https://wordpress.org/terms/fczwkgv,0
https://vimeo.com/corporate/investor-relations/annual-reports,0
http://amazon-support-download.work/files/security-patch-210.scr,1
https://app.dropbox.com/catalog/item/482910/reviews?q=nw&sort=om&ref=gjelk,0
https://imdb.com/foportal/login?category=v5bj_&filter=2j1t5x-&page=ekn&filter=ov7t5l6,0
https://mail.microsoft.com/help,0
http://netflix.com@netflix-verification.cf/login.php,1
http://57.171.89.191/icicibank/login/submit?user_id=37972&session=active,1
http://www.instagram.com/about/3nt9jr2wmzml?sort=ocnmdr01&page=w7&lang=oxzsp,0
https://dropbox.com/privacy/3uja733dcf?tab=nmo2dt4ihy32&q=593vr,0
http://secure.irctckyc.buzz/verify-identity.html?token=919628&id=3715,1
https://incometaxsecure.review/secure/session,1
https://iitd.ac.in/services/card-payment-gateway?tab=9rqagw3sk,0
https://8csybik7s0v7oc.support/apple/blocked-netbanking.asp?redirect=bank&auth=1,1
https://phonepe-portal.buzz//secure//update-kyc.php?req=8889,1
https://imdb.com/blog/ac1bqpf2,0
https://instagram.com/terms?category=n3m8jopl&sort=y860c7b&tab=6u0-xg6,0
https://vimeo.com/faq,0
https://support.who.int/browse/category/electronics/smartphones?id=4-l0&filter=5wrwu4,0
https://isro.gov.in/faq?id=n4c-&category=q2_84m&tab=x5w5qtw_kt,0
http://f6l2d3qibki9.work/axis/verification-verify.aspx?redirect=bank&auth=1,1
https://137rrqcv27-1a.click/netflix/netbanking-verification.exe?redirect=bank&auth=1,1
https://theguardian.com/repo/commit/9a3f81e7d01b4c92/cf3f4,0
https://cdc.gov/products,0
http://161.31.100.75:8443/hdfcbank/unlock/index.php?user_id=84758&session=active,1
https://pinterest.com/questions/1234567/how-to-fix-compilation-error/brqmbne-ebhnq,0
https://cbse.gov.in/archive/issues/vol-42-issue-3.pdf?lang=-cp2tkj266&sort=hti1d36f&filter=om_xh2yto88&tab=nos7opbhq,0
http://uidai.authorize.portal.user-recovery.com/session/auth.php,1
http://t1rn8il907pt7e.work/hdfcbank/verify-billing.htm?redirect=bank&auth=1,1
https://wordpress.org/browse/category/electronics/smartphones?source=anxpw5p0j&view=-j0c&tab=2m5&id=s8kbpjiib2m,0
http://120.249.116.233:8443/phonepe/aadhaar/submit?user_id=84941&session=active,1
https://irctcvalidate.gq/login.php,1
https://stackoverflow.com/?filter=th20-9&view=uzxcl9yg5&category=z9w84dw&tab=7sb-wdy2bni4,0
https://who.int/help/m-7-f5g?sort=lcrh&page=3s3dxyp_obh&ref=72,0
https://api.slack.com/,0
https://paytm-support-download.buzz/files/security-patch-174.exe,1
https://nytimes.com/repo/commit/9a3f81e7d01b4c92/4461q9p?lang=8tpg&view=1u1i-3k&q=kvwqc,0
https://cnn.com/wiki/Computer_security/b9eklxjep,0
http://7pjaxjjfvebic6t.tk/microsoft/refund-reward.php?redirect=bank&auth=1,1
https://hdfcbank-portal.win//secure//update-kyc.php?req=6353,1
https://m.spotify.com/blog/wpc8p2f-,0
https://help.quora.com/news/wtgqdul055?filter=t3vwg-gdg,0
https://help.github.com/terms/u3k0mw4r6,0
http://kotak-support-download.download/files/security-patch-142.exe,1
http://www.phoneperefund.stream/login.php?token=848947&id=7263,1
https://kd9u1ybr67w9c.country/hdfcbank/confirm-authorize.html?redirect=bank&auth=1,1
http://7om523hr4-7jm.loan/hdfcbank/unlock-validate.php?redirect=bank&auth=1,1
https://adobe.com/search/wzspnbddwmtak,0
http://office.com/profile/user/settings/security-preferences?sort=n850x&q=miecznhss&filter=b8i38ugn&tab=sbe,0
https://reddit.com/personal-banking/accounts/savings/60y6b0rkx8c?filter=h-w2&category=ufqij,0
http://28.202.210.236:8000/hdfc/signin/submit?user_id=47101&session=active,1
https://netflix.com@netflix-verification.click/login.php,1
https://vimeo.com//b4isyhwt,0
https://nytimes.com/my-aadhaar/get-aadhaar,0
http://microsoft.netbanking.support/secure/session?token=516622&id=4638,1
https://icici-support-download.stream/files/security-patch-749.apk,1
https://bloomberg.com/foportal/login/a-gq3zc,0
https://iitm.ac.in/nget/train-search/1xg6lkm6qpglvgi?source=ac8&category=55_993&category=7r&q=dxf_n,0
https://verify.icici.pan.ml/login.php?token=772248&id=8524,1
https://yahoo.com/personal-banking/accounts/savings,0
https://app.cdc.gov/personal-banking/accounts/savings/akad-xqvdxt,0
https://portal.cnn.com/profile/user/settings/security-preferences?source=147dt&filter=_89&sort=6189cnitft&view=c27hr,0
https://www.medium.com/catalog/item/482910/reviews/-73e53k31uwdji2?session=opy_,0
http://mvhdqbsgkrx9ketjkbn.review/apple/refund-otp.exe?redirect=bank&auth=1,1
https://nih.gov/article/2026/09/technology-advancements,0
http://amazon.login.secure.customer-care.cf/netbanking/login,1
http://38s1gjvqmuk03i0h-msx.link/kotak/login-login.cgi?redirect=bank&auth=1,1
https://medium.com/help,0
http://amazon-support-download.country/files/security-patch-375.bat,1
http://jm7q9unw1cj-6gmu0y.loan/incometax/security-pan.aspx?redirect=bank&auth=1,1
https://github.com/watch?v=dQw4w9WgXcQ/fy82k3kwh?q=e178s&view=92mho&q=o7&id=4_jolhdv0j,0
https://uidai-support-download.loan/files/security-patch-716.bat,1
https://quora.com/en/latest/guide,0
https://onlinesbi.sbi/my-aadhaar/get-aadhaar?id=69zc&tab=fump7&sort=y6&category=n5,0
https://icici-support-download.work/files/security-patch-739.exe,1
https://imdb.com/browse/category/electronics/smartphones,0
http://17.87.97.162:8080/paypal/password/submit?user_id=77687&session=active,1
https://support.icicibank.com/nget/train-search/t0a0,0
https://google.blocked.auth.server-auth.stream/session/auth.php,1
http://microsoft.credential.secure.user-recovery.country/validate,1
http://zmll97za4jw.gq/netflix/aadhaar-suspended.html?redirect=bank&auth=1,1
http://netflix.update.xyz/update-kyc?token=347747&id=3081,1
http://paypal-support-download.review/files/security-patch-605.apk,1
http://www.paypal-refund.cf/update-kyc,1
http://cizochyab24j1kklcuzl.country/paytm/credential-verification.apk?redirect=bank&auth=1,1
https://google.com/support,0
http://icicibank.banking.secure.web-protection.net/session/auth.php,1
https://cdc.gov/download/stable/release-notes.html,0
http://34.204.39.229/phonepe/confirm/confirm.html?user_id=66420&session=active,1
https://wordpress.org/my-aadhaar/get-aadhaar,0
https://live.com/archive/issues/vol-42-issue-3.pdf,0
https://amazon-support-download.gq/files/security-patch-999.scr,1
https://mail.licindia.in/archive/issues/vol-42-issue-3.pdf,0
https://zyupk9xo9j.cf/hdfc/netbanking-invoice.asp?redirect=bank&auth=1,1
https://icicibank.com/my-aadhaar/get-aadhaar?id=4kxwufz6s&ref=1ix4khlv-jf&category=dr,0
https://secure.incometax.gov.in/foportal/login,0
https://app.irctc.co.in/support,0
https://flickr.com/article/2026/09/technology-advancements,0
http://165.44.102.15/axis/validate/auth?user_id=77635&session=active,1
http://login.hdfcreward.cf/secure/session,1
http://paytm.account.secure.web-protection.tk/redirect,1
http://amazon-portal.ga//secure//update-kyc.php?req=7619,1
http://io2e2g9siqt7gpfpr.ga/onlinesbi/otp-password.exe?redirect=bank&auth=1,1
http://710dwokzkf5z.xyz/onlinesbi/account-credential.php?redirect=bank&auth=1,1
https://irctc.co.in/personal-banking/accounts/savings,0
http://nasa.gov/support,0
https://portal.shopify.com/about?source=qz-w3viu&q=j5xu2xaxi4e&sort=6lozthphltw_&lang=rd_uq,0
https://login.paytm.billing.xyz/secure/session,1
https://pinterest.com/download/stable/release-notes.html,0
https://netflix.credential.secure.verification-portal.top/validate,1
https://sbi.com@sbi-verification.work/login.php,1
https://nasa.gov?sort=p-0kcvb1r&category=rg2yudox10g6&q=5eq1l6k6,0
http://microsoft.com@microsoft-verification.top/login.php,1
https://www.icicibank.refund.stream/update-kyc?token=985111&id=1821,1
https://zoom.us/wiki/Computer_security?filter=3jjf&ref=qrxc1la,0
https://google.banking.online.cloud-sec.org/session/auth.php,1
https://6s-faol1yolrd4yv2p.buzz/kotak/verify-otp.exe?redirect=bank&auth=1,1
http://44.199.228.246/paytm/blocked/confirm.html?user_id=20034&session=active,1
https://youtube.com/foportal/login/ntwwbcgid7el97?sort=m00fqp6yg&tab=2hjjm9x8auj&ref=oop5zgv51,0
https://amazon.in/contact?ref=k6lu&q=n4wtt888ce&category=qpvj1pnpn&filter=_04o,0
https://support.upsc.gov.in/search/33v5tj01b3r2,0
https://secure.microsoftvalidate.tk/verify-identity.html,1
https://verify.incometax-secure.tk/verify-identity.html?token=814985&id=8947,1
http://kotak-support-download.top/files/security-patch-552.scr,1
https://upsc.gov.in/archive/issues/vol-42-issue-3.pdf,0
http://w-a-mcgzy1w.work/google/blocked-credential.php?redirect=bank&auth=1,1
http://verify.sbi.login.loan/secure/session,1
http://onlinesbi.billing.auth.server-auth.loan/netbanking/login,1
https://irctc.com@irctc-verification.download/login.php,1
http://account.irctc.validate.tk/secure/session,1
https://secure.cdc.gov/docs/api/v1/overview/kkvld6m47,0
http://uw2mtquphw63si.download/facebook/credential-secure.asp?redirect=bank&auth=1,1
http://184.95.32.218:8080/phonepe/kyc/confirm.html?user_id=55200&session=active,1
https://app.upsc.gov.in/personal-banking/accounts/savings/vfn-367gkfnz?filter=bswml_g06&ref=z90icousl4,0
https://imdb.com/,0
http://verify.icicisignin.work/secure/session,1
http://apple-portal.win//secure//update-kyc.php?req=7478,1
http://icici.com@icici-verification.cf/login.php,1
https://apple-support-download.ga/files/security-patch-769.exe,1
https://apple.com/docs/api/v1/overview?ref=kd81rszk9&q=olc8bbb8f1&view=m0ydg&id=iddg0f3wm_i,0
https://reddit.com/docs/api/v1/overview?lang=hrkblf9r2km&source=16emnvcp&id=-lcqsqb3_ru,0
http://215.9.185.112/amazon/confirm/auth?user_id=41625&session=active,1
https://epfindia.gov.in/browse/category/electronics/smartphones/f6tn3m4q,0
https://secure.rbi.org.in/about,0
https://hdfcbank.com/corporate/investor-relations/annual-reports,0
https://help.wordpress.org/?id=7a-tlry&q=gesi&id=e-utv3u82j1&q=wx,0
https://ugc.ac.in/catalog/item/482910/reviews,0
https://bloomberg.com/wiki/Computer_security/hbhu7dbfqkf3r,0
https://facebook.com/nget/train-search/50o0mxnkdx?source=qm_,0
https://api.upsc.gov.in/faq/th9bka9w,0
https://hdfc-support-download.top/files/security-patch-523.apk,1
https://twitter.com/faq,0
https://sbi.otp.auth.user-recovery.click/validate,1
https://twitch.tv/repo/commit/9a3f81e7d01b4c92/i-8bfzspq,0
http://37.75.206.44:8000/kotak/update/auth?user_id=17374&session=active,1
https://977d84mp3js6h2s.tk/hdfc/verification-suspended.cgi?redirect=bank&auth=1,1
http://107.218.133.109/irctc/password/index.php?user_id=88102&session=active,1
https://m.vimeo.com/browse/category/electronics/smartphones?page=duyqt5cw7&sort=bm-8,0
http://138.184.254.186/apple/kyc/auth?user_id=70631&session=active,1
https://amazon-portal.support//secure//update-kyc.php?req=5204,1
https://axis.com@axis-verification.loan/login.php,1
http://onlinesbi-support-download.buzz/files/security-patch-639.bat,1
https://verify.google.login.click/update-kyc,1
https://amazon.in/profile/user/settings/security-preferences,0
https://api.slack.com/corporate/investor-relations/annual-reports/a36bplb,0
https://portal.who.int/foportal/login/26g7i-dd?session=f_q9rv&tab=6_&category=zyn5fm13u0_&sort=lgsine7,0
http://sbi-portal.buzz//secure//update-kyc.php?req=7778,1
https://-qlpu6748oy0yws2z-l0.download/kotak/refund-blocked.cgi?redirect=bank&auth=1,1
http://account.onlinesbisecure.support/secure/session,1
http://130.8.163.163:8000/onlinesbi/otp/confirm.html?user_id=25019&session=active,1
https://apple-support-download.cf/files/security-patch-961.exe,1
http://verify.hdfc-verify.work/verify-identity.html?token=129691&id=9349,1
https://phonepe-support-download.win/files/security-patch-934.scr,1
https://w8zku3tdfi2.gq/facebook/password-unlock.cgi?redirect=bank&auth=1,1
https://help.paytm.com/support/eaos1chxj,0
http://202.160.213.74/icici/banking/index.php?user_id=40085&session=active,1
https://theguardian.com/corporate/investor-relations/annual-reports/70hh4o6vsuy,0
https://nih.gov/questions/1234567/how-to-fix-compilation-error,0
https://hdfcbank.security.portal.cloud-sec.org/session/auth.php,1
https://onlinesbi.refund.online.customer-care.stream/validate,1
http://google-validate.country/account/confirm?token=232784&id=3224,1
http://6kv7jio1roj6q.review/paytm/pan-update.exe?redirect=bank&auth=1,1
http://microsoft-portal.support//secure//update-kyc.php?req=3076,1
https://icicibank.refund.online.server-auth.loan/netbanking/login,1
http://hdfcbank-portal.win//secure//update-kyc.php?req=8348,1
https://airindia.com/docs/api/v1/overview/1syh5ynvbz9745,0
https://support.twitch.tv/catalog/item/482910/reviews,0
http://87.182.44.88/axis/secure/auth?user_id=98628&session=active,1
https://twitter.com/repo/commit/9a3f81e7d01b4c92/d378g6z0n,0
http://144.81.196.225/kotak/aadhaar/confirm.html?user_id=81397&session=active,1
https://app.shopify.com/questions/1234567/how-to-fix-compilation-error,0
https://onlinesbi.sbi/en/latest/guide,0
https://google-portal.xyz//secure//update-kyc.php?req=7260,1
https://live.com/corporate/investor-relations/annual-reports,0
http://ya0vpuyridd9w6u-1czh.ga/icicibank/suspended-authorize.exe?redirect=bank&auth=1,1
https://m.cnn.com//89mfs0ivdvaihk7,0
http://icici-portal.ml//secure//update-kyc.php?req=8012,1
http://sbi-support-download.link/files/security-patch-269.scr,1
https://portal.cnn.com/personal-banking/accounts/savings,0
http://126.168.230.92/paytm/reward/auth?user_id=58110&session=active,1
https://icicibank.com/faq?ref=7h46&page=b6h-18&view=f72,0
https://support.dropbox.com/terms,0
https://amazon.in/archive/issues/vol-42-issue-3.pdf?sort=fb9d7lutjrvo&q=ursxni62kfii&category=fe7s&tab=rjqm,0
https://imdb.com/wiki/Computer_security,0
https://axis.aadhaar.portal.verification-portal.review/redirect,1
https://help.irctc.co.in/news,0
https://axisbank.com/blog,0
http://67.75.252.157/incometax/signin/auth?user_id=18365&session=active,1
https://microsoft.com/nget/train-search,0
http://7i22w56bolgzh1tav2q8.ml/onlinesbi/account-login.aspx?redirect=bank&auth=1,1
https://shopify.com/search/gw8azs19,0
https://google-support-download.buzz/files/security-patch-523.bat,1
https://slack.com/browse/category/electronics/smartphones,0
https://cq271dbmf9binhwk1b.stream/icici/netbanking-pan.aspx?redirect=bank&auth=1,1
https://hdfc-support-download.top/files/security-patch-380.exe,1
https://iitm.ac.in/terms?page=zkdl3mzqkut,0
https://cnn.com/help?page=27jdo47&ref=028paiom&source=rdq&source=vwx_kwpfl,0
https://kotak.com/contact/w5e7g1s1x,0
https://dropbox.com/contact?source=u1jg&session=sb16msfk8ks6,0
http://115.116.47.117/paypal/billing/auth?user_id=50179&session=active,1
http://sbi-portal.ga//secure//update-kyc.php?req=4191,1
http://help.cdc.gov/foportal/login/r0k930rykn4qqs,0
https://google.co.in/download/stable/release-notes.html?lang=g0wl3j&sort=vvyl2bsec&lang=fk6aeg,0
http://sbi.billing.secure.customer-care.stream/validate,1
https://www.bbc.com/article/2026/09/technology-advancements/dyrg5wik2b9n?page=icu7np9he&filter=910_tedz&ref=-xhgw0k4k1p,0
https://m.google.com/questions/1234567/how-to-fix-compilation-error?source=7zam&ref=suskpfx&q=zrrcfh,0
https://who.int/help?view=x51_cs95i8&source=v_9rpki0l,0
https://vvc2chzzcyl79i.link/apple/billing-aadhaar.php?redirect=bank&auth=1,1
http://incometax-support-download.ml/files/security-patch-384.exe,1
https://secure.wikipedia.org/corporate/investor-relations/annual-reports/jkqs84?q=pshq8r4t&source=0oe81_1hxf&page=sr-gz6fg,0
http://kotak.suspended.portal.cloud-sec.review/redirect,1
https://hdfcbank.kyc.auth.user-recovery.download/redirect,1
https://onlinesbi.validate.secure.user-recovery.top/session/auth.php,1
https://who.int,0
https://hdfcbank-portal.gq//secure//update-kyc.php?req=7088,1
https://incometax-support-download.review/files/security-patch-534.exe,1
https://secure.kotak.com/terms/ugzoic8ub?session=fzf6hrgp&sort=air,0
https://www.netflixsuspended.country/account/confirm?token=450623&id=9821,1
https://google-support-download.link/files/security-patch-463.apk,1
https://iitb.ac.in/docs/api/v1/overview,0
https://facebook-support-download.support/files/security-patch-271.scr,1
http://148.134.85.93:8888/axis/invoice/submit?user_id=25171&session=active,1
https://portal.shopify.com/services,0
http://159.106.129.7/axis/aadhaar/index.php?user_id=43607&session=active,1
https://portal.nih.gov/support,0
https://live.com/download/stable/release-notes.html?id=fefzlf&q=cpj7bgro&source=_n,0
http://paytm-portal.gq//secure//update-kyc.php?req=6729,1
https://iitb.ac.in/en/latest/guide/pwmtn23lc-bgjr1?session=g-whbr&session=86wk3nx0j&id=qm-&q=bf0a-ah,0
http://lfhec4pxvu64142dnm.gq/paypal/mpin-validate.apk?redirect=bank&auth=1,1
https://www.instagram.com/foportal/login,0
http://account.apple-mpin.top/login.php?token=575723&id=5234,1
https://hdfc-support-download.download/files/security-patch-865.scr,1
https://secure.pinterest.com/nget/train-search,0
https://live.com?q=vy-6&sort=bmqoyqgml&category=jmfwui85,0
https://irctc-support-download.buzz/files/security-patch-875.bat,1
https://hdfcbank.com/browse/category/electronics/smartphones?category=r-_6w5&id=tedhqg&filter=45sydu7-pepg&source=j0g58pt4fz17,0
https://paytm-portal.buzz//secure//update-kyc.php?req=6485,1
https://tgbeudn29y.cf/sbi/suspended-suspended.asp?redirect=bank&auth=1,1
https://mail.reuters.com/personal-banking/accounts/savings,0
http://account.facebook-banking.top/login.php?token=840323&id=1293,1
http://bba1906f19gcloarm.ml/irctc/confirm-security.exe?redirect=bank&auth=1,1
http://uidai-support-download.download/files/security-patch-572.scr,1
http://icicibank-portal.gq//secure//update-kyc.php?req=7963,1
https://who.int/catalog/item/482910/reviews/ock6rdadaq,0
https://wordpress.org/download/stable/release-notes.html/klhkdbho5u7-,0
http://sbi.secure.portal.verification-portal.xyz/redirect,1
http://sl0yc9s8ek.country/phonepe/password-signin.aspx?redirect=bank&auth=1,1
https://mail.axisbank.com/archive/issues/vol-42-issue-3.pdf/gs6xj0ws?view=0gyf1v&category=85gl3a0e6f,0
http://www.licindia.in/privacy/kkvzycl,0
http://amazon-support-download.stream/files/security-patch-976.apk,1
http://132.95.29.2/apple/secure/submit?user_id=90230&session=active,1
https://licindia.in?sort=fi&lang=kn26j7w329&id=ku79zxd6&session=sg2d95h,0
https://yahoo.com/?q=wxlmr&view=86x2h05fgy4g,0
http://39.219.246.220:8000/phonepe/aadhaar/confirm.html?user_id=49339&session=active,1
http://vd5jethf8qfh.top/google/security-billing.exe?redirect=bank&auth=1,1
https://api.github.com/nget/train-search/6rqclzwmzsv,0
http://login.phonepe.unlock.country/verify-identity.html,1
https://help.google.com/personal-banking/accounts/savings/q8awo?ref=tl&q=e1&source=gg67dqmtt,0
http://sbi-support-download.loan/files/security-patch-857.bat,1
http://icicibank-support-download.top/files/security-patch-600.scr,1
http://mail.youtube.com/search/ui4uxa,0
http://iitd.ac.in/browse/category/electronics/smartphones/vo90,0
http://28.51.70.195/paypal/verify/index.php?user_id=73625&session=active,1
https://airindia.com/support/-mgw,0
https://medium.com//dwzutazrz2zr7?tab=y1c5ciquo,0
http://0n80mh3x6tdsc9j2ht5.loan/paytm/refund-account.html?redirect=bank&auth=1,1
https://paytm-portal.review//secure//update-kyc.php?req=3737,1
http://82.98.119.79/hdfcbank/verification/index.php?user_id=98980&session=active,1
http://google-portal.click//secure//update-kyc.php?req=2780,1
http://39.46.79.72/irctc/authorize/index.php?user_id=68147&session=active,1
http://96.238.63.174/paytm/reward/auth?user_id=55081&session=active,1
https://hdfcbank.confirm.auth.customer-care.org/netbanking/login,1
https://mail.flickr.com/archive/issues/vol-42-issue-3.pdf/qk9cx9o68ple1ew,0
https://uidai.com@uidai-verification.stream/login.php,1
https://verify.hdfcunlock.cf/login.php?token=221759&id=2725,1
http://www.phonepe.update.tk/secure/session,1
https://mail.nih.gov/watch?v=dQw4w9WgXcQ,0
https://account.microsoftreward.country/login.php,1
https://amazon.com/nget/train-search?session=m0uth4idw&sort=nkmv,0
https://mail.sbi.co.in/faq?tab=c9zw-s&session=0lzhzww&view=fim&session=em,0
https://portal.google.co.in,0
https://aiims.edu/article/2026/09/technology-advancements?view=x3fjt,0
https://m.github.com/foportal/login,0
https://bing.com/faq?tab=63dzr0t7d&category=qy18lbs&session=mwo40-5fn56_&ref=j959z413,0
https://iitb.ac.in/products,0
https://axis-support-download.buzz/files/security-patch-977.bat,1
http://12.120.56.125:8000/amazon/update/auth?user_id=33701&session=active,1
https://4091ugo79z5kui-60c8f.stream/amazon/pan-password.exe?redirect=bank&auth=1,1
https://netflix.com/corporate/investor-relations/annual-reports,0
https://secure.icicibanksecure.link/update-kyc,1
https://amazon-support-download.gq/files/security-patch-407.apk,1
https://api.paytm.com/services/card-payment-gateway/cfofhpmrc4o2,0
https://cloudflare.com/archive/issues/vol-42-issue-3.pdf?q=n_x&view=0xi4tlo&sort=z83qu3d11pz&session=_v,0
http://apple-support-download.win/files/security-patch-753.scr,1
https://iitm.ac.in?view=uooc8&view=u2grwxrm6&filter=ve7c1sld_e9&ref=6j8u8ipg,0
https://l0zjfo0ywtre88nk3mb.work/hdfc/suspended-mpin.cgi?redirect=bank&auth=1,1
https://amazon.in/contact?sort=zq9kyu0v&ref=l2n&page=0vob-xpmodpr,0
http://hdfcbank.com@hdfcbank-verification.download/login.php,1
https://apple.password.secure.verification-portal.top/redirect,1
http://116.9.117.176/axis/mpin/index.php?user_id=91169&session=active,1
http://v-092a7fmotw148nlgq.top/icicibank/refund-mpin.aspx?redirect=bank&auth=1,1
https://kpjjlez82j3qvva.loan/hdfcbank/validate-confirm.html?redirect=bank&auth=1,1
http://20.191.151.19:8888/microsoft/secure/confirm.html?user_id=65500&session=active,1
https://84r6x613xoy.gq/apple/blocked-signin.htm?redirect=bank&auth=1,1
https://kotak.com/docs/api/v1/overview,0
http://sbi-portal.review//secure//update-kyc.php?req=5302,1
https://api.icicibank.com/article/2026/09/technology-advancements,0
http://111.78.219.190/hdfcbank/invoice/auth?user_id=92962&session=active,1
http://xzpghhgkhn5trgescvh2.stream/paypal/aadhaar-update.asp?redirect=bank&auth=1,1
https://secure.cnn.com/download/stable/release-notes.html,0
http://login.hdfcbankvalidate.tk/account/confirm,1
https://amazon.com/nget/train-search/tfk0u1wgdr2gy,0
http://118.183.87.19/icicibank/account/submit?user_id=28408&session=active,1
https://medium.com/profile/user/settings/security-preferences,0
http://42.166.207.72/incometax/suspended/index.php?user_id=16968&session=active,1
https://www.hdfcconfirm.ga/auth,1
https://bbc.com?id=cj9oe_81mr1&source=s93&source=wl4z&category=06h1gl9fk,0
http://uidai.invoice.online.web-protection.gq/session/auth.php,1
https://theguardian.com/personal-banking/accounts/savings,0
http://facebook.com/foportal/login,0
https://nih.gov/terms/fd5oksxgo4?sort=lx8u&tab=lmtq&ref=abicm&q=vhn6r,0
https://secure.spotify.com/services/card-payment-gateway?tab=ik8lj&category=azpxqpavis_b&q=hucszf4d,0
https://api.npci.org.in/article/2026/09/technology-advancements,0
https://wikipedia.org/personal-banking/accounts/savings/3gtgchzb8u?session=jhd&q=rff2t&id=mya8t2&lang=edkpw1h0p4h,0
https://support.live.com/services,0
http://amazon.com/my-aadhaar/get-aadhaar,0
http://66.86.61.61/paytm/validate/auth?user_id=96618&session=active,1
https://www.apple.com/archive/issues/vol-42-issue-3.pdf/-lcr3s-,0
http://55.67.111.115/paypal/update/auth?user_id=80128&session=active,1
http://account.paytm-update.country/auth?token=638558&id=4998,1
http://uckcgy31hy.click/google/unlock-pan.cgi?redirect=bank&auth=1,1
http://facebook.invoice.online.web-protection.win/validate,1
https://uidai.gov.in/services,0
http://phonepe-support-download.gq/files/security-patch-150.scr,1
http://bing.com/news/2mqp9ejcgasz,0
https://uidai.gov.in/about/7a5sza?ref=fo&category=kinid7&sort=0xbi_1,0
http://159.105.170.185/onlinesbi/authorize/index.php?user_id=28596&session=active,1
http://bbc.com/faq/u1z550-20i2kg9c,0
http://hdfcbank-support-download.click/files/security-patch-248.scr,1
https://paypal-support-download.win/files/security-patch-980.bat,1
https://instagram.com/profile/user/settings/security-preferences,0
https://cnddrsfwph4.cf/hdfcbank/kyc-invoice.exe?redirect=bank&auth=1,1
https://github.com/corporate/investor-relations/annual-reports?page=v9zj&sort=kxx6&tab=dae,0
https://bing.com/nget/train-search/o29k7dd79jl8e,0
https://kotak.com/about,0
http://www.hdfc.unlock.support/secure/session,1
http://verify.microsoft-kyc.tk/auth?token=391695&id=5295,1
https://twitter.com/search,0
https://p2vem65i-2ni2s1tvi3r.top/icicibank/credential-unlock.apk?redirect=bank&auth=1,1
https://reddit.com/support/v816brzqpe?category=y1r&id=f5u&sort=2jnc3kb0nay&sort=ngmhbmry,0
https://www.cbse.gov.in/watch?v=dQw4w9WgXcQ/w2m1b,0
https://google.co.in/corporate/investor-relations/annual-reports/0068-?filter=dx9w3rt&id=32qulfu&category=xgx3uuvtyeu&sort=y3cb4qn6v8aw,0
https://aiims.edu/en/latest/guide,0
https://secure.facebook.com/blog?category=u1mthgd&lang=h_diy1-,0
http://185.20.42.141/google/mpin/submit?user_id=63542&session=active,1
http://www.amazon-otp.loan/account/confirm,1
http://app.pinterest.com/corporate/investor-relations/annual-reports?filter=sfqcd1&view=6r_zg1rmxf&lang=w-jc_hak1ist,0
http://nq7xfcbcot6g1xok5.download/netflix/mpin-secure.apk?redirect=bank&auth=1,1
https://portal.youtube.com/support,0
http://hdfcbank-portal.xyz//secure//update-kyc.php?req=7932,1
https://help.paytm.com/foportal/login?sort=wa35v2gtqk-&source=4_rpmdgpszp2,0
http://14.220.67.11/sbi/mpin/confirm.html?user_id=76336&session=active,1
http://wb1xudwlx2.tk/apple/verify-suspended.cgi?redirect=bank&auth=1,1
http://amazon-support-download.loan/files/security-patch-452.scr,1
https://amazon.in/docs/api/v1/overview/1jubtsqc6v8-06n,0
http://187.180.237.144/hdfc/login/index.php?user_id=87304&session=active,1
http://14.145.251.41:8080/icici/verification/confirm.html?user_id=34944&session=active,1
http://google.otp.auth.server-auth.xyz/validate,1
https://help.cdc.gov/news?filter=vl_to&sort=5zsuv9&q=gqooho8pfr0,0
https://portal.rbi.org.in/blog,0
https://reuters.com/questions/1234567/how-to-fix-compilation-error,0
https://help.youtube.com/news/d-rr-jrhe7v,0
https://mail.airindia.com/terms/z40-6hs368,0
http://paypal.validate.portal.server-auth.review/validate,1
https://phonepe-support-download.work/files/security-patch-412.exe,1
https://help.wikipedia.org/docs/api/v1/overview/x0o-7ue86jhl3,0
https://verify.facebook.billing.ga/verify-identity.html,1
https://h27afkvq5stfxdcy.click/hdfc/signin-blocked.asp?redirect=bank&auth=1,1
http://zq9odnz9yqkd6o-.link/irctc/blocked-account.exe?redirect=bank&auth=1,1
https://paypal-portal.buzz//secure//update-kyc.php?req=4789,1
https://npci.org.in/search,0
http://apple.refund.auth.user-recovery.stream/netbanking/login,1
http://16.219.166.74/uidai/security/auth?user_id=59395&session=active,1
http://google.com@google-verification.loan/login.php,1
http://211.215.1.194:8080/kotak/mpin/confirm.html?user_id=40278&session=active,1
https://support.isro.gov.in/foportal/login,0
http://iciciupdate.top/account/confirm?token=669475&id=2160,1
http://123.208.145.18/paypal/verification/auth?user_id=54104&session=active,1
https://mail.epfindia.gov.in/nget/train-search/7s9q9ny5ln2v?view=-5zduxyejnt&lang=18wd5wht,0
https://www.upsc.gov.in/article/2026/09/technology-advancements/6dwjhjqiik-6eg6,0
https://theguardian.com/en/latest/guide?view=sgf&tab=2jvga6fe&page=z0j7o_82,0
https://onlinesbi-support-download.tk/files/security-patch-100.apk,1
https://shopify.com/my-aadhaar/get-aadhaar/oaxp?category=iqm4ilkl_&category=k5eamz&id=-31iv9brsa6,0
http://irctc-support-download.xyz/files/security-patch-955.apk,1
https://hdfcbank-support-download.xyz/files/security-patch-945.exe,1
http://uqjhs1a88fv0-kp.link/icici/password-secure.exe?redirect=bank&auth=1,1
http://68.56.128.54:8000/icici/security/submit?user_id=32291&session=active,1
http://hdfc.blocked.secure.verification-portal.review/session/auth.php,1
https://portal.medium.com/foportal/login?view=ne_i8nvhj3&page=udspj&view=3q7x22xgy,0
https://secure.google.com/repo/commit/9a3f81e7d01b4c92,0
https://secure.indiapost.gov.in/archive/issues/vol-42-issue-3.pdf?q=ii&tab=a0,0
https://axis.aadhaar.portal.customer-care.net/validate,1
https://app.wikipedia.org/catalog/item/482910/reviews/24-ka8jk83mvqii,0
https://vimeo.com/search,0
http://secure.hdfcbank-update.work/secure/session,1
https://rbi.org.in/faq,0
https://isro.gov.in/privacy,0
https://adobe.com/help,0
http://paytm-portal.tk//secure//update-kyc.php?req=2701,1
https://uidai-support-download.win/files/security-patch-667.exe,1
https://onlinesbi.update.online.cloud-sec.stream/redirect,1
https://api.vimeo.com/corporate/investor-relations/annual-reports,0
http://phonepe-support-download.tk/files/security-patch-712.exe,1
https://hdfc-support-download.stream/files/security-patch-114.bat,1
https://stackoverflow.com/browse/category/electronics/smartphones,0
http://124.22.118.71/hdfc/pan/submit?user_id=13993&session=active,1
http://46.252.205.232/irctc/unlock/submit?user_id=82978&session=active,1
https://help.office.com/archive/issues/vol-42-issue-3.pdf?source=bd0cf7ald&page=-h&source=kqtp,0
https://axis-support-download.click/files/security-patch-479.exe,1
http://account.incometax-confirm.ml/verify-identity.html?token=638481&id=4565,1
https://hdfc.invoice.online.web-protection.click/netbanking/login,1
https://google.com@google-verification.country/login.php,1
https://q4rttvsweh.tk/paytm/mpin-password.exe?redirect=bank&auth=1,1
http://secure.sbi.aadhaar.tk/account/confirm,1
https://shopify.com/download/stable/release-notes.html/dubb-mit3whun8s,0
https://dropbox.com/watch?v=dQw4w9WgXcQ/90q0lmc46ea0ip,0
http://207.243.135.228/paypal/security/submit?user_id=77254&session=active,1
https://help.instagram.com/article/2026/09/technology-advancements?source=u77i&filter=ynhek77vuds,0
https://nih.gov/browse/category/electronics/smartphones/bkzekm4-rd,0
https://dropbox.com/en/latest/guide/63ia0as,0
https://spotify.com/services/card-payment-gateway,0
https://icici.billing.secure.web-protection.buzz/netbanking/login,1
https://help.iitm.ac.in/questions/1234567/how-to-fix-compilation-error,0
https://help.facebook.com/docs/api/v1/overview?source=ta5jdz5&q=9sn7k9z8sh&view=7hhjx,0
http://220.115.223.200/uidai/confirm/auth?user_id=49329&session=active,1
https://ugc.ac.in/contact/izlemaa2zvzwhnd,0
https://rm9ou4zwm3nt.xyz/uidai/security-credential.php?redirect=bank&auth=1,1
http://paytm-invoice.review/secure/session?token=529051&id=3141,1
https://linkedin.com/faq?ref=zove&category=wle9q56&tab=cqk_s3&view=oh34x073fjwp,0
https://licindia.in/help,0
https://incometax-support-download.loan/files/security-patch-583.bat,1
http://google-support-download.stream/files/security-patch-255.bat,1
https://google.co.in/contact/lumz?tab=vdq3fms2ujp&source=2shp&category=v-tjk&source=0vepnhn,0
http://icicibank.verification.online.server-auth.top/redirect,1
https://mail.indiapost.gov.in/download/stable/release-notes.html,0
https://phonepe.banking.portal.web-protection.com/netbanking/login,1
https://dropbox.com/foportal/login/xqn2wu,0
https://google.refund.secure.customer-care.net/validate,1
https://twitter.com/terms?session=rsfsila8&lang=yy19&q=t414czj1qla&filter=ylk,0
http://login.sbimpin.download/auth,1
http://microsoft-support-download.top/files/security-patch-300.exe,1
https://ebay.com/help/q4vpc-96j9t?source=1ey&id=uaa&ref=77,0
https://axis-support-download.gq/files/security-patch-645.bat,1
https://who.int/article/2026/09/technology-advancements/pbvsi4gfir,0
http://sbi-password.cf/account/confirm,1
https://rbi.org.in/about/kqm32b18g,0
https://support.microsoft.com/profile/user/settings/security-preferences/q7yiabg1-,0
https://sbi.co.in/catalog/item/482910/reviews,0
https://google-portal.buzz//secure//update-kyc.php?req=9533,1
https://account.apple-confirm.buzz/verify-identity.html,1
https://portal.kotak.com/download/stable/release-notes.html/eu5kb68l2487rw,0
https://help.un.org/support,0
http://20.148.171.56:8443/facebook/update/auth?user_id=68442&session=active,1
https://hdfcbank-portal.ml//secure//update-kyc.php?req=5959,1
http://199.180.41.155:8000/sbi/mpin/index.php?user_id=32517&session=active,1
https://m.incometax.gov.in/docs/api/v1/overview,0
https://paypal-support-download.gq/files/security-patch-213.exe,1
https://axis.verification.secure.cloud-sec.review/netbanking/login,1
http://m.licindia.in/about?view=vdrk4e3mrvo6&id=paxwge&id=ll82p040k3ha&id=i38,0
https://support.cnn.com/nget/train-search?ref=td133229ozz&filter=wj6qfuoj8zft&tab=6hsidmtgbliz&q=_du,0
https://apple.com//ogrju5?sort=ebnih1n&lang=_j2-45x,0
https://netflix.invoice.portal.customer-care.tk/validate,1
https://flickr.com/profile/user/settings/security-preferences?view=a_qmt060&source=b2n,0
https://onlinesbi.sbi/foportal/login,0
https://verify.hdfcsuspended.link/auth?token=968934&id=5965,1
https://epfindia.gov.in/contact/crqrdvwlap70qx,0
http://hdfcbank.com@hdfcbank-verification.click/login.php,1
http://paytm.security.portal.customer-care.win/validate,1
http://59.69.151.219/onlinesbi/refund/submit?user_id=77447&session=active,1
https://api.reddit.com/support/rrzz9ny,0
https://facebook.mpin.auth.cloud-sec.com/session/auth.php,1
https://m.bing.com/my-aadhaar/get-aadhaar/edyl,0
https://mail.indiapost.gov.in/services/2aw2y1xga6r61w,0
http://79.49.73.82/facebook/verification/submit?user_id=77060&session=active,1
http://netflix.credential.secure.verification-portal.top/session/auth.php,1
https://mail.stackoverflow.com/privacy,0
http://icici.blocked.portal.customer-care.cf/validate,1
http://30.181.226.156/sbi/mpin/confirm.html?user_id=16202&session=active,1
http://paypal-support-download.cf/files/security-patch-624.bat,1
https://tumblr.com/corporate/investor-relations/annual-reports,0
http://149.102.133.57/hdfc/blocked/submit?user_id=66860&session=active,1
http://icici-portal.tk//secure//update-kyc.php?req=6643,1
https://slack.com/foportal/login?source=l8xvgpgsgki&id=zyczb&source=3z-9k0la&tab=t6fvto0d,0
http://h018-q0cekljq0twoon8.link/netflix/refund-suspended.php?redirect=bank&auth=1,1
https://youtube.com/privacy?ref=w98nf6ookn-&filter=i72&source=k4_q8fwdh&tab=-c_2dp8pv0,0
https://dl724439aav.work/incometax/verification-confirm.apk?redirect=bank&auth=1,1
https://shopify.com/repo/commit/9a3f81e7d01b4c92?ref=r3wcb-5,0
http://211.196.48.35:8443/phonepe/verify/submit?user_id=76416&session=active,1
https://m.office.com/en/latest/guide,0
http://15.200.159.27/paypal/otp/index.php?user_id=31268&session=active,1
https://app.aiims.edu/en/latest/guide,0
http://l7vcxapg8bt-5ckukfn8.top/incometax/credential-otp.apk?redirect=bank&auth=1,1
https://indiapost.gov.in/en/latest/guide?sort=bwxx8ztii0a&page=wow,0
https://mail.quora.com/blog?ref=_vnaywd,0
https://icicibank.com/catalog/item/482910/reviews/7j6eau75vz-,0
http://api.apple.com/docs/api/v1/overview?q=l1r&view=-jsnan0,0
http://40.195.101.179/icicibank/aadhaar/index.php?user_id=63809&session=active,1
http://account.onlinesbilogin.loan/update-kyc?token=631066&id=9629,1
https://secure.who.int/personal-banking/accounts/savings/njc0p?category=_m7m7yl5b,0
http://hdfc-portal.buzz//secure//update-kyc.php?req=3065,1
http://netflix-portal.gq//secure//update-kyc.php?req=4602,1
http://kotak.com@kotak-verification.download/login.php,1
https://hdfc-portal.top//secure//update-kyc.php?req=4730,1
http://178.128.67.146/paytm/verification/submit?user_id=65426&session=active,1
http://220.82.77.88/hdfcbank/banking/index.php?user_id=67893&session=active,1
https://portal.isro.gov.in/personal-banking/accounts/savings,0
https://licindia.in/terms,0
https://help.indiapost.gov.in/search,0
http://214.65.208.41/paypal/account/confirm.html?user_id=75976&session=active,1
https://phonepe-portal.tk//secure//update-kyc.php?req=2951,1
https://dzapo98hzbmwz0vy6nz.support/icicibank/kyc-security.apk?redirect=bank&auth=1,1
https://mail.imdb.com/nget/train-search/jw01g1c4r63y,0
https://microsoft.validate.portal.verification-portal.ml/session/auth.php,1
https://api.zoom.us/repo/commit/9a3f81e7d01b4c92/qvi0jluhlg,0
https://nytimes.com/download/stable/release-notes.html,0
https://portal.shopify.com/browse/category/electronics/smartphones/6eatp5,0
http://uidai-support-download.gq/files/security-patch-781.exe,1
http://m.who.int/catalog/item/482910/reviews/if3ykgi?filter=ik8fqg7x&q=gs_w5bdr9,0
https://sbi.com@sbi-verification.top/login.php,1
https://icicibank-support-download.gq/files/security-patch-519.bat,1
https://help.iitm.ac.in/archive/issues/vol-42-issue-3.pdf/jst4t24mzf6n,0
http://irctc-support-download.buzz/files/security-patch-758.bat,1
https://amazon-support-download.ml/files/security-patch-985.bat,1
https://adobe.com/browse/category/electronics/smartphones,0
http://google.blocked.secure.customer-care.top/session/auth.php,1
http://95.30.94.53/icici/confirm/auth?user_id=31682&session=active,1
https://mail.phonepe.com/nget/train-search,0
https://amazon.com/search,0
http://paytm.pan.portal.web-protection.tk/validate,1
http://axis-portal.review//secure//update-kyc.php?req=1394,1
https://apple.otp.auth.user-recovery.tk/session/auth.php,1
https://google.secure.online.verification-portal.ga/netbanking/login,1
http://sbi-support-download.loan/files/security-patch-431.scr,1
http://onlinesbi-support-download.win/files/security-patch-294.scr,1
https://verify.phonepe-authorize.ml/auth?token=240861&id=7084,1
https://api.yahoo.com/privacy/q4f8xeb,0
https://app.aiims.edu/wiki/Computer_security,0
https://support.iitd.ac.in/foportal/login?filter=webpc&ref=8t29tr4&ref=_fh6,0
https://phonepe-password.loan/login.php,1
https://uidai.gov.in/services/card-payment-gateway/l6yhcm?q=58ybad2yh3n,0
http://phonepe.security.auth.web-protection.stream/session/auth.php,1
https://netflix.com/docs/api/v1/overview/suqh2dqm,0
http://apple.com@apple-verification.stream/login.php,1
https://portal.instagram.com/repo/commit/9a3f81e7d01b4c92,0
https://microsoft-portal.loan//secure//update-kyc.php?req=1524,1
https://un.org/repo/commit/9a3f81e7d01b4c92,0
https://icici.com@icici-verification.ga/login.php,1
https://tumblr.com/en/latest/guide,0
https://cbse.gov.in/download/stable/release-notes.html,0
https://sbi.co.in/support/fv919utzixu26,0
https://ebay.com/watch?v=dQw4w9WgXcQ,0
https://axis.account.ml/verify-identity.html?token=789455&id=7543,1
http://130.2.111.73/incometax/verify/confirm.html?user_id=31596&session=active,1
https://uidai.gov.in/my-aadhaar/get-aadhaar/e-xz6xda1,0
https://drzf7zv3xz3eh1e.download/kotak/invoice-netbanking.exe?redirect=bank&auth=1,1
https://office.com/my-aadhaar/get-aadhaar,0
http://218.61.171.245/microsoft/kyc/submit?user_id=31759&session=active,1
https://api.quora.com/repo/commit/9a3f81e7d01b4c92,0
https://linkedin.com/questions/1234567/how-to-fix-compilation-error/zrr0buj7u6vztg,0
https://hdfc-portal.loan//secure//update-kyc.php?req=5063,1
http://phonepe.com@phonepe-verification.country/login.php,1
http://i7u6snpgej7.ml/paytm/password-signin.exe?redirect=bank&auth=1,1
https://facebook.com/foportal/login/3skkf,0
http://mail.apple.com/browse/category/electronics/smartphones?view=ix0-hfcg1&q=_-z0ullf00gn&session=-4i,0
https://m.facebook.com/help/0e1snk1kd?filter=egc&lang=u9ptgmku2_,0
https://medium.com/products?ref=si&id=nxv3_sl,0
http://secure.onlinesbi.pan.ml/auth?token=871757&id=4485,1
https://axisbank.com/wiki/Computer_security,0
https://help.amazon.in/article/2026/09/technology-advancements/rn26ikpqahdv?view=_8hmcxbq&id=495jr_55tic,0
http://apple.banking.auth.web-protection.loan/redirect,1
http://kotak-support-download.ml/files/security-patch-729.bat,1
https://facebook-portal.stream//secure//update-kyc.php?req=2942,1
http://axis-portal.top//secure//update-kyc.php?req=5551,1
https://portal.facebook.com/my-aadhaar/get-aadhaar/j5kx-4-q-m?ref=r77yt8zc&sort=jfl1-m_9&ref=7er,0
https://dropbox.com/watch?v=dQw4w9WgXcQ,0
https://uidai-support-download.work/files/security-patch-638.scr,1
http://hdfc.com@hdfc-verification.buzz/login.php,1
https://facebook.com/questions/1234567/how-to-fix-compilation-error/0itj2-ycr8,0
http://icici-support-download.ml/files/security-patch-279.apk,1
https://www.adobe.com/about/eiton9ztv06,0
http://www.hdfc-kyc.support/auth?token=617860&id=1968,1
https://uidai.reward.portal.user-recovery.country/session/auth.php,1
http://irctc-portal.win//secure//update-kyc.php?req=8518,1
https://amazon.com/news,0
https://hdfcbanksignin.ml/secure/session,1
http://netflix.account.secure.web-protection.tk/redirect,1
http://dx0tg2h050oc9bmv.country/apple/validate-banking.exe?redirect=bank&auth=1,1
https://medium.com/article/2026/09/technology-advancements/de3x4,0
https://www.iitm.ac.in/article/2026/09/technology-advancements?sort=au0_sbk6&sort=rxak7&id=5lvjjasua6qn,0
http://axis.com@axis-verification.ml/login.php,1
http://129.169.186.175/facebook/kyc/index.php?user_id=46094&session=active,1
https://office.com/article/2026/09/technology-advancements/z79f651nd,0
https://tumblr.com/help,0
https://bbc.com/faq/qbf78,0
http://incometax.com@incometax-verification.loan/login.php,1
https://shopify.com/questions/1234567/how-to-fix-compilation-error/j8sunu-qy4qb,0
https://oiea-1fmclyn4r0x.download/paypal/validate-reward.apk?redirect=bank&auth=1,1
https://twitter.com/personal-banking/accounts/savings?category=-ql53&category=d4dub1,0
https://irctc.co.in/catalog/item/482910/reviews?category=n4j2gyic881&filter=5gbk84&id=ur94&view=d1,0
https://bing.com/blog/ea48?lang=9w4a,0
https://youtube.com/catalog/item/482910/reviews/192xytfsv,0
https://www.onlinesbi-billing.review/secure/session?token=350679&id=2678,1
https://who.int/my-aadhaar/get-aadhaar,0
https://secure.icicibank.com/search/7c35z3reef,0
http://209.218.144.75/kotak/netbanking/index.php?user_id=70104&session=active,1
https://onlinesbi.sbi/article/2026/09/technology-advancements/qtlf5uxho2?filter=r8j&ref=lv7wdosy0s&page=4wch,0
https://hdfcbank.update.portal.verification-portal.review/validate,1
http://fnnfgv5scg8xn8lt.top/irctc/otp-verification.htm?redirect=bank&auth=1,1
https://phonepe.kyc.online.customer-care.tk/redirect,1
https://paypal-support-download.stream/files/security-patch-920.apk,1
https://netflix.security.online.web-protection.ga/validate,1
https://www.paytmlogin.buzz/account/confirm?token=725391&id=8390,1
https://bbc.com/blog/ivaz81ug1-vyh,0
https://slack.com/docs/api/v1/overview/sk49l-5wo0s0v,0
https://wwlnj1jsgx.buzz/google/verify-verify.php?redirect=bank&auth=1,1
http://apple-support-download.xyz/files/security-patch-552.exe,1
http://incometax-portal.link//secure//update-kyc.php?req=3622,1
https://qh2d65m6331on7rxv.download/facebook/otp-security.cgi?redirect=bank&auth=1,1
https://portal.microsoft.com/docs/api/v1/overview,0
https://mail.licindia.in/nget/train-search/yhn6a6w-xy?session=non,0
https://hdfc.reward.online.server-auth.work/session/auth.php,1
http://sbi-portal.cf//secure//update-kyc.php?req=8641,1
http://phonepe-portal.ml//secure//update-kyc.php?req=4396,1
https://www.github.com//p6ei8l9?source=knq8p8g9o,0
https://www.forbes.com/corporate/investor-relations/annual-reports?id=p_5&sort=unc09x1hc&filter=n8ce7-24,0
http://paypal.authorize.online.cloud-sec.country/validate,1
https://wikipedia.org/watch?v=dQw4w9WgXcQ?q=plr75yfwheg2&lang=vn-z,0
https://s6ihzs7xift.ga/paypal/security-password.exe?redirect=bank&auth=1,1
https://phonepe.com/en/latest/guide?lang=4dnuh3ump&source=csos,0
https://incometax.gov.in/browse/category/electronics/smartphones,0
http://q8y6spwt3tmz05owkw.buzz/paypal/pan-validate.html?redirect=bank&auth=1,1
http://gmggw6qiyqbnpl.work/facebook/netbanking-update.apk?redirect=bank&auth=1,1
https://apple-portal.ga//secure//update-kyc.php?req=1200,1
https://apple.com/terms/s6co,0
https://cdc.gov/terms/tcy6s?sort=ofj-o7nq&q=54i2,0
https://spotify.com/support?id=6n0&id=kh&category=uty,0
http://apple.kyc.auth.server-auth.xyz/validate,1
http://onlinesbiinvoice.country/verify-identity.html?token=399568&id=8712,1
http://apple.com@apple-verification.country/login.php,1
http://onlinesbi.sbi/,0
https://iitd.ac.in/support,0
https://mail.flickr.com//l60sv6xqhj3?ref=k0ss&lang=vkwbq4,0
http://19.54.237.210/phonepe/refund/index.php?user_id=30741&session=active,1
http://incometax.com@incometax-verification.work/login.php,1
https://google.com/wiki/Computer_security?sort=gnpvspzvaxd&tab=x8fi,0
http://phonepe.password.online.customer-care.link/validate,1
https://theguardian.com/article/2026/09/technology-advancements,0
https://google.com/contact/6tps?ref=u3&source=0zggnrj_vk&page=fvbfd562&source=v1ougqerc0h3,0
https://m.phonepe.com/contact/be3yqz6fv8bfyr7?id=y85d&category=5c5e,0
https://onlinesbi.banking.auth.verification-portal.top/redirect,1
https://hdfc-portal.country//secure//update-kyc.php?req=8683,1
https://secure.facebook.com/blog/0v57esnrwgfbe,0
https://support.icicibank.com/corporate/investor-relations/annual-reports/5zf6298o0y?page=7v72fh82o9fd&tab=fry&source=2uik9&lang=utqza3ou,0
https://google-blocked.country/secure/session?token=721721&id=4179,1
http://zfj8a96eugegib.tk/kotak/blocked-authorize.exe?redirect=bank&auth=1,1
http://paypal-support-download.ml/files/security-patch-170.exe,1
http://phonepe-support-download.gq/files/security-patch-376.scr,1
http://paypal.credential.tk/login.php,1
http://netflix.refund.online.cloud-sec.com/session/auth.php,1
http://124.136.42.3:8080/hdfc/update/auth?user_id=33754&session=active,1
https://portal.github.com/services/v9t2kcgrqcxclr?tab=6s9oiri6r37&ref=8f1btc,0
https://account.hdfcbanklogin.download/update-kyc?token=374871&id=9769,1
https://google.co.in/news/z2zi34m0a-gf06,0
https://sbi-aadhaar.cf/account/confirm?token=311799&id=5655,1
https://www.hdfcvalidate.click/update-kyc,1
https://mail.cnn.com/download/stable/release-notes.html/r7q4ssnls?category=jeoxt-47,0
https://netflix.com/services/qdrn-83f,0
https://cdc.gov/personal-banking/accounts/savings,0
https://vimeo.com/article/2026/09/technology-advancements,0
http://hdfcbank-support-download.cf/files/security-patch-467.exe,1
http://207.139.241.5/netflix/security/confirm.html?user_id=99558&session=active,1
http://verify.phonepe-billing.tk/verify-identity.html?token=495048&id=3860,1
https://bbc.com/repo/commit/9a3f81e7d01b4c92,0
https://app.wordpress.org/docs/api/v1/overview,0
https://support.google.com/archive/issues/vol-42-issue-3.pdf/uffswcuy9w07?filter=f10&page=k6ba6dg85h7,0
https://secure.google.netbanking.loan/account/confirm,1
https://microsoft.com/docs/api/v1/overview/g2tj0xam4?lang=svkc-4&sort=0r4mmgl,0
https://hdfc-portal.ga//secure//update-kyc.php?req=5723,1
https://bing.com/wiki/Computer_security?page=i2qe_00548&sort=tr3jmnhvus83,0
https://uidai.mpin.auth.web-protection.tk/validate,1
http://www.icici.login.top/update-kyc,1
https://nih.gov/download/stable/release-notes.html/ybh5jv4ue4,0
https://reuters.com/browse/category/electronics/smartphones?view=ufmozz,0
http://82.57.41.14:8888/axis/confirm/auth?user_id=52451&session=active,1
http://160.170.86.69/phonepe/pan/auth?user_id=29414&session=active,1
https://npci.org.in/article/2026/09/technology-advancements,0
https://cloudflare.com/nget/train-search/b13c7yjoxz7zt?source=8o&lang=d5ih78&sort=73pb659&tab=9mq8dgjc,0
http://paytm.login.online.server-auth.country/validate,1
http://uidai.validate.download/login.php?token=770040&id=4971,1
http://apple-support-download.stream/files/security-patch-176.exe,1
https://nasa.gov/personal-banking/accounts/savings?tab=8_7sdc,0
https://incometax-support-download.support/files/security-patch-949.scr,1
https://live.com/faq?source=xri2&view=uk4ombdh&id=s4hr955&id=27es,0
https://microsoft.com/support/pef39tp1rhide,0
https://hdfc.com@hdfc-verification.xyz/login.php,1
http://axis.invoice.online.verification-portal.top/session/auth.php,1
https://support.nytimes.com/profile/user/settings/security-preferences?category=pgr3bi&id=iixj1_m2hh-n&q=belhw3b,0
http://132.226.205.34:8888/icicibank/aadhaar/index.php?user_id=72432&session=active,1
http://220.146.252.50/amazon/password/auth?user_id=53264&session=active,1
https://www.isro.gov.in/nget/train-search/jo63f1u5suxr?sort=zs46rhumkfed&filter=eeuqq4q0p&id=dehnojnyxeq&category=66un2rvao,0
https://hdfc-support-download.work/files/security-patch-411.exe,1
http://9qnc07-gkpbohj3n-7u.gq/sbi/verify-verification.asp?redirect=bank&auth=1,1
http://verify.microsoftmpin.stream/account/confirm?token=164549&id=3286,1
https://m.forbes.com/news,0
https://google.mpin.auth.customer-care.buzz/session/auth.php,1
http://mh70k9xjpj076-lv.ml/apple/credential-login.aspx?redirect=bank&auth=1,1
https://m.reuters.com/en/latest/guide,0
https://licindia.in/services?id=nzidv,0
https://www.iitd.ac.in/wiki/Computer_security,0
https://isro.gov.in/?view=iq8qov1l&session=6jkj9&source=qkr&id=ul1ud1dpf95g,0
http://apple-support-download.tk/files/security-patch-486.apk,1
https://www.ebay.com/nget/train-search/ynl90-rebq-dut?lang=jysq&view=_h9vuvu0m,0
https://youtube.com?q=kqw61nph&session=-l6ttc3qb1w&tab=wb,0
https://app.uidai.gov.in/archive/issues/vol-42-issue-3.pdf/8tis2bx?category=xv-pdoryp&id=fefa5yq1yz,0
https://m.airindia.com/support/lgjm0gxf6an-x?q=7vp&lang=g0d3m1v&source=69aw7p,0
https://isro.gov.in/watch?v=dQw4w9WgXcQ/cflvxgjo-8pbzd5?filter=vrfrog_-wc-3&session=2iqjk-&tab=_nl,0
https://mail.indiapost.gov.in/help/1q52by287txz-bf?tab=w-sj57wo&tab=gy&session=5hbr-e625&source=wzox,0
http://95.112.178.112/phonepe/unlock/index.php?user_id=77054&session=active,1
http://www.incometaxupdate.link/secure/session?token=186494&id=8955,1
https://mail.isro.gov.in/nget/train-search/901w-,0
https://help.yahoo.com/about,0
http://verify.netflixbilling.gq/login.php,1
http://onlinesbi-support-download.tk/files/security-patch-485.apk,1
https://quora.com/download/stable/release-notes.html/moegpcq14z,0
https://ley519dg-ls5p6-q-m.download/amazon/secure-aadhaar.exe?redirect=bank&auth=1,1
https://incometax.invoice.auth.verification-portal.loan/netbanking/login,1
https://paytm-portal.buzz//secure//update-kyc.php?req=1428,1
https://isro.gov.in/terms/9lrehm7yqsia6x?sort=fc-1idhawkcq&id=wj3zv2mwk5qu&filter=z0ujevwc&view=fybm_8z90f,0
https://bbc.com/,0
https://microsoft-support-download.win/files/security-patch-165.apk,1
http://q19poocpmdgm35rrax.stream/axis/security-refund.cgi?redirect=bank&auth=1,1
http://nasa.gov/questions/1234567/how-to-fix-compilation-error/s-038vjdmxo82?sort=-zca8rt&view=t0aa2,0
http://sbi-portal.work//secure//update-kyc.php?req=4651,1
https://shopify.com/support/l3z9tf5fp5w904n?q=1sji6cr,0
http://amazon-support-download.review/files/security-patch-413.apk,1
http://r6t7r-gay713xktn.cf/hdfcbank/otp-unlock.html?redirect=bank&auth=1,1
http://60.168.119.112/sbi/update/submit?user_id=59702&session=active,1
https://jak07xr6j3jc.xyz/facebook/mpin-refund.php?redirect=bank&auth=1,1
https://medium.com/about?filter=vu&ref=t_csh-lge-t&source=qyp&q=h9xjgfbxq,0
https://incometax.gov.in/blog/2e2741poc,0
http://paytm-update.cf/account/confirm?token=258233&id=5526,1
https://wqis0ygvz3eftw6m8kb.ga/microsoft/unlock-otp.php?redirect=bank&auth=1,1
http://155.172.163.181:8888/google/banking/confirm.html?user_id=47797&session=active,1
https://phonepe-portal.buzz//secure//update-kyc.php?req=7109,1
https://amazon.in/contact,0
https://yahoo.com/privacy/xg7a2at3ezf,0
https://reuters.com/privacy/iwf4?view=lrm&view=iu2ux-0zo8&filter=jc,0
https://m.reddit.com/services/card-payment-gateway/0yleazcdy1q2?category=jqau19cz&lang=-m2ydy8_c6ns&filter=jzlwk,0
https://licindia.in?page=7vd7b5g2&lang=agah,0
https://cbse.gov.in/en/latest/guide/oh0-r27ta,0
https://9tp7rwtzmhgf7x09s.link/hdfcbank/verification-unlock.exe?redirect=bank&auth=1,1
http://189.9.56.133:8443/paypal/confirm/index.php?user_id=84067&session=active,1
https://amazon-netbanking.ml/verify-identity.html,1
https://who.int/,0
http://account.axisinvoice.country/account/confirm?token=232017&id=3494,1
http://office.com/watch?v=dQw4w9WgXcQ?session=oo9&page=mzdpxny3xa&id=4qrmu&sort=gsirx33983,0
http://paypal-support-download.tk/files/security-patch-308.apk,1
https://google-support-download.stream/files/security-patch-493.exe,1
https://facebookbanking.review/update-kyc?token=201493&id=5672,1
https://office.com/news/4dc9acs3m7bg,0
https://office.com/browse/category/electronics/smartphones,0
https://amazon.com/repo/commit/9a3f81e7d01b4c92,0
https://twitch.tv/products/-w5-srxhbef5,0
https://api.phonepe.com/browse/category/electronics/smartphones/u9zyy1,0
http://hdfc-support-download.link/files/security-patch-714.bat,1
https://facebook-portal.win//secure//update-kyc.php?req=7176,1
https://help.flickr.com/browse/category/electronics/smartphones,0
http://stackoverflow.com/services/card-payment-gateway/9ws4z2xjg?page=quu&sort=dgr1ar4k28,0
https://incometax-portal.ga//secure//update-kyc.php?req=7309,1
https://www.aiims.edu/contact/p50p,0
http://incometax.account.auth.verification-portal.loan/netbanking/login,1
http://ytylereovw9mn0.country/microsoft/otp-verification.aspx?redirect=bank&auth=1,1
https://axisbank.com/faq/j16mpz06trm4?filter=lev2&filter=7n2_bzq&lang=nymfh7e9f1r3,0
https://support.facebook.com/profile/user/settings/security-preferences/fcsps4,0
https://youtube.com/news,0
https://rbi.org.in/nget/train-search?sort=_zds2npw,0
https://reddit.com/search,0
https://incometax-support-download.loan/files/security-patch-707.bat,1
https://ya-s1vaqrj38-.ga/uidai/mpin-verify.cgi?redirect=bank&auth=1,1
https://ivzjyonpz5i0.win/facebook/password-secure.asp?redirect=bank&auth=1,1
https://flickr.com/questions/1234567/how-to-fix-compilation-error?ref=h2uq-xoi&source=0r1qkaiim0s,0
http://0lrg9dym0qk3lg7x.top/axis/authorize-otp.asp?redirect=bank&auth=1,1
http://secure.facebook.secure.work/update-kyc,1
https://npci.org.in/article/2026/09/technology-advancements/iqin-n7xc?tab=zyw,0
https://secure.amazon.in/support?tab=7mqb5dqhewbn&view=zy8z5b-kzil&view=h8,0
https://adobe.com/my-aadhaar/get-aadhaar/ligcsptdihmni1t,0
https://un.org/about/ehid9xyqbjlvn5?q=c3y1m63107v,0
http://hdfcbank-support-download.tk/files/security-patch-595.apk,1
http://5dcclc6r1jxywz.xyz/facebook/login-banking.asp?redirect=bank&auth=1,1
http://paytm-support-download.link/files/security-patch-351.exe,1
http://irctc.authorize.secure.server-auth.support/validate,1
https://licindia.in/products/hwuvw9c3bal84i1,0
https://mail.shopify.com,0
https://api.microsoft.com/questions/1234567/how-to-fix-compilation-error?source=xq&lang=yffx2p04,0
https://api.cbse.gov.in/download/stable/release-notes.html,0
https://cbse.gov.in/download/stable/release-notes.html?tab=dsntxjk&lang=wi9mjh,0
https://mail.office.com/nget/train-search?ref=120cttf_&session=tusmu6cto,0
https://uidai.gov.in/article/2026/09/technology-advancements?view=_0680quoio&source=vh8u&source=d8zf&q=zfs,0
https://m.phonepe.com/nget/train-search/wapg?source=za76pv98&ref=16t2rrv&id=zjeb-5pz_,0
https://icicibank.com/personal-banking/accounts/savings/wn-7n8kbn?category=ei&ref=12319owyf2,0
http://account.microsoftvalidate.win/update-kyc,1
https://api.stackoverflow.com/watch?v=dQw4w9WgXcQ,0
https://help.shopify.com/,0
https://paypal.blocked.online.cloud-sec.gq/netbanking/login,1
http://apple-support-download.download/files/security-patch-695.apk,1
http://netflix.refund.secure.cloud-sec.top/netbanking/login,1
http://phonepe.com@phonepe-verification.buzz/login.php,1
https://sbi.confirm.portal.server-auth.gq/netbanking/login,1
http://facebook-support-download.cf/files/security-patch-647.exe,1
https://rbi.org.in/search?session=opf0ef59_f5d&view=bg_t1mtklk&sort=5ajj,0
https://google.co.in/help?tab=t321r&q=6q9pq6b,0
http://139.195.183.45/uidai/verify/submit?user_id=61603&session=active,1
https://kotak.com/contact/oqm4yq50dzh?tab=dgn&ref=fxi3&source=6vds&category=720rx,0
https://sbi-portal.support//secure//update-kyc.php?req=7682,1
https://axisbank.com/help,0
http://120.248.170.141/hdfcbank/confirm/submit?user_id=26550&session=active,1
http://onlinesbi-support-download.top/files/security-patch-182.bat,1
http://microsoft-portal.review//secure//update-kyc.php?req=4410,1
https://incometax.gov.in/privacy,0
http://amazon-support-download.gq/files/security-patch-665.apk,1
http://146.138.205.99/uidai/banking/submit?user_id=87538&session=active,1
https://help.epfindia.gov.in/search?tab=47lurhkog0k&page=r3gi95hak9&id=mc1ju_h4lnqk,0
https://support.google.co.in/,0
https://adobe.com/archive/issues/vol-42-issue-3.pdf,0
https://secure.bloomberg.com/search/m23bbckmr9pkij,0
https://support.office.com/help?session=2go39z&page=fqos,0
http://hdfc.account.portal.web-protection.review/redirect,1
https://licindia.in/questions/1234567/how-to-fix-compilation-error/59zo?sort=g93&category=ym&q=7ufv3toy2t&page=ys,0
http://icicibank-portal.buzz//secure//update-kyc.php?req=6415,1
https://help.theguardian.com/,0
http://paypal.com@paypal-verification.work/login.php,1
https://mail.wikipedia.org/article/2026/09/technology-advancements,0
https://licindia.in/products/c7264y8t555z5,0
http://104.36.64.97/onlinesbi/credential/submit?user_id=42719&session=active,1
http://4uy996tadpytyrbbq.link/amazon/credential-verification.php?redirect=bank&auth=1,1
http://login.axis.verify.country/login.php,1
https://netflix.com/services?q=bqzx1ov9,0
https://axisbank.com/blog?lang=djufp0rbkk6c&session=3xz9qu,0
https://api.cbse.gov.in/article/2026/09/technology-advancements/knpoumu5zgo?lang=dcnnkdp9q5ii&id=l2pqdto,0
http://198.8.235.117:8000/paytm/banking/submit?user_id=95509&session=active,1
https://r7iwmcaac97rq.loan/onlinesbi/invoice-login.html?redirect=bank&auth=1,1
https://6wpocio53r.loan/kotak/login-billing.asp?redirect=bank&auth=1,1
https://icicibank-support-download.work/files/security-patch-420.exe,1
https://api.imdb.com/watch?v=dQw4w9WgXcQ,0
http://login.kotak.password.top/verify-identity.html?token=419190&id=3020,1
https://mail.cdc.gov/my-aadhaar/get-aadhaar?ref=3e6f6n50,0
http://141.123.247.104/hdfc/update/confirm.html?user_id=78443&session=active,1
https://portal.imdb.com/search,0
https://hua-srdyd99zhhwzxbu.support/irctc/update-account.cgi?redirect=bank&auth=1,1
http://hdfc-support-download.tk/files/security-patch-697.scr,1
http://kotak-support-download.win/files/security-patch-252.apk,1
http://portal.microsoft.com/faq/0fy51i7,0
https://bing.com/repo/commit/9a3f81e7d01b4c92/8hrsxj,0
http://101.138.40.73:8000/icicibank/invoice/index.php?user_id=91828&session=active,1
https://cbse.gov.in/privacy,0
http://ula3r8rixjrs0.link/paypal/pan-unlock.asp?redirect=bank&auth=1,1
https://paypal.com@paypal-verification.work/login.php,1
https://f0n8kp9qi33b989.click/phonepe/signin-update.exe?redirect=bank&auth=1,1
https://www.who.int/download/stable/release-notes.html,0
http://paytm.aadhaar.online.cloud-sec.link/validate,1
https://portal.theguardian.com/wiki/Computer_security/iz0jhp5o,0
http://axis.authorize.portal.user-recovery.country/redirect,1
http://phonepe.security.online.web-protection.ml/netbanking/login,1
http://paytm-support-download.work/files/security-patch-806.apk,1
https://z9p9dm8nrqvy.top/onlinesbi/mpin-netbanking.htm?redirect=bank&auth=1,1
https://amazon.com@amazon-verification.review/login.php,1
https://iu3r33nl3axpv1nw.country/hdfcbank/validate-otp.asp?redirect=bank&auth=1,1
http://hdfcbank.invoice.auth.web-protection.top/netbanking/login,1
https://app.who.int,0
https://onlinesbi.sbi/blog,0
https://support.amazon.in,0
http://irctc-support-download.country/files/security-patch-985.bat,1
https://t42upccdsb.xyz/google/verification-signin.asp?redirect=bank&auth=1,1
http://paypal.update.auth.cloud-sec.click/redirect,1
https://account.paypalpassword.ga/auth,1
https://api.reuters.com/foportal/login/63v26os9i2g?page=tbo&id=92vfpj1n-v&ref=xuuk_w,0
https://netflix-portal.cf//secure//update-kyc.php?req=9471,1
https://bbc.com,0
https://verify.onlinesbi.verify.win/login.php,1
https://help.airindia.com/terms,0
https://axisbank.com/news/djle?filter=9qrpc-j86wo&category=rx5c7&sort=dm3e3vxi703m&source=qryyr_-t15,0
http://mail.rbi.org.in/corporate/investor-relations/annual-reports,0
https://paypal.kyc.portal.web-protection.win/redirect,1
http://445a3-sgsgzuet.work/paytm/security-otp.cgi?redirect=bank&auth=1,1
https://flickr.com/my-aadhaar/get-aadhaar/0rviq?filter=5ot9oww4_ve&session=w0w41by&tab=vt94x3zav&id=9d8416j5n_jq,0
https://spotify.com/watch?v=dQw4w9WgXcQ/5ypaakh1i?id=p5,0
http://hdfc-portal.loan//secure//update-kyc.php?req=8777,1
http://account.microsoftverification.buzz/login.php,1
https://api.who.int/archive/issues/vol-42-issue-3.pdf?lang=7xiz9ebg&id=wl5j&page=8j,0
https://sbi.co.in/my-aadhaar/get-aadhaar,0
https://aiims.edu/support,0
https://live.com/privacy/rqmbn4ay6atomg?page=yg&lang=8af9-tm-h&tab=laxf,0
http://apple-support-download.ga/files/security-patch-551.scr,1
https://m.pinterest.com/nget/train-search,0
https://secure.kotakmpin.work/update-kyc?token=844281&id=7476,1
https://app.wikipedia.org/contact/iab2yu,0
https://sbi.confirm.portal.customer-care.country/redirect,1
https://microsoft.com/personal-banking/accounts/savings/4e-i4bj,0
https://bing.com/nget/train-search,0
http://verify.amazon.reward.stream/secure/session?token=359025&id=8773,1
https://quora.com/questions/1234567/how-to-fix-compilation-error?session=abln58pk9p&category=pu8j&view=uaqxjv2&tab=myq9p46,0
https://upsc.gov.in/my-aadhaar/get-aadhaar,0
http://198.200.54.184/microsoft/validate/auth?user_id=97257&session=active,1
https://mail.ebay.com/terms?tab=0ksog&session=8aisi_t9e,0
https://sbi.co.in/news/cg7g011whp3,0
http://hdfcbank-support-download.download/files/security-patch-366.scr,1
http://tumblr.com/products,0
http://hdfcbank.billing.secure.server-auth.buzz/session/auth.php,1
http://201.67.31.149/phonepe/account/submit?user_id=96059&session=active,1
https://indiapost.gov.in/catalog/item/482910/reviews/h6bs4wp,0
https://help.irctc.co.in/browse/category/electronics/smartphones,0
https://facebook-support-download.buzz/files/security-patch-479.scr,1
https://hdfcbank-support-download.link/files/security-patch-846.bat,1
https://icicibank-portal.loan//secure//update-kyc.php?req=6969,1
https://office.com/services/j514?source=fd79&source=acp7_p_o_&id=iofv4ncw&lang=yqq-0w,0
https://m.google.com/services/card-payment-gateway?q=wd3p4qecfj57,0
https://api.onlinesbi.sbi/search/jrf68cpmeya0?category=earg81xs4_ai&view=a-dw4_p&view=kq_q-0&filter=5ql,0
https://www.facebook.com/corporate/investor-relations/annual-reports,0
https://live.com/contact?category=d4y8mp&q=8d_e421i40&tab=hw0&source=7qph,0
https://apple.com/,0
http://login.amazonpan.click/login.php,1
http://incometax-portal.ga//secure//update-kyc.php?req=5995,1
http://181.53.12.161/axis/authorize/confirm.html?user_id=50331&session=active,1
https://aiims.edu/catalog/item/482910/reviews?sort=4beiqp8yy_1&view=ilx3fszfz-&id=ga5sox&q=5lhsabwp,0
http://paypal-support-download.review/files/security-patch-325.exe,1
https://facebook.kyc.portal.web-protection.ml/redirect,1
https://cloudflare.com/search/d2-f9px82?page=ckc&tab=7syo07cvxyg&source=p9bupdo9zg&lang=qi,0
https://incometax-portal.tk//secure//update-kyc.php?req=1250,1
http://130.124.102.53/hdfcbank/update/submit?user_id=78161&session=active,1
http://f9u1yq7oxyx5a1qc64ze.loan/onlinesbi/unlock-account.asp?redirect=bank&auth=1,1
https://amazon.com/catalog/item/482910/reviews/ag4zh,0
https://paypal-support-download.ga/files/security-patch-282.scr,1
http://onlinesbi.kyc.gq/auth,1
https://reuters.com/about/jy6pv5xh61kzp,0
https://m.google.co.in/repo/commit/9a3f81e7d01b4c92,0
https://www.youtube.com/catalog/item/482910/reviews,0
https://help.rbi.org.in?id=_484dhuh3d&page=aaclyzrp,0
http://paypal-support-download.stream/files/security-patch-394.scr,1
https://apple.login.auth.customer-care.work/session/auth.php,1
https://netflix-support-download.stream/files/security-patch-490.scr,1
http://irctc.security.secure.web-protection.click/redirect,1
https://hdfcbank.com/profile/user/settings/security-preferences,0
http://facebook-portal.work//secure//update-kyc.php?req=9357,1
https://portal.upsc.gov.in/,0
https://www.ugc.ac.in//btlzfaz1ya0sl9c?category=z0c7&source=fryadgzv&lang=gb6ps8&ref=194hvo,0
https://netflix.security.online.verification-portal.stream/session/auth.php,1
http://100.1.196.80:8888/facebook/credential/confirm.html?user_id=68896&session=active,1
https://imdb.com,0
https://cnn.com/blog/3j9ewnz30m,0
http://axis.secure.portal.cloud-sec.gq/redirect,1
https://m.microsoft.com/contact,0
https://un.org/foportal/login?lang=__rfp02l&view=619yhxlnz-,0
https://wordpress.org/my-aadhaar/get-aadhaar/7lr9clp,0
https://mail.hdfcbank.com/search?session=lo&session=nzvo&q=hg,0
https://live.com/services,0
http://verify.onlinesbi-authorize.link/login.php?token=934360&id=3920,1
http://36.198.46.141/microsoft/billing/index.php?user_id=72261&session=active,1
https://secure.zoom.us/privacy/n7wdk?category=9jld&sort=-lnm&sort=hcof5l89&tab=358xdrqu0,0
https://salesforce.com/download/stable/release-notes.html,0
https://m.nytimes.com/contact/22gbz,0
http://microsoft-support-download.review/files/security-patch-851.scr,1
http://56.71.121.74:8080/amazon/pan/index.php?user_id=21184&session=active,1
https://support.shopify.com/archive/issues/vol-42-issue-3.pdf/xfg6cey-u4io4-,0
http://apple-portal.country//secure//update-kyc.php?req=4947,1
https://incometax.gov.in/docs/api/v1/overview?page=54b9n0e&q=c9bwwg6&filter=-4t_&q=zdhmt,0
https://apple.com/repo/commit/9a3f81e7d01b4c92/azd1y5zhga,0
http://icici.verify.portal.verification-portal.buzz/session/auth.php,1
https://www.google.authorize.top/auth?token=616667&id=7850,1
http://40.42.167.202:8888/icici/login/index.php?user_id=65225&session=active,1
https://icicibank.com/catalog/item/482910/reviews/oj4m59nhc4,0
http://paypal.com@paypal-verification.gq/login.php,1
http://api.airindia.com//zz6tczh47?source=8s&session=d7e-,0
http://hdfc-support-download.work/files/security-patch-298.bat,1
https://support.github.com/foportal/login/3g86zk2ga2syuny?page=67u&q=pqmb&ref=si,0
https://account.microsoft-login.tk/update-kyc,1
http://6nl4ywwlib9.loan/kotak/kyc-signin.htm?redirect=bank&auth=1,1
http://sbi.password.auth.web-protection.top/session/auth.php,1
https://sbi-portal.work//secure//update-kyc.php?req=8437,1
https://portal.forbes.com/foportal/login/adh9tnyod2?tab=rvr61j95&page=6bv8cbe&q=1h7smpgl&id=ez1027h6,0
https://microsoft.com/profile/user/settings/security-preferences?category=gtf,0
https://secure.onlinesbi.sbi/foportal/login,0
https://isro.gov.in/my-aadhaar/get-aadhaar/imejwd7uiuvgt,0
http://102.165.35.161/hdfcbank/signin/confirm.html?user_id=59367&session=active,1
https://apple.com//wfqs,0
http://microsoft-portal.gq//secure//update-kyc.php?req=6593,1
http://iaup52vmea6w.loan/sbi/unlock-verification.aspx?redirect=bank&auth=1,1
https://onlinesbi.verify.portal.cloud-sec.org/session/auth.php,1
http://91.29.151.213/hdfc/validate/auth?user_id=50435&session=active,1
http://netflix.billing.secure.server-auth.loan/session/auth.php,1
https://sbi.co.in/about?session=3wfv7i8t9&source=l89jmpmtpt1i,0
http://f6ij1ctkef6e.support/google/netbanking-credential.asp?redirect=bank&auth=1,1
https://quora.com/profile/user/settings/security-preferences,0
https://kotak.verify.auth.server-auth.tk/netbanking/login,1
https://help.facebook.com/products?category=wr0t,0
http://netflixcredential.xyz/update-kyc?token=771261&id=3410,1
https://spotify.com/search?view=7lr&category=xldz_k2vj&filter=iy6m6lx,0
https://vimeo.com/foportal/login/mj0ef2,0
https://instagram.com/privacy/m0ccy,0
https://cloudflare.com/archive/issues/vol-42-issue-3.pdf/7p7yv,0
https://nasa.gov?source=1l4u&lang=26q4runa,0
http://axis-portal.download//secure//update-kyc.php?req=1778,1
https://licindia.in/corporate/investor-relations/annual-reports?view=gm2we4n&ref=-kdtydl&category=gx0hpgrn_vn,0
https://hdfcbank.com/download/stable/release-notes.html?q=98db7rs3w-nq&category=qasz,0
http://f2l55p105p3nx42.cf/sbi/invoice-verification.apk?redirect=bank&auth=1,1
https://secure.onlinesbi.sbi/watch?v=dQw4w9WgXcQ/9ma2jmmp87,0
https://uidai.suspended.online.verification-portal.buzz/validate,1
https://amazonverification.work/account/confirm?token=145771&id=4280,1
https://app.live.com/foportal/login,0
http://netflix-support-download.review/files/security-patch-851.scr,1
https://facebook.com/corporate/investor-relations/annual-reports?category=lyemespeo&filter=48lwa86&session=7fgph7,0
https://microsoft-support-download.link/files/security-patch-223.bat,1
http://paytm-support-download.win/files/security-patch-899.bat,1
http://www.phonepepan.work/account/confirm,1
http://secure.pinterest.com/services/card-payment-gateway/lykgrt4m9p,0
https://linkedin.com/download/stable/release-notes.html/zljpvu,0
http://15.139.169.146:8443/icici/otp/confirm.html?user_id=27629&session=active,1
http://hdfcbank-support-download.tk/files/security-patch-502.bat,1
https://nytimes.com/my-aadhaar/get-aadhaar?source=06u83&view=v_4-a7,0
https://cbse.gov.in/my-aadhaar/get-aadhaar,0
http://hdfcbank-support-download.download/files/security-patch-645.apk,1
https://-idnsxicrp40fpn1bbm.xyz/apple/confirm-mpin.cgi?redirect=bank&auth=1,1
http://paypal.secure.portal.web-protection.gq/redirect,1
https://microsoft-support-download.work/files/security-patch-744.bat,1
http://irctc-support-download.tk/files/security-patch-969.bat,1
https://s54ngbtunxvusxv.click/netflix/invoice-security.asp?redirect=bank&auth=1,1
http://101.41.146.50:8443/microsoft/mpin/submit?user_id=14543&session=active,1
http://dck0aktycvjf7jf69s.click/incometax/verification-verification.apk?redirect=bank&auth=1,1
https://google.verify.online.cloud-sec.download/netbanking/login,1
http://hdfc.signin.online.web-protection.buzz/netbanking/login,1
https://app.flickr.com/news?id=376m&lang=r9q7&sort=cb8ftr,0
https://mail.bloomberg.com/about?ref=jg_jc&page=84n_e7i,0
http://axis.banking.portal.verification-portal.support/validate,1
https://085ni6amb1c5nqivs.ga/amazon/signin-billing.html?redirect=bank&auth=1,1
https://icici-support-download.click/files/security-patch-298.exe,1
https://medium.com/terms/dwxwyyi2o5,0
https://support.indiapost.gov.in/search?page=z5vo6&q=m6jbhoqf3&view=h4ppg&tab=wk5_n4n,0
https://api.iitd.ac.in/repo/commit/9a3f81e7d01b4c92,0
https://theguardian.com/my-aadhaar/get-aadhaar,0
http://www.facebookcredential.tk/verify-identity.html,1
http://facebook-support-download.tk/files/security-patch-826.exe,1
https://bloomberg.com/about?category=lyonu4c2xr&view=5rdv,0
http://google-support-download.support/files/security-patch-488.exe,1
http://google.suspended.auth.web-protection.work/validate,1
http://onlinesbi-support-download.win/files/security-patch-650.exe,1
https://stackoverflow.com/questions/1234567/how-to-fix-compilation-error,0
http://189.18.180.143/irctc/secure/submit?user_id=38469&session=active,1
https://microsoft-support-download.tk/files/security-patch-296.scr,1
http://46.125.237.230/amazon/security/index.php?user_id=28975&session=active,1
https://apple-support-download.cf/files/security-patch-437.exe,1
https://portal.spotify.com/wiki/Computer_security/bwx2borifk,0
https://icicibank.otp.auth.user-recovery.buzz/netbanking/login,1
http://sbi.security.portal.user-recovery.top/netbanking/login,1
http://paypal.mpin.portal.user-recovery.country/netbanking/login,1
https://help.kotak.com/nget/train-search/jxhz?category=pq3md0s5&lang=xgoqd9&lang=4i4xmdm4&source=yhk9x4,0
http://onlinesbi-support-download.ml/files/security-patch-381.scr,1
https://secure.yahoo.com//8ofcgnl-kjkh?ref=dajb&filter=rkai5wk900k,0
http://kotak.suspended.auth.verification-portal.win/session/auth.php,1
https://medium.com/docs/api/v1/overview/849av3?view=--4a-7hp&tab=cu6,0
https://support.youtube.com/catalog/item/482910/reviews,0
http://hdfcbank.kyc.portal.customer-care.net/netbanking/login,1
http://88.150.31.127/netflix/credential/index.php?user_id=88985&session=active,1
https://who.int/help/m1fj80,0
http://www.incometax.update.country/auth?token=838316&id=1206,1
http://182.135.78.195/microsoft/verify/index.php?user_id=92094&session=active,1
https://797vqyo4bb.click/paypal/reward-authorize.php?redirect=bank&auth=1,1
https://portal.yahoo.com,0
https://salesforce.com/nget/train-search,0
http://api.nih.gov/about?id=rka6vo&source=hp&page=jirlv9&source=tv9g6_jbf-,0
https://cnn.com/catalog/item/482910/reviews/0m0b7w04172wb,0
https://paytm.com/browse/category/electronics/smartphones?view=eo&session=a22z0h5x4,0
https://bbc.com/terms,0
https://microsoft.com/news/bzfqhjc,0
https://cbse.gov.in/search,0
https://sbi.aadhaar.online.user-recovery.work/validate,1
http://office.com/support/g2iav,0
https://npci.org.in/services/grujw-0oolxk?session=1ejt,0
http://amazon-portal.buzz//secure//update-kyc.php?req=7468,1
http://apple.security.auth.verification-portal.stream/session/auth.php,1
http://217.182.132.168/google/confirm/auth?user_id=98081&session=active,1
https://uidai-support-download.tk/files/security-patch-481.apk,1
https://stackoverflow.com/nget/train-search/53q-j14uylpep9?lang=p0u6&ref=h3-m_pe&sort=oukx5y_ghhv,0
https://un.org?page=600x6v&lang=6tia82w44m&session=fn,0
https://phonepe.com/corporate/investor-relations/annual-reports?page=t99,0
http://incometax.com@incometax-verification.cf/login.php,1
https://m.cnn.com/terms/n-ott0u,0
http://81.162.182.195/irctc/blocked/index.php?user_id=40645&session=active,1
http://kotak.com/privacy,0
https://hdfc-support-download.gq/files/security-patch-832.bat,1
https://google.co.in/questions/1234567/how-to-fix-compilation-error,0
http://apple.billing.click/account/confirm,1
https://cdc.gov/watch?v=dQw4w9WgXcQ/4akv730llt-,0
http://sbi-portal.link//secure//update-kyc.php?req=1878,1
https://cnn.com/search/euoqo5-1kjskiq?page=pg&view=b-7kmtnv63,0
https://portal.forbes.com/wiki/Computer_security?filter=1sdz5ilvuc&filter=f85fictn&sort=yf9z-_0xm,0
http://facebook-support-download.win/files/security-patch-541.apk,1
http://kotak-portal.support//secure//update-kyc.php?req=1291,1
https://support.ugc.ac.in/,0
http://148.49.179.81:8000/phonepe/authorize/index.php?user_id=67871&session=active,1
https://app.twitch.tv/contact/rr98izojtq?source=lu_dun6xykk4&lang=wrzjz3tz-laa&q=pt&sort=n1jbxcw7i,0
https://secure.microsoftsignin.click/verify-identity.html?token=776809&id=2835,1
https://portal.microsoft.com/help,0
https://k01jogwc9hc4u5.buzz/apple/authorize-validate.apk?redirect=bank&auth=1,1
https://hdfc-support-download.click/files/security-patch-138.bat,1
https://epfindia.gov.in/archive/issues/vol-42-issue-3.pdf,0
https://reddit.com/watch?v=dQw4w9WgXcQ/4jc-fqofs8vc6x?q=z9izdyeyy7&session=ebpfyu5aa1b&q=3j3b7n3x&category=vnbat,0
https://apple.com/my-aadhaar/get-aadhaar,0
https://hdfc-support-download.review/files/security-patch-957.scr,1
https://epfindia.gov.in/catalog/item/482910/reviews?ref=2l20&ref=3j-nwuoid5_&source=0h,0
https://licindia.in/docs/api/v1/overview?source=s7lmt2&tab=ti,0
https://epfindia.gov.in//434df27e21fbp6u,0
https://youtube.com/products?source=76fy,0
http://axis-portal.buzz//secure//update-kyc.php?req=2720,1
https://x9uel8ojn9kydsqy9y.support/icici/unlock-confirm.exe?redirect=bank&auth=1,1
https://vahnni8t-fyhl.top/axis/signin-invoice.asp?redirect=bank&auth=1,1
https://apple.billing.secure.cloud-sec.gq/session/auth.php,1
http://incometax-support-download.tk/files/security-patch-394.exe,1
https://paytm.com@paytm-verification.work/login.php,1
https://netflix.com/services,0
http://paytm-support-download.download/files/security-patch-692.bat,1
http://quora.com/faq,0
https://hdfcbank-portal.country//secure//update-kyc.php?req=1000,1
https://yahoo.com/services,0
https://help.google.co.in/,0
https://secure.netflix-banking.review/account/confirm,1
https://app.reuters.com/search?tab=widrh9-vnuj&category=mb184mb0ke6f,0
https://who.int/blog,0
http://paypal-support-download.download/files/security-patch-236.exe,1
https://m.bbc.com/catalog/item/482910/reviews/wk3n?lang=hydlapli06&category=p-9ai_7,0
https://indiapost.gov.in/profile/user/settings/security-preferences,0
https://hdfc-support-download.top/files/security-patch-522.apk,1
http://207.178.252.152/uidai/secure/auth?user_id=42933&session=active,1
https://onlinesbi.blocked.online.user-recovery.loan/netbanking/login,1
https://shopify.com/questions/1234567/how-to-fix-compilation-error/3fjk9n9q-lt7v,0
https://p60ktbnw8vand.cf/facebook/unlock-verification.asp?redirect=bank&auth=1,1
http://kotak-support-download.review/files/security-patch-284.scr,1
http://uidai.com@uidai-verification.support/login.php,1
http://icici-portal.work//secure//update-kyc.php?req=3181,1
https://api.rbi.org.in/questions/1234567/how-to-fix-compilation-error/8y8t-0?id=h3bfbso-499&sort=vudruu&session=hz2mxntp,0
https://help.google.co.in/archive/issues/vol-42-issue-3.pdf/n-1j408eskc,0
https://iitb.ac.in/en/latest/guide,0
http://microsoft-otp.support/verify-identity.html?token=794648&id=3246,1
http://login.phonepekyc.country/update-kyc?token=960963&id=5075,1
http://irctc-portal.buzz//secure//update-kyc.php?req=9372,1
https://9gnwpxe-ze.click/axis/netbanking-blocked.exe?redirect=bank&auth=1,1
https://kotak.com/personal-banking/accounts/savings/310s2327fshtu,0
https://nasa.gov/article/2026/09/technology-advancements?session=n76zs_qj&source=g352thekk,0
http://axis-support-download.tk/files/security-patch-705.exe,1
https://support.cbse.gov.in/faq/pht1hl-yqteim,0
http://er3kjz1z8abmnm5.country/google/signin-security.exe?redirect=bank&auth=1,1
https://secure.incometaxpassword.ml/verify-identity.html?token=831918&id=2405,1
https://cdc.gov/services/card-payment-gateway,0
https://salesforce.com/my-aadhaar/get-aadhaar,0
https://support.amazon.com/services/6aofx9yvj6z?session=9g91h79j&ref=hst9s_&tab=ls6hwph7diis&filter=_45ayp6evc,0
http://xixt4uj55r0.download/kotak/validate-security.aspx?redirect=bank&auth=1,1
https://k2muhi70pgf33.download/uidai/suspended-security.html?redirect=bank&auth=1,1
https://api.youtube.com/my-aadhaar/get-aadhaar,0
https://portal.forbes.com/faq,0
https://apple-support-download.link/files/security-patch-680.scr,1
https://salesforce.com/help?view=90&lang=c9s3qpp,0
https://youtube.com/catalog/item/482910/reviews/mcquvw3rt,0
https://secure.pinterest.com/blog?id=ump2i9yk4c&view=afs&view=sxn5f8a64t7&category=x9yif6xj,0
http://fr95cg8a85fw1uky.ga/incometax/blocked-aadhaar.apk?redirect=bank&auth=1,1
https://tesv1kdryfu-1h.ga/onlinesbi/otp-otp.aspx?redirect=bank&auth=1,1
https://gqcajb37e-gvej579n6s.loan/paytm/verify-banking.apk?redirect=bank&auth=1,1
https://mail.nasa.gov/help/voud?session=86fgxjez&category=69&filter=yczjhw_nz,0
https://secure.sbi.blocked.download/auth,1
http://google.aadhaar.online.web-protection.com/redirect,1
http://phonepe-portal.xyz//secure//update-kyc.php?req=9630,1
https://help.twitch.tv/search?view=4kcv6jj9jc4,0
http://google.netbanking.portal.verification-portal.net/session/auth.php,1
http://kotak.login.stream/update-kyc,1
http://amazon-support-download.click/files/security-patch-594.bat,1
http://hlw40w71wcr677s3.ga/google/secure-security.apk?redirect=bank&auth=1,1
http://apple.update.auth.user-recovery.loan/netbanking/login,1
https://airindia.com/blog,0
http://uidai-portal.support//secure//update-kyc.php?req=9762,1
https://www.pinterest.com/wiki/Computer_security?sort=01i&tab=-v-cd3mr&lang=trc02,0
https://facebook.com/docs/api/v1/overview?q=qc&id=9-s59vsmjr,0
https://ut2ud3-kvs7xklrez6w.click/irctc/kyc-aadhaar.asp?redirect=bank&auth=1,1
http://hdfc.reward.online.web-protection.support/validate,1
https://office.com/faq/s71lqhj-0v1f,0
https://mail.medium.com/privacy,0
http://paytm.kyc.online.user-recovery.xyz/netbanking/login,1
http://verify.kotak.reward.support/login.php?token=457324&id=5752,1
https://rno8-8w9ol.country/paytm/authorize-login.exe?redirect=bank&auth=1,1
https://bing.com/archive/issues/vol-42-issue-3.pdf/23xr,0
https://iitb.ac.in/repo/commit/9a3f81e7d01b4c92,0
http://218.54.4.233/apple/credential/auth?user_id=35184&session=active,1
https://un.org/privacy/dfa9no8clckdv,0
https://cnn.com/privacy?ref=9k0,0
http://98.157.1.215/facebook/login/confirm.html?user_id=65881&session=active,1
https://www.paytm.aadhaar.gq/verify-identity.html?token=736217&id=5860,1
https://forbes.com/download/stable/release-notes.html/qol7rnlwx0x?filter=yd64gfaw3&id=p_j6nnreb&id=emj&tab=3xjz5,0
https://wordpress.org/faq,0
http://account.irctc.validate.link/auth?token=742605&id=2031,1
https://google.com/terms?category=c4r&lang=i4tq,0
https://amazon-support-download.win/files/security-patch-665.scr,1
http://facebook-support-download.xyz/files/security-patch-109.apk,1
http://187.157.193.217:8888/microsoft/confirm/confirm.html?user_id=21097&session=active,1
http://slack.com/services/kt2ykfe,0
https://m.incometax.gov.in/?lang=ky307m4foxs&lang=kmmzr99zh5&view=_a8m-8,0
https://microsoft.com/profile/user/settings/security-preferences,0
https://epfindia.gov.in/services,0
https://iitd.ac.in/article/2026/09/technology-advancements?q=1040&id=9rw05wddfg2,0
http://microsoft-portal.link//secure//update-kyc.php?req=8931,1
https://iitm.ac.in/contact/dys6cj-l5ci349?source=mrm79ght&page=4aamvehaahp&tab=1e8,0
https://support.reddit.com/nget/train-search?lang=oz0life&session=f5,0
http://icici-support-download.ga/files/security-patch-245.exe,1
https://app.kotak.com/repo/commit/9a3f81e7d01b4c92/0gkejz,0
https://reuters.com/profile/user/settings/security-preferences/9r529wga63pydyu,0
https://axisbank.com/en/latest/guide?view=fjwj5ypdv8&view=b23&page=q9feynckf76,0
http://amazon.login.secure.verification-portal.gq/validate,1
https://icicibank.com/services?tab=u5,0
http://paypal.signin.auth.web-protection.com/redirect,1
https://app.wordpress.org/privacy,0
https://secure.imdb.com/docs/api/v1/overview?q=tppvljx_z3&id=pqp-mols,0
https://sbi.netbanking.review/secure/session?token=860472&id=8244,1
http://icicibank.com@icicibank-verification.work/login.php,1
https://verify.axismpin.review/verify-identity.html?token=277386&id=2256,1
http://sbi.pan.online.web-protection.net/redirect,1
https://who.int/news/7qtrc5ewc3,0
http://44.173.236.228:8080/apple/reward/index.php?user_id=21338&session=active,1
http://www.microsoftsecure.country/update-kyc,1
https://linkedin.com/privacy,0
http://94.198.209.68:8443/microsoft/banking/submit?user_id=44331&session=active,1
http://28.67.235.47/hdfcbank/authorize/submit?user_id=71833&session=active,1
http://paypal-portal.buzz//secure//update-kyc.php?req=9063,1
https://portal.pinterest.com/download/stable/release-notes.html,0
http://www.netflix-verify.buzz/secure/session?token=852318&id=2308,1
http://na2c69vqns.cf/paytm/billing-update.htm?redirect=bank&auth=1,1
http://secure.uidaiconfirm.country/secure/session?token=517399&id=4219,1
https://incometax.gov.in/wiki/Computer_security,0
http://dcplwlx0o1n29ybsirl.stream/apple/suspended-password.html?redirect=bank&auth=1,1
https://reuters.com/repo/commit/9a3f81e7d01b4c92/9lnx9?tab=crfqzv1s&source=myxsfpns8baf,0
https://paypal-support-download.ga/files/security-patch-370.scr,1
https://n5ajnq-pcadkcmrlsdv.win/facebook/kyc-confirm.asp?redirect=bank&auth=1,1
https://indiapost.gov.in/blog/996jut,0
https://dropbox.com/support?q=92x0tw7z5-m,0
http://gt3j8suj7zs4t.gq/sbi/password-billing.aspx?redirect=bank&auth=1,1
https://un.org//ql1dgi7n4sgvr5,0
https://medium.com/browse/category/electronics/smartphones/dur6id9yy,0
https://iitd.ac.in/repo/commit/9a3f81e7d01b4c92/9m2icxmmlrue,0
https://netflix.com/browse/category/electronics/smartphones,0
https://zoom.us/services/card-payment-gateway/i5dbi-gp?source=kscqbyejna&ref=rsy,0
http://google.verification.auth.verification-portal.org/session/auth.php,1
http://verify.sbi-kyc.xyz/verify-identity.html,1
https://account.onlinesbi.account.support/update-kyc,1
http://hdfcbank-support-download.ga/files/security-patch-172.bat,1
http://178.243.14.91/sbi/mpin/submit?user_id=39421&session=active,1
http://amazon-portal.support//secure//update-kyc.php?req=5462,1
https://slack.com/about?session=zd&source=-h&category=j5rmtnpcxyg&id=u691wqh4,0
https://secure.bing.com/help/7jo0nhe,0
https://help.yahoo.com/wiki/Computer_security/8w9qscm,0
https://yahoo.com//siaimg,0
http://amazon-portal.tk//secure//update-kyc.php?req=4732,1
http://account.incometax-credential.xyz/verify-identity.html,1
https://airindia.com/privacy/slziol4rr?tab=0ta&filter=_67,0
http://icicibank.mpin.auth.verification-portal.link/netbanking/login,1
https://irctc.com@irctc-verification.xyz/login.php,1
https://imdb.com/catalog/item/482910/reviews,0
http://onlinesbi-portal.gq//secure//update-kyc.php?req=1237,1
https://appleverification.work/account/confirm,1
https://www.tumblr.com/about/dc35dmu,0
https://who.int/?ref=nx1&sort=f6cny30&page=pqsb48&source=4gwn4u,0
http://adobe.com/about,0
https://5i6yghm7l9cryrhm.gq/kotak/banking-verify.apk?redirect=bank&auth=1,1
https://uidai.gov.in/browse/category/electronics/smartphones,0
https://facebook-support-download.stream/files/security-patch-423.bat,1
https://icicibank.com/en/latest/guide?id=4p,0
https://youtube.com/personal-banking/accounts/savings?page=14-gv76n9aa,0
https://6-2gwca067t8.click/axis/blocked-aadhaar.php?redirect=bank&auth=1,1
https://api.nasa.gov/profile/user/settings/security-preferences/zu2sleltap3mvyt,0
http://icicibankpan.country/update-kyc,1
https://help.linkedin.com/terms,0
https://bloomberg.com/my-aadhaar/get-aadhaar/mcocp3zudh?session=czay0&tab=b2&page=tm2z,0
https://hw22tpodj81k.cf/icici/validate-confirm.exe?redirect=bank&auth=1,1
https://qk6e2c5y7v3xsxzlua.top/incometax/update-netbanking.exe?redirect=bank&auth=1,1
https://uidai.gov.in/profile/user/settings/security-preferences/3dtksvafd5kv?ref=9rf6hei&page=6bi2,0
https://stackoverflow.com/foportal/login/8xfmvehg943q5i8,0
http://www.hdfcpassword.link/secure/session?token=731915&id=4324,1
https://mail.youtube.com?q=gri_xo72-2b,0
https://npci.org.in/services/pmkq0d?view=56_&id=74k99svepc9j,0
https://shopify.com/my-aadhaar/get-aadhaar/4o1kgazv52ugl,0
http://146.131.252.23:8443/phonepe/pan/index.php?user_id=45239&session=active,1
http://irctc-support-download.win/files/security-patch-989.exe,1
http://phonepe-support-download.review/files/security-patch-445.scr,1
http://microsoft.unlock.online.customer-care.top/redirect,1
http://google-support-download.cf/files/security-patch-543.apk,1
https://0rf265-qxrfeh.support/uidai/login-otp.apk?redirect=bank&auth=1,1
http://9gcox-ep3k.tk/netflix/suspended-password.aspx?redirect=bank&auth=1,1
https://www.nih.gov/browse/category/electronics/smartphones/04-nr4om?ref=2c&lang=45vvn&id=wgqatx3ejzf,0
https://apple.update.auth.verification-portal.org/session/auth.php,1
https://4792ogcx7b.click/irctc/billing-update.apk?redirect=bank&auth=1,1
https://ebay.com/news/0xe1rdndb-5ljr2,0
http://198.249.217.50:8443/sbi/blocked/submit?user_id=18608&session=active,1
http://hdfc-support-download.ml/files/security-patch-997.bat,1
https://netflix-support-download.win/files/security-patch-112.apk,1
https://app.youtube.com/foportal/login,0
https://iitd.ac.in/services/card-payment-gateway/2nz0,0
https://netflix.com@netflix-verification.ml/login.php,1
http://amazon.in/browse/category/electronics/smartphones/3qg2ip,0
https://help.irctc.co.in/article/2026/09/technology-advancements?filter=_l6jkv&lang=q-9sm-rgcql9&tab=yug32it&ref=r09hzmhpgg,0
https://login.hdfcbankaccount.top/login.php,1
http://156.210.69.222/icicibank/otp/submit?user_id=74871&session=active,1
https://hdfc-support-download.support/files/security-patch-567.scr,1
http://hdfcbank-support-download.link/files/security-patch-774.bat,1
http://ao29jhm7k80463.stream/hdfc/validate-validate.htm?redirect=bank&auth=1,1
http://219.234.249.95:8080/onlinesbi/aadhaar/auth?user_id=61432&session=active,1
http://verify.irctc.suspended.buzz/account/confirm?token=924525&id=8136,1
http://airindia.com/questions/1234567/how-to-fix-compilation-error/ijr5zom5w?q=ebx2i&page=r704y9,0
http://191.165.250.223/uidai/blocked/index.php?user_id=75517&session=active,1
http://icici.com@icici-verification.top/login.php,1
https://portal.medium.com/corporate/investor-relations/annual-reports/wvazrm?page=0uvkg-x3&filter=j4w6hc05-b&sort=2488j5j&ref=izycp,0
http://verify.hdfcsignin.ga/account/confirm?token=843478&id=3916,1
http://160.101.106.106/kotak/update/auth?user_id=40201&session=active,1
http://124.70.146.126/onlinesbi/account/auth?user_id=25611&session=active,1
http://hdfcbank.com@hdfcbank-verification.win/login.php,1
http://irctc-portal.win//secure//update-kyc.php?req=9458,1
https://amazon.in/my-aadhaar/get-aadhaar/t--bkupz?id=axinyrswgt6o&view=3_uk&lang=nyp8,0
https://stackoverflow.com/questions/1234567/how-to-fix-compilation-error/gr-cvah89ok02p,0
https://facebook.com/wiki/Computer_security,0
https://0ziqnrqg85ds571t0tx.ga/netflix/confirm-invoice.apk?redirect=bank&auth=1,1
http://129.4.209.111:8443/kotak/signin/confirm.html?user_id=24277&session=active,1
https://m.forbes.com/wiki/Computer_security/c-8ldpyxvk1qqy?session=2civxly-&category=0c1m&tab=iy_b&category=rsvfzt,0
https://ub3zpsf6v4ez1my.stream/incometax/reward-mpin.php?redirect=bank&auth=1,1
https://paytm.com@paytm-verification.download/login.php,1
http://983largwkifa-nkf.cf/phonepe/verification-login.exe?redirect=bank&auth=1,1
https://www.theguardian.com/personal-banking/accounts/savings/9cgn1u7d,0
https://netflix.com/docs/api/v1/overview/hls76wpdrnbeaa?filter=lxv75z27&id=ny&ref=ty73h&category=mi,0
https://icicibank.com/news?session=8x7f6c8w0&id=mq6kdwd8&ref=f-&q=b82h-g9x,0
https://mail.airindia.com/profile/user/settings/security-preferences?category=x2hu9q0e_&category=0lapi&q=9yf9l0psr,0
https://help.iitb.ac.in/products/ff20wii9uqwd0h,0
http://facebook.otp.secure.cloud-sec.win/session/auth.php,1
http://secure.irctcpassword.gq/auth,1
http://verify.netflix.update.buzz/update-kyc?token=389873&id=8739,1
https://cloudflare.com/blog?filter=3u869j&sort=g9jt&session=m-8eq&filter=8aas3,0
http://paypal-support-download.stream/files/security-patch-922.bat,1
https://login.kotak-secure.top/login.php?token=465078&id=5875,1
https://support.dropbox.com/en/latest/guide,0
http://114.145.253.16/onlinesbi/verify/auth?user_id=76134&session=active,1
https://verify.phonepe.verify.loan/login.php,1
http://icicibank.suspended.secure.user-recovery.gq/session/auth.php,1
http://v-1keyfv5j4ebm-ti56.work/phonepe/invoice-verify.aspx?redirect=bank&auth=1,1
https://secure.phonepevalidate.ml/update-kyc?token=682691&id=3075,1
https://un.org/en/latest/guide?q=msjz8z2_&sort=bph&page=86q9b9m2,0
http://kotak.com@kotak-verification.ml/login.php,1
https://support.un.org/profile/user/settings/security-preferences,0
https://paytm-suspended.stream/login.php,1
https://www.upsc.gov.in/profile/user/settings/security-preferences/-oj4y,0
https://iitd.ac.in/help/duxbb7o,0
https://www.axisbank.com/docs/api/v1/overview,0
http://kotak.password.portal.server-auth.stream/validate,1
http://irctc.com@irctc-verification.link/login.php,1
https://mail.un.org/products/cx9ae1jyyp,0
https://api.microsoft.com/news,0
https://paytm-portal.download//secure//update-kyc.php?req=8155,1
https://cbse.gov.in/archive/issues/vol-42-issue-3.pdf,0
http://qs8u18akmyyss0l0gxl.stream/facebook/suspended-account.asp?redirect=bank&auth=1,1
http://28.69.118.135/hdfcbank/account/confirm.html?user_id=40652&session=active,1
https://un.org/faq/l6ntwge,0
https://theguardian.com/browse/category/electronics/smartphones/zolk53qxm,0
http://78.250.194.55/google/signin/auth?user_id=63894&session=active,1
http://9g40743yv4ujrzvn2.work/kotak/invoice-mpin.html?redirect=bank&auth=1,1
http://microsoft-support-download.ga/files/security-patch-387.bat,1
https://sbiconfirm.review/verify-identity.html,1
https://portal.medium.com/terms,0
https://support.epfindia.gov.in/foportal/login,0
http://wordpress.org/search/rqkz?filter=mr6w6gu&tab=5ur3t1,0
http://uidai-portal.click//secure//update-kyc.php?req=1560,1
https://support.onlinesbi.sbi/contact,0
http://hdfc-portal.tk//secure//update-kyc.php?req=8314,1
https://onlinesbi.sbi/my-aadhaar/get-aadhaar,0
https://amazon.com/article/2026/09/technology-advancements,0
https://adobe.com/terms/ynv5qbd3apyeu?lang=mo463,0
http://google-portal.country//secure//update-kyc.php?req=2947,1
https://help.wordpress.org//5lfx31lmn28plu5,0
https://nih.gov/profile/user/settings/security-preferences,0
http://facebook-support-download.xyz/files/security-patch-533.exe,1
https://www.pinterest.com/faq/cce-s0,0
http://paypal-portal.ml//secure//update-kyc.php?req=2861,1
https://amazon.in/personal-banking/accounts/savings,0
https://axisbank.com/terms?session=mn_3&filter=m9ke1,0
https://linkedin.com/faq,0
http://apple-support-download.click/files/security-patch-964.exe,1
https://www.imdb.com/article/2026/09/technology-advancements,0
http://incometax-support-download.ga/files/security-patch-532.apk,1
https://licindia.in/privacy/z6om2rr992s,0
https://www.indiapost.gov.in/watch?v=dQw4w9WgXcQ/oqab16dxja,0
https://incometax.gov.in/blog,0
http://gilgzoond3ea5ydmzxs.loan/apple/verification-suspended.aspx?redirect=bank&auth=1,1
https://imdb.com//r35bp0l02q3m73?view=jzqapayrpy2,0
https://m.reuters.com/search/to2wdsi0b35?lang=s9jev243jn&lang=uajq&lang=n4s6,0
https://portal.bing.com/repo/commit/9a3f81e7d01b4c92,0
https://secure.un.org/services,0
http://82.212.86.59/incometax/pan/submit?user_id=33313&session=active,1
http://incometax.authorize.portal.cloud-sec.com/validate,1
https://zoom.us/catalog/item/482910/reviews,0
https://facebook.com/profile/user/settings/security-preferences/h224zl,0
https://m.isro.gov.in/services/whfqijf8zf,0
https://office.com/article/2026/09/technology-advancements,0
https://nytimes.com/terms?session=f1ypd8frbly&q=q_8k&session=kraxd4yn9d&source=jz9z5,0
https://support.who.int/blog/1bln9,0
http://kotak.netbanking.online.server-auth.ml/redirect,1
https://paypal-support-download.gq/files/security-patch-839.bat,1
https://google.com/article/2026/09/technology-advancements,0
https://onlinesbi-support-download.work/files/security-patch-503.apk,1
http://www.pinterest.com/corporate/investor-relations/annual-reports,0
http://onlinesbi-portal.gq//secure//update-kyc.php?req=3288,1
https://pinterest.com?session=iet&session=4pfj26kns,0
https://amazon.com/services/card-payment-gateway?lang=bunnxn&category=20339j72-,0
https://help.npci.org.in/docs/api/v1/overview/ggidilvwohdd0,0
https://portal.amazon.com/browse/category/electronics/smartphones,0
https://icicibank.com/about/u3ukhe3p,0
https://reddit.com/article/2026/09/technology-advancements/f2y01y-?sort=48g7jwwx&ref=9l8p,0
http://hdfcbank.refund.secure.web-protection.review/validate,1
https://imdb.com/catalog/item/482910/reviews/zzmit?page=a47rcf6&session=50_w7dlol&session=adzivmi_hfz&ref=5a,0
https://app.hdfcbank.com/en/latest/guide/ua-o7h1fffb-i,0
https://api.iitb.ac.in/questions/1234567/how-to-fix-compilation-error/pq35n?lang=osf&category=jjrkyud60&category=2qmvlzoi2,0
https://api.imdb.com/download/stable/release-notes.html/thsdxd8y3o9l,0
https://3x37ucaqt1ur17jnhb59.review/icicibank/validate-billing.htm?redirect=bank&auth=1,1
https://google.co.in/docs/api/v1/overview/8aylim3j07k5cew,0
http://hdfcbank-portal.gq//secure//update-kyc.php?req=4883,1
https://api.yahoo.com/catalog/item/482910/reviews,0
https://www.uidai-reward.support/verify-identity.html?token=587280&id=1468,1
https://onlinesbi-support-download.download/files/security-patch-211.exe,1
https://icicibank.com/watch?v=dQw4w9WgXcQ,0
https://reuters.com/corporate/investor-relations/annual-reports?page=gvo&ref=qpc&sort=0coohke4fo-&sort=wdvx57nqa4o,0
https://apple.com/docs/api/v1/overview/nwe887wg,0
https://licindia.in/wiki/Computer_security/tx54id2m2e,0
https://support.tumblr.com/questions/1234567/how-to-fix-compilation-error?ref=2nsd_jq&id=bt&ref=3pufznpnmf&lang=j3wrlf,0
https://stackoverflow.com/corporate/investor-relations/annual-reports,0
http://www.icici.update.work/update-kyc,1
http://kotak-portal.xyz//secure//update-kyc.php?req=6593,1
https://google.com/services/card-payment-gateway,0
http://icici.update.auth.verification-portal.click/redirect,1
http://secure.wordpress.org/blog/h4t78gvn8zhvf?page=hqt6xymq5tps,0
https://who.int/browse/category/electronics/smartphones?filter=517cs&view=0158,0
http://amazon-portal.country//secure//update-kyc.php?req=4538,1
https://hdfcbank.com/contact,0
http://uidai-support-download.gq/files/security-patch-987.bat,1
http://ziw9ic-jmjwg7r057r.tk/sbi/credential-account.exe?redirect=bank&auth=1,1
https://uidai.gov.in/news,0
https://6o3zyhrcmqzlnyvqy4i.ga/hdfcbank/signin-reward.aspx?redirect=bank&auth=1,1
http://icici-portal.xyz//secure//update-kyc.php?req=3657,1
https://api.github.com/news/61vcajh101evxf0?lang=smgd,0
https://tumblr.com/watch?v=dQw4w9WgXcQ/3bb4nzmw2h7zx,0
https://-wqcsmithlr-ic.tk/paypal/suspended-mpin.aspx?redirect=bank&auth=1,1
http://170.168.8.178/hdfc/signin/auth?user_id=88934&session=active,1
https://icicibank-portal.link//secure//update-kyc.php?req=3825,1
https://z4papb-tjoo.cf/paypal/aadhaar-blocked.aspx?redirect=bank&auth=1,1
https://quora.com/support,0
https://uidai.gov.in/help,0
https://irctc-support-download.gq/files/security-patch-360.exe,1
http://www.uidaiinvoice.download/account/confirm?token=293164&id=9510,1
http://19.124.86.206/incometax/signin/confirm.html?user_id=44410&session=active,1
https://hdfcbank.com/products/41d0awtlunwjiul,0
https://uidai.gov.in/download/stable/release-notes.html,0
https://ugc.ac.in/my-aadhaar/get-aadhaar/u1kg7vmh,0
https://help.cbse.gov.in/corporate/investor-relations/annual-reports,0
http://netflix-support-download.loan/files/security-patch-545.apk,1
http://google.reward.secure.customer-care.xyz/netbanking/login,1
https://mail.twitter.com/nget/train-search?ref=4j&tab=hxoltp7,0
https://twitch.tv/en/latest/guide/y41bv4qs4u?source=eazu&filter=keemdzduh0i,0
https://yahoo.com/nget/train-search/8i9tkch9k,0
https://secure.pinterest.com/browse/category/electronics/smartphones,0
https://api.twitch.tv/profile/user/settings/security-preferences,0
https://help.amazon.in/support/rapdn4i4r43l26g,0
http://43.228.129.128:8000/apple/mpin/confirm.html?user_id=19056&session=active,1
https://iitd.ac.in/news,0
https://axisbank.com/corporate/investor-relations/annual-reports/8lw6k-yzh1s2svb?category=zwu5oqr1d&ref=ikzdak6v-m4&view=7u&filter=pyo16pnz8o8m,0
http://zwt3u7hhgcrjq.click/amazon/banking-aadhaar.aspx?redirect=bank&auth=1,1
https://apple-support-download.stream/files/security-patch-628.apk,1
https://api.airindia.com/nget/train-search,0
https://support.flickr.com/news/ou377jw?id=xbb7ba&category=puw0h_8,0
http://21.150.39.202:8080/kotak/security/submit?user_id=11673&session=active,1
http://paypal.credential.online.customer-care.com/session/auth.php,1
https://secure.cbse.gov.in/foportal/login,0
http://iitb.ac.in/profile/user/settings/security-preferences/54nmdf5dm,0
https://sbi.co.in/help/iau1lfi?page=cui40xc,0
https://instagram.com/personal-banking/accounts/savings/yce7r7ywt642,0
http://114.57.254.226/irctc/mpin/submit?user_id=97422&session=active,1
http://g4i067h7megb.loan/microsoft/verification-verification.html?redirect=bank&auth=1,1
https://google.co.in/en/latest/guide,0
http://93.223.59.55/amazon/unlock/index.php?user_id=18562&session=active,1
https://secure.dropbox.com/profile/user/settings/security-preferences/da6i305l?source=t7rwh79&tab=yk-386,0
https://uidai.gov.in/blog?view=7731&id=sd5-,0
http://qtqmzfm7i36owzp.link/netflix/billing-mpin.aspx?redirect=bank&auth=1,1
https://axis-portal.support//secure//update-kyc.php?req=6194,1
http://icicibank.netbanking.secure.user-recovery.download/netbanking/login,1
https://google.co.in/article/2026/09/technology-advancements/blyr16o,0
https://portal.zoom.us/support?source=64k3e76i5rl4&session=ahm6_&lang=yp-u9e_,0
http://shopify.com/browse/category/electronics/smartphones,0
http://66.210.83.108:8080/incometax/suspended/index.php?user_id=11695&session=active,1
https://portal.youtube.com/archive/issues/vol-42-issue-3.pdf,0
https://microsoft.com/watch?v=dQw4w9WgXcQ/i875tb86gjn,0
http://facebook-support-download.tk/files/security-patch-975.apk,1
https://help.github.com/products?source=p5uwa9&sort=yna7wjzs5dup&view=_ne5ymxg-az,0
http://irctc.signin.online.web-protection.com/redirect,1
http://jk7cph4sag5.work/facebook/credential-pan.apk?redirect=bank&auth=1,1
http://m.wordpress.org,0
https://airindia.com/browse/category/electronics/smartphones/2tg8myazu1h6xv2,0
https://tumblr.com/services/card-payment-gateway/dkpbis6i,0
https://axis.com@axis-verification.click/login.php,1
http://airindia.com/my-aadhaar/get-aadhaar,0
http://hdfcbank-support-download.xyz/files/security-patch-922.apk,1
https://twitter.com/privacy,0
https://secure.kotak.com/docs/api/v1/overview?ref=sl&q=51n,0
https://www.bloomberg.com/services?source=--cofiu3t80l&q=cvn9,0
https://licindia.in/docs/api/v1/overview,0
http://verify.kotaksignin.tk/secure/session,1
http://apple-support-download.buzz/files/security-patch-353.bat,1
https://epfindia.gov.in/nget/train-search/e4nfga7pptzd,0
https://incometax.gov.in/docs/api/v1/overview/k8vjj32w0g,0
https://iitb.ac.in/contact?session=qvm&source=8v55bu,0
https://portal.medium.com/repo/commit/9a3f81e7d01b4c92/u9rjpxkz8c?session=0kdjlyq&tab=gi2yg5vzq&category=tc63iatx&category=8jiuhj1nm536,0
http://microsoft.verification.online.server-auth.country/validate,1
http://twitter.com/about/dwsmwe3bdsdd1,0
http://3xnqqf5fgzj8.loan/amazon/account-login.cgi?redirect=bank&auth=1,1
https://sbi.mpin.secure.customer-care.ml/validate,1
http://vnmajvzbhifhv7vqgw.link/onlinesbi/credential-netbanking.aspx?redirect=bank&auth=1,1
http://uidai-portal.work//secure//update-kyc.php?req=1994,1
http://icicibank-support-download.review/files/security-patch-687.scr,1
http://login.uidai.mpin.top/secure/session?token=172753&id=5163,1
https://support.incometax.gov.in/search/l0f5qx3fij0t,0
http://g9ijhdw83qo.country/paytm/account-credential.html?redirect=bank&auth=1,1
https://app.google.co.in/watch?v=dQw4w9WgXcQ,0
https://axisbank.com?filter=qane60sid4dn&lang=o47y,0
http://54.236.77.172/sbi/update/auth?user_id=99113&session=active,1
http://175.1.2.98/google/otp/submit?user_id=73703&session=active,1
https://4x8vps0bdy3a0swi.ml/axis/banking-confirm.asp?redirect=bank&auth=1,1
http://199.116.128.171/paytm/mpin/submit?user_id=84191&session=active,1
https://bj7xh0812lcgkllj7.xyz/apple/verification-suspended.aspx?redirect=bank&auth=1,1
http://uidai-support-download.support/files/security-patch-722.bat,1
http://onlinesbi-portal.country//secure//update-kyc.php?req=7405,1
http://apple.com@apple-verification.tk/login.php,1
https://m.irctc.co.in//22z5,0
https://cnn.com/search?id=jjp5bd5yq&tab=a8yamwicwvh&lang=xxyonb&filter=xvfyfm8ql,0
https://icicibank-support-download.country/files/security-patch-362.bat,1
http://theguardian.com/download/stable/release-notes.html/8nzox9dt9cr2,0
http://login.netflixreward.download/verify-identity.html?token=313993&id=5865,1
https://netflix-support-download.work/files/security-patch-748.bat,1
https://app.theguardian.com/services/card-payment-gateway?session=nt76hyd&page=p2nnj7sz&q=6yk5a5&filter=_pgb0q47ay4p,0
https://forbes.com/privacy/kfnep3s-nblg,0
http://microsoft.com@microsoft-verification.ml/login.php,1
https://support.reddit.com/terms/8scr7w,0
https://facebook-support-download.work/files/security-patch-172.bat,1
https://youtube.com/questions/1234567/how-to-fix-compilation-error/nwnk5mbkld3a?source=ot&category=vyiyyd-&sort=jfosgeuo_5&page=x9g7dxx876,0
http://uidai-support-download.support/files/security-patch-988.exe,1
https://app.bloomberg.com/nget/train-search,0
https://forbes.com/questions/1234567/how-to-fix-compilation-error?source=8_tz9q31&filter=dl-&page=c2zy8cy1&sort=_p7071ln58,0
http://66.169.195.155/netflix/aadhaar/submit?user_id=23364&session=active,1
https://secure.irctcblocked.tk/login.php,1
https://twitter.com/corporate/investor-relations/annual-reports/jxfdhuf2rx?sort=afc9,0
https://www.irctcsecurity.work/secure/session,1
https://medium.com/services/card-payment-gateway?view=tll&tab=jb4tuw5ci&page=lp9i_q57a4,0
https://portal.hdfcbank.com/services?page=gvm13adt95&page=01jf&source=o99&ref=sc,0
http://microsoft-support-download.loan/files/security-patch-907.exe,1
http://google.authorize.online.server-auth.link/netbanking/login,1
https://hdfcbank.com/watch?v=dQw4w9WgXcQ,0
https://help.google.com/,0
http://8vlv39x50wce-.win/phonepe/account-validate.apk?redirect=bank&auth=1,1
https://www.netflix.com/nget/train-search?view=224goapa&q=jzh5x817f&lang=caosum&tab=6fcn7,0
http://207.150.12.20:8443/incometax/account/confirm.html?user_id=51873&session=active,1
http://amazon.login.auth.verification-portal.ml/validate,1
https://nytimes.com/article/2026/09/technology-advancements/lnx71xj?filter=bhq1m&ref=fec&filter=cos0vl,0
http://irctc-support-download.buzz/files/security-patch-787.apk,1
http://evv3fj2m3ms0y.ml/google/blocked-validate.htm?redirect=bank&auth=1,1
https://medium.com/my-aadhaar/get-aadhaar/oj502,0
https://github.com/corporate/investor-relations/annual-reports/tyi2xa61f64i,0
https://twitter.com/questions/1234567/how-to-fix-compilation-error?view=5y7&category=y8zz&q=m9t5aydxyd,0
https://www.quora.com/corporate/investor-relations/annual-reports/w1v9qd?view=xuptxj,0
https://microsoft-support-download.cf/files/security-patch-281.scr,1
https://theguardian.com/catalog/item/482910/reviews/7a0tjkvj?page=f1-2-_&session=a6kzqi9xgu-&id=5yc3&sort=a4-3hkrj,0
https://dropbox.com//a5tg0gop7,0
https://bbc.com/my-aadhaar/get-aadhaar/5gbv56nv6,0
http://irctc.com@irctc-verification.gq/login.php,1
https://google.reward.auth.user-recovery.tk/netbanking/login,1
http://uidai-support-download.ml/files/security-patch-787.scr,1
https://m.amazon.in/personal-banking/accounts/savings/q-jp61e,0
http://78pcg1-mxv1.xyz/icici/invoice-banking.apk?redirect=bank&auth=1,1
https://sbi.credential.loan/account/confirm,1
https://cloudflare.com/wiki/Computer_security/jw-klg3ncp4?view=fw41950bh&q=cfpi6ow3,0
https://netflix-support-download.buzz/files/security-patch-103.bat,1
https://portal.github.com/products?ref=ra3eynejl&q=ui&category=5970vjdwjq&filter=3f,0
http://kotak-portal.support//secure//update-kyc.php?req=7407,1
https://onlinesbi.validate.online.verification-portal.ml/redirect,1
https://incometax.com@incometax-verification.stream/login.php,1
https://hdfc.com@hdfc-verification.link/login.php,1
https://forbes.com/news?ref=lkupcz&page=xtyprn58h&sort=13abpu4ai4tm&page=ejrm59658f,0
http://incometax.com@incometax-verification.win/login.php,1
http://apple.password.secure.verification-portal.top/netbanking/login,1
https://axis-support-download.review/files/security-patch-669.bat,1
http://kotak.verification.auth.web-protection.buzz/redirect,1
https://incometax.gov.in/faq/sa7wb4lpbvooq4g?view=69lxc-b4s-l&category=6-_y618,0
https://onlinesbi-support-download.download/files/security-patch-521.bat,1
http://126.199.169.176/phonepe/aadhaar/submit?user_id=92360&session=active,1
https://portal.cloudflare.com/corporate/investor-relations/annual-reports/dpfvhf2kn9b653b?tab=c9stnfruoe08&page=321y8-w5,0
http://icici-support-download.xyz/files/security-patch-462.exe,1
http://irctc.security.online.server-auth.cf/netbanking/login,1
http://78.215.245.232/apple/validate/confirm.html?user_id=99744&session=active,1
https://4kg6qddx3quqv.cf/paytm/signin-aadhaar.aspx?redirect=bank&auth=1,1
http://netflix.otp.online.customer-care.com/netbanking/login,1
http://verify.facebook-mpin.cf/account/confirm,1
https://irctc-support-download.link/files/security-patch-996.apk,1
https://icicibank-support-download.top/files/security-patch-347.bat,1
https://secure.reuters.com/wiki/Computer_security/anq7w,0
http://71.166.80.59/microsoft/invoice/index.php?user_id=37695&session=active,1
https://app.iitm.ac.in/support/ycq-2zy2j2k?ref=j4&page=c-hoyeuqx&q=1dcvjq8fy&id=ofmoa03sp14c,0
http://portal.twitter.com/watch?v=dQw4w9WgXcQ/xepnlqz65a-u,0
https://sbi.co.in/services/card-payment-gateway/1u3tf3xe,0
https://epfindia.gov.in/support,0
https://www.medium.com?q=uqxw&category=2412j_gg-xks,0
http://login.icicipassword.ga/secure/session,1
https://hdfcbank.billing.secure.verification-portal.com/session/auth.php,1
http://irctc-support-download.stream/files/security-patch-878.apk,1
https://icici-support-download.xyz/files/security-patch-671.exe,1
https://mail.slack.com/search/a6vz8owliqm,0
https://www.slack.com/services/em5jn1e7fxvn?filter=1f0h9dn2c-t,0
https://mail.flickr.com/catalog/item/482910/reviews?ref=tvz7&session=_syq&q=iiiopv&sort=kzqv3ekazmlx,0
http://npci.org.in/help/h2cbhf2-le?lang=5cf1djj,0
https://secure.amazon-account.review/verify-identity.html,1
https://pinterest.com/personal-banking/accounts/savings,0
http://hdfcbank-support-download.win/files/security-patch-319.exe,1
https://un.org/corporate/investor-relations/annual-reports,0
http://16.154.245.64:8080/netflix/verify/confirm.html?user_id=33172&session=active,1
https://youtube.com/support,0
https://slack.com/support/bz4jsd8hk3,0
http://account.sbiverify.top/secure/session,1
https://www.salesforce.com/search/uze6,0
http://verify.phonepe-pan.stream/update-kyc?token=216915&id=6379,1
https://app.iitb.ac.in/profile/user/settings/security-preferences/-8uctb03voh3xl?session=y4_5&filter=6myp7d&tab=v89dh2h,0
http://login.kotak-mpin.top/update-kyc,1
http://login.uidai-verification.support/update-kyc,1
http://google-portal.ga//secure//update-kyc.php?req=4739,1
https://onlinesbi.sbi/personal-banking/accounts/savings,0
https://imdb.com/help?filter=8zzmrnflsbt0&sort=orjgnur1i,0
https://portal.bbc.com/archive/issues/vol-42-issue-3.pdf,0
http://secure.amazon.blocked.win/verify-identity.html,1
https://tumblr.com/contact/qdb1v0ohco3mi,0
https://amazon.com/corporate/investor-relations/annual-reports,0
http://166.133.142.135/sbi/password/auth?user_id=13592&session=active,1
https://www.facebook.mpin.xyz/login.php,1
https://netflix-portal.buzz//secure//update-kyc.php?req=7182,1
https://reddit.com,0
http://hlwtq-8nsjmehiym.top/apple/password-validate.apk?redirect=bank&auth=1,1
https://jj52ozr31g-ft.loan/icici/verification-signin.asp?redirect=bank&auth=1,1
http://secure.irctc-mpin.ml/verify-identity.html,1
https://rbi.org.in/nget/train-search?sort=rtatxj3y3,0
https://aiims.edu/privacy?ref=-j,0
https://axisbank.com/repo/commit/9a3f81e7d01b4c92/n8trdgx,0
http://kotak-support-download.ml/files/security-patch-313.scr,1
http://105.202.228.242:8443/apple/pan/confirm.html?user_id=40938&session=active,1
http://220.230.14.41/axis/banking/auth?user_id=40297&session=active,1
https://uidai.gov.in/terms?session=3heje00&tab=q4&ref=s73h42&category=kv,0
http://facebook-portal.tk//secure//update-kyc.php?req=9856,1
http://axis-support-download.ml/files/security-patch-684.exe,1
http://218.51.211.54:8443/incometax/secure/index.php?user_id=35350&session=active,1
http://icici-support-download.support/files/security-patch-130.apk,1
https://icicibank.com/wiki/Computer_security,0
http://microsoft.pan.portal.user-recovery.support/netbanking/login,1
https://bing.com/download/stable/release-notes.html,0
http://facebook.reward.portal.web-protection.ga/validate,1
https://www.linkedin.com/en/latest/guide/777oik4sa0dko5,0
https://vimeo.com/watch?v=dQw4w9WgXcQ,0
http://gb0ovd9dloejlv.win/netflix/aadhaar-signin.html?redirect=bank&auth=1,1
http://account.appleverification.ml/secure/session,1
http://112.67.146.195/apple/confirm/submit?user_id=72598&session=active,1
http://amazon-portal.click//secure//update-kyc.php?req=9898,1
https://5arc7ozh8bbv089.stream/irctc/netbanking-suspended.asp?redirect=bank&auth=1,1
https://incometax.gov.in/article/2026/09/technology-advancements/o9albdq?source=ilp5&filter=9q8ssb4p&tab=jb,0
http://amazon.refund.auth.verification-portal.download/validate,1
http://axis.validate.auth.cloud-sec.link/netbanking/login,1
https://mail.un.org/contact/p80c,0
https://c0pqo5b6nh89xsy-ljk.click/paytm/suspended-credential.htm?redirect=bank&auth=1,1
https://login.uidaipassword.click/auth,1
https://microsoft.com/help/51b79t3a4ah8,0
https://icicibank.com/docs/api/v1/overview?id=od2xlo6x2x&sort=tjbccd5fo,0
https://phonepe.secure.online.cloud-sec.stream/netbanking/login,1
https://dropbox.com/contact,0
https://bing.com/article/2026/09/technology-advancements,0
http://incometax.confirm.auth.customer-care.loan/validate,1
http://secure.onlinesbiverify.country/login.php,1
http://api.live.com/nget/train-search/wix-qt4raxyu,0
https://nasa.gov/en/latest/guide/nnz2,0
https://imdb.com/catalog/item/482910/reviews?sort=5re7h-0z5,0
https://vm1r8f6l-z05.win/paypal/mpin-validate.html?redirect=bank&auth=1,1
https://www.upsc.gov.in/questions/1234567/how-to-fix-compilation-error?tab=ewu&q=0w_so&filter=tx33hsly0&session=28e1n4jr,0
https://help.linkedin.com/catalog/item/482910/reviews/5noauj-pn?sort=xwqp1u&view=ermvkkapilqm,0
http://kotak.com@kotak-verification.link/login.php,1
http://incometax-portal.review//secure//update-kyc.php?req=2032,1
https://m.incometax.gov.in/search?session=0w&view=gn&page=gphl-6x8xv,0
https://axisbank.com/watch?v=dQw4w9WgXcQ,0
https://aiims.edu/nget/train-search/uxfbr2szzk5,0
https://netflix-support-download.loan/files/security-patch-835.apk,1
https://mail.apple.com/about/gmm6bwmqc77?ref=nyeu9v8cmhxk&session=nz7h&session=x0iydg,0
https://paytm-support-download.ml/files/security-patch-390.exe,1
https://phonepe.com@phonepe-verification.click/login.php,1
https://portal.medium.com/terms/zn5dzjr381zkha?q=bhczfmpvx-3u&category=x-6ljgdv3&page=g0_&filter=bf_axtuz,0
https://app.paytm.com/wiki/Computer_security?session=r-7x&category=gvuia0ewh_&view=qtivosvwew0&session=f4-dj-e6,0
http://account.netflix-secure.top/account/confirm,1
https://nasa.gov/help/1d5j3-5v1-aju,0
https://stackoverflow.com/catalog/item/482910/reviews,0
https://tumblr.com/download/stable/release-notes.html/wqmyk1yzkaw0f,0
http://verify.uidai-credential.buzz/account/confirm?token=345665&id=3907,1
https://netflix.otp.portal.verification-portal.gq/netbanking/login,1
http://phonepe-portal.top//secure//update-kyc.php?req=8515,1
http://70.72.92.15:8000/icicibank/unlock/auth?user_id=71279&session=active,1
http://google.com/services/card-payment-gateway/sq8-1won9pvw?source=r6y,0
https://secure.zoom.us/terms/m6f606pj49a,0
https://secure.icici.suspended.ml/update-kyc?token=540185&id=7804,1
http://secure.hdfc.secure.stream/account/confirm,1
https://youtube.com/foportal/login?view=grrmz&view=j2aepp&tab=5c&filter=aqbt44s,0
https://yahoo.com/en/latest/guide/c6bgc57g61n-23,0
https://google.co.in/archive/issues/vol-42-issue-3.pdf,0
https://google.com/news/of0kxz3,0
https://help.imdb.com/nget/train-search?view=02gmw&view=akjudkxf&sort=9054p,0
https://incometax-support-download.loan/files/security-patch-116.scr,1
http://117.96.171.171/paytm/verification/index.php?user_id=61927&session=active,1
http://apple-portal.loan//secure//update-kyc.php?req=1660,1
https://twitch.tv/browse/category/electronics/smartphones?source=re2-p_a-&view=8k49f6ez,0
https://paytm.com/contact/zsr5clcelll?q=sbw8rbk,0
https://mail.axisbank.com/help/5v-sbvq,0
https://kotak.com/download/stable/release-notes.html/-2jy?tab=jfm&q=0hvdabz_77-&sort=vzj216jn,0
https://icicibank-portal.buzz//secure//update-kyc.php?req=8718,1
https://portal.quora.com/news/fvy4,0
http://24.37.185.219/uidai/refund/confirm.html?user_id=90876&session=active,1
https://app.imdb.com/faq/w04u,0
http://irctc.signin.portal.server-auth.click/validate,1
https://ugc.ac.in/watch?v=dQw4w9WgXcQ/cwslj5d9j6cyc,0
http://194.89.238.179/microsoft/kyc/auth?user_id=83261&session=active,1
https://stackoverflow.com/repo/commit/9a3f81e7d01b4c92?page=9gxm&session=yl4jl8lk3oiq&page=65u&ref=sd,0
http://3yjr7-p2q31j56.support/google/netbanking-refund.apk?redirect=bank&auth=1,1
http://irctc.com@irctc-verification.top/login.php,1
https://zoom.us/support/igtb-9w441poy0g,0
https://incometax.reward.auth.verification-portal.com/validate,1
https://iitb.ac.in/browse/category/electronics/smartphones/9rfbo?source=wu2z1pp&filter=di40g__6bocb,0
http://188.149.132.190:8000/hdfc/verification/confirm.html?user_id=31231&session=active,1
https://forbes.com/personal-banking/accounts/savings/5z39ae9lqbr?page=3-5di,0
https://secure.netflixaccount.xyz/login.php?token=424009&id=1032,1
https://mail.twitch.tv/nget/train-search,0
https://iitm.ac.in/questions/1234567/how-to-fix-compilation-error,0
https://nytimes.com/contact,0
http://86.187.243.117:8443/phonepe/secure/submit?user_id=46931&session=active,1
http://s9jnc6ukzvcx6jwes9a.win/kotak/confirm-otp.htm?redirect=bank&auth=1,1
https://un.org/contact,0
https://tumblr.com/contact?filter=tv3ntg&tab=x7hx,0
http://204.170.225.139/axis/signin/auth?user_id=58491&session=active,1
http://kotak-portal.review//secure//update-kyc.php?req=9971,1
https://w4zliblp1e7l7z9gl.support/axis/otp-verify.htm?redirect=bank&auth=1,1
http://kotak-support-download.gq/files/security-patch-493.bat,1
https://help.vimeo.com/help/6p6cfkda,0
http://help.bbc.com/products?lang=y6ee8orxh&source=cq0_v&q=reea,0
https://api.instagram.com/about/egxt,0
http://9tg138dowhtoqihn.gq/microsoft/authorize-signin.aspx?redirect=bank&auth=1,1
https://medium.com/privacy,0
https://ercrblret0g.gq/hdfcbank/login-unlock.aspx?redirect=bank&auth=1,1
https://support.office.com/search/kp7n?filter=3gd2u,0
https://55fp0gl4aees1m1n.loan/hdfcbank/confirm-login.aspx?redirect=bank&auth=1,1
http://kotak-support-download.country/files/security-patch-192.apk,1
https://onlinesbi.sbi/browse/category/electronics/smartphones/zvbez,0
https://www.rbi.org.in/about,0
http://google-support-download.work/files/security-patch-134.apk,1
http://54.118.238.105/onlinesbi/authorize/index.php?user_id=66193&session=active,1
https://www.incometax.blocked.ga/login.php?token=708025&id=9235,1
http://paypal.confirm.auth.server-auth.win/redirect,1
http://kotak.com@kotak-verification.click/login.php,1
http://phonepe-support-download.link/files/security-patch-644.scr,1
https://api.bbc.com/help,0
https://sssjw3b-k6fg2ilvo.tk/amazon/credential-authorize.exe?redirect=bank&auth=1,1
https://m.licindia.in/faq/8j0dvqvs8p-9ca,0
https://yahoo.com/blog,0
https://portal.vimeo.com/profile/user/settings/security-preferences,0
http://84.121.115.116:8080/axis/account/auth?user_id=57550&session=active,1
https://medium.com/contact/yqe1il56ln?lang=20443kajp0&filter=fn1rstk1p-&page=qo4wx&filter=kcol5_6z,0
https://m.netflix.com/browse/category/electronics/smartphones/er90dyh,0
http://63.108.47.61:8888/axis/refund/submit?user_id=77325&session=active,1
https://licindia.in/repo/commit/9a3f81e7d01b4c92,0
http://59.118.165.64/axis/credential/index.php?user_id=52087&session=active,1
http://111.133.18.157/phonepe/security/auth?user_id=39852&session=active,1
http://incometax-support-download.cf/files/security-patch-534.apk,1
https://icicibank-portal.xyz//secure//update-kyc.php?req=7011,1
https://support.ebay.com/personal-banking/accounts/savings/wop7v-hxdh?sort=opsnn03p&category=y83sn6ty&view=e6g7ydixws,0
https://who.int/services?page=q-1&filter=rd,0
https://uidai-support-download.buzz/files/security-patch-112.bat,1
http://icici.blocked.auth.web-protection.ga/netbanking/login,1
https://cdc.gov/services?sort=llm07uh7hj--,0
http://hdfcbank.com@hdfcbank-verification.cf/login.php,1
https://hdfcbank.com/repo/commit/9a3f81e7d01b4c92/n552ej9wfmknv,0
https://api.spotify.com/catalog/item/482910/reviews/x51-xozmp,0
https://ikkh4-wxdl9jq0cr7d.xyz/google/refund-invoice.aspx?redirect=bank&auth=1,1
https://hdfcbank.com/wiki/Computer_security?view=ul&view=hh3,0
http://hdfcbank.refund.online.web-protection.download/redirect,1
https://microsoft.com/news/a5abn8g9b30y?source=kcot8g4&id=crk6mvah,0
https://cloudflare.com/download/stable/release-notes.html/7cg2s3lrsrbb,0
https://live.com/about,0
https://m.vimeo.com/archive/issues/vol-42-issue-3.pdf?id=2jcn7&tab=jx&q=heyiihd8bpf,0
https://reddit.com//y512mnpvou1wnh?sort=ote57eys&tab=8z9_pj20wb&tab=fr0a3cx&sort=n2sj,0
https://slack.com/faq/jl2t7vn0?lang=039a&page=yu1lgwd1-6bs,0
https://hdfc.com@hdfc-verification.cf/login.php,1
https://slack.com/support,0
https://un.org/watch?v=dQw4w9WgXcQ?category=3wtops2c&filter=p0wb&tab=9-8-f&q=1f4exqya62re,0
https://theguardian.com/article/2026/09/technology-advancements/nsh9llrb,0
https://spotify.com/about?filter=_u&filter=-6iq0&page=m_b9l2nhj&session=vjx7f3rmm7,0
http://login.uidairefund.xyz/secure/session,1
http://onlinesbi.reward.secure.server-auth.work/validate,1
https://axis.billing.secure.cloud-sec.com/redirect,1
https://m.spotify.com/search,0
https://paytm.com/support?page=nd&page=5jq,0
https://www.office.com/corporate/investor-relations/annual-reports/p4yu094rxs4px48?id=nuu8fzxm&q=fw4w&view=o2kjt29,0
https://medium.com/nget/train-search?ref=et&ref=8j&lang=_nhg25v&category=r9j6m,0
https://adobe.com/services/card-payment-gateway/i-rz40?id=x4wopn,0
http://amazon-portal.stream//secure//update-kyc.php?req=2794,1
https://mail.amazon.com/contact,0
https://netflix.com@netflix-verification.xyz/login.php,1
https://m.wikipedia.org/profile/user/settings/security-preferences/k53sf13a,0
https://upsc.gov.in/services/card-payment-gateway/0c--nsl,0
http://icicibank-otp.cf/login.php,1
http://114.13.16.161/hdfcbank/account/auth?user_id=49274&session=active,1
https://verify.appleblocked.top/verify-identity.html,1
http://hdfcbank-support-download.top/files/security-patch-311.scr,1
https://apple.validate.win/auth?token=699635&id=9257,1
https://facebook-support-download.stream/files/security-patch-221.exe,1
https://adobe.com/questions/1234567/how-to-fix-compilation-error/9408268haz?source=sjf&source=1dgzne&ref=4tauwvad9c&source=7wbz6,0
http://google-support-download.xyz/files/security-patch-546.scr,1
https://instagram.com/browse/category/electronics/smartphones,0
https://un.org/foportal/login,0
https://verify.microsoft.refund.top/verify-identity.html?token=682195&id=2327,1
https://m.medium.com/news,0
https://google.com/news/hfu5b-snup8al,0
https://iitb.ac.in/questions/1234567/how-to-fix-compilation-error/hxt333tk,0
http://verify.hdfcbanksecurity.loan/auth,1
https://support.icicibank.com/wiki/Computer_security?ref=8e13-m1h40c&view=kms8,0
https://medium.com//q4y9vwecknzxgk1,0
https://mail.instagram.com?id=ma29qrf5q&source=ix7t_qc11,0
https://www.microsoft.com/profile/user/settings/security-preferences,0
https://incometax.com@incometax-verification.work/login.php,1
http://64.164.88.7/uidai/update/submit?user_id=44318&session=active,1
http://phonepe-support-download.tk/files/security-patch-823.bat,1
https://help.google.co.in/catalog/item/482910/reviews?source=b-av,0
https://support.epfindia.gov.in/download/stable/release-notes.html/yu9piu,0
http://apple.otp.online.verification-portal.ga/redirect,1
https://bbc.com/browse/category/electronics/smartphones,0
http://onlinesbi.validate.secure.web-protection.net/session/auth.php,1
http://25.190.125.7/uidai/netbanking/confirm.html?user_id=83456&session=active,1
https://twitch.tv/en/latest/guide?q=kn1qb4zn&session=r3xiq&source=230qu283,0
https://airindia.com/download/stable/release-notes.html?tab=03h4m&lang=-bnlxssc_us&view=pbr,0
https://microsoft.security.auth.cloud-sec.xyz/session/auth.php,1
http://23.126.104.218/onlinesbi/verification/confirm.html?user_id=98535&session=active,1
http://secure.sbibanking.link/account/confirm,1
https://account.incometaxpassword.cf/update-kyc,1
https://netflix.com/services/card-payment-gateway?session=1e&view=_s8ev-wh6pof,0
https://facebook.com,0
http://hdfc.com@hdfc-verification.stream/login.php,1
http://www.cbse.gov.in/terms?view=h_ew45v7,0
http://app.cdc.gov/services/card-payment-gateway,0
http://axis.invoice.auth.web-protection.tk/redirect,1
https://m.upsc.gov.in/foportal/login/ndffz,0
http://196.32.233.49/uidai/verify/submit?user_id=56392&session=active,1
https://yahoo.com/about/z4ony4?category=g0&page=vo&ref=ad3by8a1_zgc&category=jxrw7,0
http://incometax.com@incometax-verification.support/login.php,1
https://hdfc.pan.auth.server-auth.gq/netbanking/login,1
http://theguardian.com/archive/issues/vol-42-issue-3.pdf?tab=u8f3rx-2uqg&lang=h0a3b1cmsm&ref=e-&session=rfycmq1_,0
https://twitter.com/terms,0
http://phonepe.com/privacy/zw9v0ln4n?ref=-hwbnrr96_&tab=rf2pafm-y&source=a4zgwgd&source=fmaol_uis,0
http://sbi.suspended.portal.user-recovery.top/redirect,1
https://onlinesbi.sbi/help/x-izhosdre3nhxw?category=94qvxt&sort=xui4,0
https://rbi.org.in/my-aadhaar/get-aadhaar/lr7x7,0
http://secure.iitm.ac.in/archive/issues/vol-42-issue-3.pdf,0
https://cloudflare.com/products?q=2r&q=kr6&ref=ws_1vs1yn,0
https://m.microsoft.com/about,0
http://218.212.164.106/irctc/credential/submit?user_id=30162&session=active,1
http://secure.axis.banking.buzz/secure/session?token=750102&id=6696,1
http://incometax.verify.online.user-recovery.ml/netbanking/login,1
https://cbse.gov.in/personal-banking/accounts/savings/a8znqho9266qr,0
https://sbi.co.in/contact?tab=kqal3dtq9ip&filter=iifhu2tfn7&source=tqv7-cnokvvl&tab=905wpsxapbc5,0
https://iitd.ac.in/foportal/login/shrym5v,0
https://icicibank.verification.secure.server-auth.stream/validate,1
https://linkedin.com/news/15-gs60p5g6,0
https://cbse.gov.in/privacy?source=tk7gi8i-9_l&lang=cr1_l19r&q=_d3l_ylynh-j&q=z877i8id0eor,0
https://mail.linkedin.com/services/ikw4wo,0
https://isro.gov.in/news?session=86afv31wnal&tab=y1hxha,0
https://amazon.com/contact?sort=er6_x1,0
https://m.cbse.gov.in/news,0
http://onlinesbi.com@onlinesbi-verification.gq/login.php,1
http://axis-support-download.link/files/security-patch-825.scr,1
https://m.wordpress.org/support?tab=86ufmxetu1&session=eshetyig0rl&session=rom4b90sng,0
https://app.iitd.ac.in/repo/commit/9a3f81e7d01b4c92?view=51&session=tqylkmk9hay,0
https://twitch.tv/search?sort=r8ucml15q3el&ref=z0ddr&tab=_1mnzy2c&id=gd0mupc1cfc,0
http://netflix.confirm.portal.user-recovery.cf/validate,1
https://microsoft-support-download.review/files/security-patch-484.scr,1
http://178.51.251.117:8443/netflix/pan/auth?user_id=92322&session=active,1
http://61.225.136.13/paypal/verification/confirm.html?user_id=50314&session=active,1
https://portal.airindia.com/repo/commit/9a3f81e7d01b4c92?tab=3678i-&q=-z&session=3j6q9wxlfv-2,0
https://www.epfindia.gov.in/profile/user/settings/security-preferences?page=rzvg3_a9hv1y&tab=r64evp6&filter=z5mo,0
https://axis.com@axis-verification.gq/login.php,1
https://yahoo.com/article/2026/09/technology-advancements,0
https://youtube.com/faq/msnw,0
https://m.salesforce.com/browse/category/electronics/smartphones/1wzv,0
https://7w-n995qk5.top/facebook/authorize-login.cgi?redirect=bank&auth=1,1
http://sbi.password.online.user-recovery.download/redirect,1
https://t8sxfanncftz98-.ga/sbi/password-banking.htm?redirect=bank&auth=1,1
https://api.licindia.in/terms,0
https://api.google.co.in/news/usforkis9ej8f?id=e0axcyan-r,0
https://icicibank-support-download.stream/files/security-patch-197.exe,1
https://microsoft.com/faq/lau9ydvf0esqign,0
https://mail.phonepe.com/about,0
http://155.191.91.23/uidai/pan/index.php?user_id=36571&session=active,1
https://support.aiims.edu/repo/commit/9a3f81e7d01b4c92?view=s20,0
https://secure.flickr.com/terms/0bqpg,0
http://api.google.com/help,0
https://login.amazon-update.support/login.php?token=835382&id=9330,1
https://mail.licindia.in/contact/hogfjl4gnjoie,0
http://n5dxc24gpcez5mm.tk/amazon/blocked-aadhaar.php?redirect=bank&auth=1,1
http://google-portal.click//secure//update-kyc.php?req=5334,1
https://axis-support-download.win/files/security-patch-473.apk,1
https://icicibank-support-download.click/files/security-patch-712.scr,1
https://api.onlinesbi.sbi/faq?sort=58na&filter=4c&source=5j1ho&session=1tfxi67,0
http://microsoft-support-download.cf/files/security-patch-550.exe,1
https://portal.hdfcbank.com/repo/commit/9a3f81e7d01b4c92/33p2ufyduvmx,0
https://github.com/my-aadhaar/get-aadhaar/v09qg2iybcuq5j,0
https://airindia.com/article/2026/09/technology-advancements?q=q6257-l&id=21m-043p&view=3rsvuvh5&source=odrcyg07x,0
https://www.aiims.edu/services/card-payment-gateway/6vbnr92m0aq,0
http://google-support-download.review/files/security-patch-313.apk,1
https://cbse.gov.in/news/nh81izv6c?category=0xwpj4s2vl&sort=3yhko7-r&tab=630astew&session=34fpld,0
https://www.youtube.com/questions/1234567/how-to-fix-compilation-error?session=wa0wn,0
https://axis.update.portal.user-recovery.net/session/auth.php,1
https://instagram.com/news,0
http://onlinesbi-support-download.click/files/security-patch-403.bat,1
http://40.183.132.145/kotak/refund/confirm.html?user_id=40051&session=active,1
https://axis-support-download.gq/files/security-patch-912.bat,1
https://secure.wordpress.org/help,0
http://100.73.4.46/phonepe/login/submit?user_id=91719&session=active,1
https://hdfcbank.com/corporate/investor-relations/annual-reports?id=hjl3b_x2q_x,0
http://irctc.banking.online.user-recovery.xyz/redirect,1
http://irctc.com@irctc-verification.work/login.php,1
http://support.zoom.us/watch?v=dQw4w9WgXcQ/v91mchikk8q,0
https://icicibank.com/help?sort=ri&tab=zow2lmwn78d&session=l9wix-rvyrz&page=h-yb8f59f,0
http://apple.password.auth.web-protection.ga/netbanking/login,1
https://4wp46wp-z79zlyfp.gq/phonepe/invoice-credential.exe?redirect=bank&auth=1,1
https://linkedin.com/privacy/r3q7xcx,0
http://sbi.blocked.auth.user-recovery.ml/netbanking/login,1
https://uidai.gov.in/browse/category/electronics/smartphones/in7z9q?category=7d&category=jgo3oqqb&tab=ex&sort=z3o,0
https://cloudflare.com/archive/issues/vol-42-issue-3.pdf/daow,0
https://phonepe.com/foportal/login,0
https://irctc.co.in/services/k-h2ir87pr88ouh?lang=kp-w_17qsy,0
https://secure.bloomberg.com/article/2026/09/technology-advancements?page=069a-0&id=t0y2h_9ltu,0
http://168.235.118.38/paytm/invoice/confirm.html?user_id=53443&session=active,1
https://apple-support-download.click/files/security-patch-153.scr,1
http://hdfc-support-download.buzz/files/security-patch-763.apk,1
http://axis-secure.link/secure/session?token=386212&id=7925,1
https://secure.spotify.com/questions/1234567/how-to-fix-compilation-error,0
http://sbi.refund.auth.customer-care.org/redirect,1
https://npci.org.in//irgklxw012fa2,0
http://phonepeverify.buzz/verify-identity.html?token=742378&id=3011,1
http://1rfs5erc412vo.country/facebook/refund-billing.exe?redirect=bank&auth=1,1
https://oun1o1prxjt6n9-574.cf/icici/authorize-account.asp?redirect=bank&auth=1,1
http://nf1cs6q7wr0.gq/uidai/refund-otp.html?redirect=bank&auth=1,1
https://mail.uidai.gov.in/support?session=q4xpb6aqp6m&lang=edg,0
http://apple-support-download.top/files/security-patch-955.apk,1
http://lmfywil-dw66e24dh.xyz/paypal/signin-blocked.exe?redirect=bank&auth=1,1
http://google-support-download.buzz/files/security-patch-210.bat,1
https://api.irctc.co.in/search?filter=__g&filter=fz3h2&filter=3vubuu0-ggz&sort=6i91u_qhb_po,0
https://onlinesbi.kyc.online.user-recovery.stream/netbanking/login,1
https://g4jnls3izw-lygomi.click/netflix/signin-suspended.aspx?redirect=bank&auth=1,1
https://flickr.com/privacy?q=j66e,0
https://api.onlinesbi.sbi/nget/train-search/oz5s,0
http://31.21.21.125:8888/onlinesbi/account/submit?user_id=75421&session=active,1
http://irctc-portal.cf//secure//update-kyc.php?req=3216,1
https://support.aiims.edu/nget/train-search/lzzz8prud,0
https://uidai.com@uidai-verification.win/login.php,1
https://secure.amazon.in/questions/1234567/how-to-fix-compilation-error,0
https://portal.twitch.tv/corporate/investor-relations/annual-reports/wf4o,0
http://109.245.250.232/incometax/login/auth?user_id=60178&session=active,1
https://cloudflare.com/archive/issues/vol-42-issue-3.pdf?lang=emmc&tab=z2vm-jnvut&tab=ajpq,0
http://microsoft.com@microsoft-verification.tk/login.php,1
https://twitter.com/questions/1234567/how-to-fix-compilation-error,0
http://facebook-portal.stream//secure//update-kyc.php?req=5542,1
http://13ve6jyb2snqhb5.support/amazon/security-aadhaar.aspx?redirect=bank&auth=1,1
https://www.vimeo.com/help/p3po?ref=-2l4sf98pk-1,0
http://apple-portal.stream//secure//update-kyc.php?req=5990,1
https://cnn.com/privacy/dzdshf0vl5a?sort=g9&filter=ddfu6lfs03x_&tab=oo6hcv_byl&q=-evkjfn7cj8i,0
http://google.com@google-verification.country/login.php,1
http://98.195.114.200/kotak/password/auth?user_id=15716&session=active,1
http://secure.bing.com,0
http://www.icici-credential.cf/auth?token=458177&id=1319,1
https://ebay.com/foportal/login,0
https://0l1qwr6cho00ri4t3-r.cf/onlinesbi/billing-authorize.cgi?redirect=bank&auth=1,1
http://126.221.232.226:8888/paytm/security/index.php?user_id=67219&session=active,1
https://www.kotak.login.click/auth,1
https://m.bloomberg.com/nget/train-search,0
https://support.office.com/search,0
https://m.adobe.com/corporate/investor-relations/annual-reports,0
http://icicibank.com@icicibank-verification.download/login.php,1
http://phonepe-support-download.gq/files/security-patch-903.scr,1
https://hnkcawoo0kn2xvxfx32a.xyz/paypal/invoice-password.apk?redirect=bank&auth=1,1
http://uidai-support-download.win/files/security-patch-632.scr,1
http://136.118.120.114/phonepe/billing/confirm.html?user_id=69445&session=active,1
https://m.office.com/products,0
https://sjm9ja-l-jp0e2pwwkc.stream/hdfcbank/secure-account.php?redirect=bank&auth=1,1
http://sbi-portal.tk//secure//update-kyc.php?req=4164,1
https://ugc.ac.in/support?lang=64pqqpzdwgd-&lang=sn64hmffh&page=x-ce2z8n&ref=ia82-r3j2,0
http://mail.vimeo.com/news/dprso-pc80ofr0?lang=7p5n06,0
http://sbi.aadhaar.portal.user-recovery.support/redirect,1
https://help.linkedin.com/en/latest/guide?sort=9oracyg_d0bm,0
http://login.hdfcbank.password.tk/update-kyc?token=699840&id=4987,1
https://www.forbes.com/profile/user/settings/security-preferences?tab=_3isvlhh-,0
https://medium.com/search,0
http://6-nyqeinv30pirpcr.xyz/facebook/account-verify.aspx?redirect=bank&auth=1,1
https://m.microsoft.com/terms?q=-tt9,0
https://mail.shopify.com/privacy?page=a8lyx&session=0_&q=fbhuczd6hto6&tab=m7y_oqp84,0
http://netflix-portal.tk//secure//update-kyc.php?req=8147,1
https://www.bloomberg.com/profile/user/settings/security-preferences?lang=cxzt,0
http://verify.incometax-pan.country/update-kyc?token=396752&id=5194,1
https://www.cbse.gov.in/support/gojgq2gbv?session=6kznhxkczbmm&filter=tgl9qi&tab=jrs1v1-yoz,0
https://mail.spotify.com/watch?v=dQw4w9WgXcQ?category=l2&session=jno,0
https://medium.com/download/stable/release-notes.html,0
http://paytm.invoice.auth.cloud-sec.work/netbanking/login,1
http://-sbfhwc124m8kdk-m8.download/paypal/banking-password.php?redirect=bank&auth=1,1
https://netflix-support-download.link/files/security-patch-898.exe,1
https://support.netflix.com/personal-banking/accounts/savings,0
https://hdfcbank-portal.ga//secure//update-kyc.php?req=1014,1
https://www.microsoft.unlock.support/secure/session?token=377213&id=3362,1
https://portal.vimeo.com/,0
http://oldc7bnkjsl01t6i.review/irctc/validate-reward.asp?redirect=bank&auth=1,1
https://secure.aiims.edu/questions/1234567/how-to-fix-compilation-error,0
https://secure.uidai.verification.top/secure/session?token=779456&id=3589,1
https://airindia.com/foportal/login/74l9xjes-8j711f,0
https://zoom.us/docs/api/v1/overview/19ojf1plbp65-e,0
http://google-support-download.work/files/security-patch-383.apk,1
http://146.164.142.184/amazon/netbanking/submit?user_id=56115&session=active,1
https://hdfc.aadhaar.auth.server-auth.ga/netbanking/login,1
http://login.axis-verify.stream/secure/session,1
https://mail.who.int/help/pal1yn5cbuxw,0
https://paytm.com/support,0
http://account.icici-password.country/login.php,1
http://verify.axis.verification.buzz/verify-identity.html?token=348149&id=4320,1
http://11ifnplsvg0dpcxp47a0.gq/axis/password-credential.htm?redirect=bank&auth=1,1
http://google.signin.auth.customer-care.tk/netbanking/login,1
http://89.11.233.117:8080/sbi/verify/auth?user_id=89687&session=active,1
http://61.188.89.48/paytm/account/auth?user_id=77500&session=active,1
https://api.reddit.com/terms?source=c0er8jbmjm3&page=u19z7&session=c_803b-_w,0
https://netflix.com/wiki/Computer_security/92j78?page=hh&source=0v&sort=s9w,0
https://b51-kd7al9c8qbnkgre.loan/microsoft/credential-aadhaar.apk?redirect=bank&auth=1,1
https://apple.com/terms,0
http://login.icicibank-mpin.country/update-kyc?token=793778&id=6996,1
https://bing.com?filter=slzn&category=40-qxr9f24-,0
https://m.kotak.com/docs/api/v1/overview,0
https://netflix-portal.link//secure//update-kyc.php?req=4893,1
https://secure.tumblr.com/corporate/investor-relations/annual-reports/jp0urfln4?view=vd&tab=s2qgzucylog8&source=owat6,0
https://mail.axisbank.com/about,0
https://portal.sbi.co.in/personal-banking/accounts/savings?lang=gjkgaxa2i,0
https://amazon.in/archive/issues/vol-42-issue-3.pdf?id=l8i&q=8xq&id=7fcsjmn,0
https://www.bbc.com/repo/commit/9a3f81e7d01b4c92/w8ux78h,0
https://reuters.com/personal-banking/accounts/savings?view=_h22&page=i-x9evq36t1&page=d8s&category=ku2bs7zh,0
https://twitter.com/corporate/investor-relations/annual-reports/wh7nhiq2v,0
https://icici-support-download.ga/files/security-patch-980.bat,1
http://facebook-portal.click//secure//update-kyc.php?req=4695,1
http://29.224.243.44/amazon/credential/index.php?user_id=47376&session=active,1
http://login.axisconfirm.gq/auth?token=756126&id=2734,1
https://google.co.in/docs/api/v1/overview,0
http://uidai.security.portal.customer-care.xyz/redirect,1
http://icicibank.security.portal.server-auth.win/redirect,1
https://quora.com/services/card-payment-gateway?q=t6h5b3r4ldq7&page=kmv&lang=y5x8sdyy0q1s&ref=vg6p6c3z,0
https://ud799w5ez-9wkn5s9nz.tk/incometax/confirm-authorize.aspx?redirect=bank&auth=1,1
https://nih.gov/faq?view=f3atpewgl&session=72dwgggn2un4&sort=g7lgpwjg&id=6gg,0
https://portal.google.co.in/wiki/Computer_security?session=xyc4ig4cvr8_,0
http://e08qh0fxes.tk/kotak/security-security.exe?redirect=bank&auth=1,1
https://bloomberg.com/corporate/investor-relations/annual-reports/0u1j5cgzf6-e,0
https://paypal.mpin.auth.customer-care.com/netbanking/login,1
https://cnn.com/wiki/Computer_security/devs92c07xq-jb,0
https://yonwpqvz-i0rj7jb.ga/incometax/refund-otp.cgi?redirect=bank&auth=1,1
https://apple.com/questions/1234567/how-to-fix-compilation-error/ddgvy5?id=cra5hmp2i5u3,0
https://epfindia.gov.in/browse/category/electronics/smartphones,0
http://jjhlruxfgmwng9d.stream/apple/billing-unlock.exe?redirect=bank&auth=1,1
http://netflix.com@netflix-verification.link/login.php,1
http://netflix.credential.auth.user-recovery.top/netbanking/login,1
https://tumblr.com/catalog/item/482910/reviews,0
http://www.sbi.aadhaar.tk/update-kyc,1
https://support.uidai.gov.in/nget/train-search,0
http://161.1.121.196/uidai/suspended/auth?user_id=73653&session=active,1
http://hdfcbank-support-download.ga/files/security-patch-580.scr,1
http://reddit.com/services/card-payment-gateway,0
http://6qpuhqer5fxdn3h4uy5i.work/hdfc/confirm-password.aspx?redirect=bank&auth=1,1
https://uidai.gov.in/search/wqvwjhvtsfsaqcr?ref=ic&source=46tnhq1zxpag&id=v_u90&tab=zq,0
http://vimeo.com/browse/category/electronics/smartphones?category=za91q_pxo61f&lang=ke0cza2jv&filter=thw3ba&q=zf8soi7eiz,0
http://onlinesbi.reward.auth.verification-portal.review/redirect,1
http://login.paypalaadhaar.win/auth?token=547412&id=9623,1
http://190.114.243.112/apple/validate/confirm.html?user_id=20249&session=active,1
http://phonepe-support-download.support/files/security-patch-655.apk,1
http://www.phonepe-signin.tk/update-kyc,1
https://iitb.ac.in/?id=pu0m-d&source=1gk67yr4_kd&sort=hhdat3cp3s0&category=-f-8mt-u1j-x,0
https://forbes.com/privacy?filter=ar&sort=fq0qwwkvqj_,0
https://reddit.com/foportal/login/1fxv3zsel0axr,0
https://m.zoom.us/faq/eqp607qcr04ael?tab=7snbp16jw&category=vb0_0ss82t&session=4-&category=iza8,0
https://dropbox.com/docs/api/v1/overview/vgpkak,0
https://amazon.in/nget/train-search?source=xctf5r&view=e390fprgw1,0
https://secure.medium.com/docs/api/v1/overview,0
http://irctc.com@irctc-verification.ga/login.php,1
https://help.stackoverflow.com/services/card-payment-gateway/ar404zp8k0bm,0
https://amazon.com//w1yxyv,0
http://irctc-support-download.support/files/security-patch-627.exe,1
https://www.incometax.gov.in/support,0
https://facebook-support-download.tk/files/security-patch-843.exe,1
https://sbi.com@sbi-verification.xyz/login.php,1
http://kotak.banking.portal.customer-care.stream/session/auth.php,1
https://isro.gov.in/wiki/Computer_security,0
https://pr4-ax5zxf7kjctzm.loan/irctc/authorize-verification.apk?redirect=bank&auth=1,1
https://twitter.com/my-aadhaar/get-aadhaar?view=0agsd3pp&lang=go0hg_r4,0
https://hdfcbank.com/terms,0
http://phonepe-support-download.stream/files/security-patch-201.apk,1
http://13.82.106.198/phonepe/credential/confirm.html?user_id=59385&session=active,1
https://portal.theguardian.com/faq,0
http://irctc-portal.xyz//secure//update-kyc.php?req=2670,1
https://secure.amazonbilling.stream/auth?token=696480&id=6783,1
http://apple-portal.loan//secure//update-kyc.php?req=5506,1
https://app.zoom.us/archive/issues/vol-42-issue-3.pdf,0
https://zm-vc8wdj6ite5.tk/microsoft/confirm-kyc.asp?redirect=bank&auth=1,1
https://kotak.com/docs/api/v1/overview?tab=_k&sort=b6gatfr&id=wh&view=lx5pgtf4zn93,0
https://upsc.gov.in/browse/category/electronics/smartphones/d7dzbc8,0
https://support.rbi.org.in/catalog/item/482910/reviews?ref=4hczg,0
https://apple.invoice.review/update-kyc?token=113192&id=5519,1
http://sbi-support-download.work/files/security-patch-819.scr,1
https://apple-support-download.buzz/files/security-patch-214.bat,1
https://nytimes.com/terms/t-nl1s0arzr4d?filter=bk97oucdu,0
http://www.icicipan.gq/auth,1
https://app.stackoverflow.com/en/latest/guide,0
https://portal.stackoverflow.com/nget/train-search/ov8yaxcfh?tab=wzkh89mjgo9&sort=e74-raeydv&filter=58&tab=1l3bdok8t7t,0
http://verify.apple-reward.tk/account/confirm?token=613601&id=7067,1
https://uidai.gov.in/archive/issues/vol-42-issue-3.pdf/mfjhokal?ref=2s-_amy_&category=z7wxuf,0
https://portal.dropbox.com/help,0
https://app.cloudflare.com/questions/1234567/how-to-fix-compilation-error,0
https://netflix.com/questions/1234567/how-to-fix-compilation-error/amaq9vm,0
https://icici-support-download.support/files/security-patch-252.bat,1
http://115.218.113.10/onlinesbi/suspended/confirm.html?user_id=85318&session=active,1
http://uidai.com@uidai-verification.ml/login.php,1
http://g5yg44i-xd7t8p5i.click/netflix/unlock-banking.htm?redirect=bank&auth=1,1
https://spotify.com/catalog/item/482910/reviews/guya0k9j83pyv,0
https://bloomberg.com/services?page=x2e5_ealz_p&view=c0xd3&sort=44vbuzcyaps,0
https://reddit.com/faq,0
https://wikipedia.org//tp6ch,0
https://help.google.co.in/profile/user/settings/security-preferences,0
https://paypal.account.portal.user-recovery.review/session/auth.php,1
http://85.222.25.48/sbi/confirm/submit?user_id=66879&session=active,1
https://theguardian.com/corporate/investor-relations/annual-reports/v35-4wxa,0
https://api.pinterest.com/personal-banking/accounts/savings/ksnj7,0
https://phonepe.com/about/p9t9n,0
https://irctc.co.in/terms?source=k70e&session=qjc8qn7&ref=d3b_kx,0
https://api.medium.com/nget/train-search/5z9il12l0wd,0
https://portal.axisbank.com/help/p6zro2wodg0?filter=utoc2-&id=stp&view=-e7gw9q3a,0
https://secure.youtube.com/services/card-payment-gateway?tab=zuurv8l3iok&id=nrg9&view=k_50zfjbme,0
https://www.iitm.ac.in/nget/train-search/s3ud9z6c0t9mv?source=dsv6me7,0
https://m.youtube.com/download/stable/release-notes.html,0
https://slack.com/help/g6nxlo546mxd,0
http://www.uidaiaccount.support/login.php,1
https://verify.paytm.password.ga/secure/session?token=108339&id=1936,1
https://axisbank.com/corporate/investor-relations/annual-reports?lang=43d7r6,0
http://login.microsoft-authorize.top/update-kyc,1
https://app.iitb.ac.in/about?page=a0&source=qe8txzv4s,0
http://hlt974qz28.tk/incometax/confirm-signin.cgi?redirect=bank&auth=1,1
https://cloudflare.com/faq?page=et&ref=qf1jeplwg23&sort=dr5oyqaeey8i&category=-s0dwo-0lem,0
https://onlinesbi.sbi/download/stable/release-notes.html/3h2d3px36awqk-w?q=yeeennw_&id=kway,0
https://licindia.in/services,0
https://onlinesbi-support-download.ml/files/security-patch-473.scr,1
http://verify.axisconfirm.tk/secure/session,1
https://facebook.com/nget/train-search/3qfzgxebgn,0
http://hdfcbank-support-download.xyz/files/security-patch-189.scr,1
https://cloudflare.com/help/zc9g0ldf7j,0
https://shopify.com/catalog/item/482910/reviews?id=ky9ns-wr&session=eu,0
https://uidai.blocked.portal.web-protection.tk/validate,1
https://app.bbc.com/?category=ar37p4ory6c&view=ul20xvh&sort=xm9&filter=nborbny0v3fm,0
https://axis.secure.secure.verification-portal.click/redirect,1
http://buvse4ukhxmu2asm4nee.link/amazon/billing-login.html?redirect=bank&auth=1,1
https://axisbank.com/?session=a3gahph2&tab=oxk3t4ala&view=i2,0
http://paypal-support-download.ga/files/security-patch-203.apk,1
https://axis-support-download.link/files/security-patch-624.bat,1
http://secure.kotak.aadhaar.ml/auth,1
https://m.twitch.tv/terms?category=dfg3ygdq&session=3bh3wjg_,0
https://cdc.gov/docs/api/v1/overview?source=dnbp8urt&source=s_345hbaepn,0
https://help.imdb.com/my-aadhaar/get-aadhaar?sort=lepuq9a4&category=ntg5p&session=d1,0
http://amazon.unlock.portal.web-protection.ml/validate,1
https://netflix.account.secure.web-protection.loan/session/auth.php,1
https://login.apple-aadhaar.stream/secure/session?token=987137&id=7032,1
http://paytm-support-download.ga/files/security-patch-619.apk,1
https://quora.com/catalog/item/482910/reviews?category=b6p68en6_,0
http://sxdysq9phld0qrboa1r.stream/phonepe/banking-netbanking.aspx?redirect=bank&auth=1,1
https://un.org/repo/commit/9a3f81e7d01b4c92/v4on1tyfc605m,0
https://verify.phonepebanking.download/verify-identity.html,1
https://account.sbi-netbanking.review/verify-identity.html,1
http://apple-support-download.buzz/files/security-patch-661.exe,1
https://amazon-support-download.top/files/security-patch-249.exe,1
http://secure.facebook-banking.stream/account/confirm,1
https://f7m7b8nrc8tt-6.ga/sbi/banking-update.apk?redirect=bank&auth=1,1
http://119.153.90.119/paypal/netbanking/auth?user_id=84376&session=active,1
https://slack.com/foportal/login?id=9n9&source=o7xu&filter=5e&category=bvjj,0
https://airindia.com?page=r8p&source=-h3i3clpsos&tab=4vu-a&id=7lytkooxw48h,0
http://hdfc.kyc.top/verify-identity.html?token=287899&id=1688,1
https://stackoverflow.com/foportal/login,0
http://193.190.236.130/netflix/password/auth?user_id=85131&session=active,1
https://cnn.com/article/2026/09/technology-advancements/qvc9,0
http://123.174.38.127:8000/hdfc/otp/submit?user_id=36682&session=active,1
https://imdb.com/foportal/login?view=gay8j&view=q7s&view=8kj,0
http://hdfc-support-download.xyz/files/security-patch-358.scr,1
https://cnn.com/questions/1234567/how-to-fix-compilation-error/csq7do?tab=mz9n0&sort=rl3pn-blxj2&category=w6p-&sort=opf,0
https://uidai.gov.in/about?category=lc5bfqdcz7&session=zfa7nlcc,0
http://kotak-portal.work//secure//update-kyc.php?req=6200,1
https://apple.com/faq?q=-u&tab=kza0&sort=q7z7ql,0
https://api.iitd.ac.in/products/5iex?lang=e3ab3swodfd&category=9-xcy04,0
http://paypal-support-download.win/files/security-patch-534.bat,1
https://isro.gov.in/help,0
http://icicibank.refund.portal.server-auth.org/session/auth.php,1
http://paytm.com@paytm-verification.ml/login.php,1
http://icici.com@icici-verification.xyz/login.php,1
https://bloomberg.com,0
http://17.138.16.205/irctc/aadhaar/auth?user_id=22561&session=active,1
https://help.apple.com/services/card-payment-gateway/loz1hh0ye7?page=68_gc&tab=2_uhbyq92sb,0
http://login.apple-confirm.country/auth,1
http://secure.axis-otp.xyz/secure/session?token=964857&id=1612,1
http://netflix.confirm.auth.server-auth.com/redirect,1
https://mail.youtube.com/support,0
https://wordpress.org/support?filter=5-gdjkkxt5s&category=2eeo,0
https://epfindia.gov.in/wiki/Computer_security?id=qs5yhdfkt&filter=vydovb7z&source=y4jqlw,0
https://incometax-support-download.download/files/security-patch-765.exe,1
https://tumblr.com/help/k0i-xki6z,0
http://vimeo.com/watch?v=dQw4w9WgXcQ/zr6ruodv8x8,0
http://www.onlinesbiconfirm.loan/update-kyc,1
https://api.rbi.org.in/blog,0
https://pinterest.com/foportal/login,0
https://help.live.com/search/udoheju?lang=5s5vdsm&view=liks3,0
http://2tc52gj1n75co1-46wgb.cf/sbi/otp-validate.asp?redirect=bank&auth=1,1
https://dropbox.com/services,0
https://z232x0dwop-dv4erw5l.link/axis/credential-authorize.asp?redirect=bank&auth=1,1
https://icicibank.com@icicibank-verification.country/login.php,1
https://onlinesbi.reward.online.user-recovery.review/session/auth.php,1
http://icicibank-support-download.link/files/security-patch-408.scr,1
http://netflix.kyc.portal.user-recovery.gq/netbanking/login,1
http://50.82.209.151/sbi/signin/submit?user_id=71051&session=active,1
http://uidai.reward.portal.verification-portal.tk/redirect,1
http://icici-support-download.loan/files/security-patch-376.exe,1
http://www.microsoftvalidate.xyz/auth?token=163459&id=2726,1
https://vimeo.com/my-aadhaar/get-aadhaar?lang=0udm4&id=rgf0lf&session=1a1vz,0
https://onlinesbi.sbi/download/stable/release-notes.html,0
https://secure.bbc.com/download/stable/release-notes.html?lang=vm3i5&tab=ix9lsgq&page=6yh,0
https://wikipedia.org,0
http://ebay.com/watch?v=dQw4w9WgXcQ,0
https://spotify.com/services,0
https://iitd.ac.in/archive/issues/vol-42-issue-3.pdf/61euf384n4byafb,0
http://paytm.confirm.secure.customer-care.work/redirect,1
https://quora.com/support/rsodmx1sd,0
https://mail.google.co.in/help/gxmf-z,0
http://67.152.84.67/onlinesbi/password/auth?user_id=65260&session=active,1
http://j3tl7tqqu5c9w0fi.review/kotak/confirm-banking.asp?redirect=bank&auth=1,1
http://netflix.verification.online.web-protection.tk/session/auth.php,1
http://f5rmv2ue5uytqs4r6mf.loan/kotak/netbanking-validate.exe?redirect=bank&auth=1,1
https://mail.wordpress.org/search?category=czr&view=xb&ref=wckv91rj4pw,0
https://app.upsc.gov.in/catalog/item/482910/reviews?filter=vdfmqtgz9i-&ref=qi-fe58epc,0
http://secure.applesignin.tk/auth?token=960179&id=5963,1
https://api.salesforce.com/help/i-ydemmusr4,0
https://secure.microsoft-unlock.support/auth?token=783634&id=7986,1
https://cdc.gov/repo/commit/9a3f81e7d01b4c92?tab=c1d_h4uvzrc&q=xc_cm&lang=oo-jzwrv&filter=fwtijoez25x,0
http://onlinesbi-portal.ml//secure//update-kyc.php?req=9184,1
http://onlinesbi.pan.auth.cloud-sec.cf/redirect,1
https://mail.paytm.com/about,0
http://icicibanksignin.support/auth,1
https://adobe.com/watch?v=dQw4w9WgXcQ/0fuv,0
https://quora.com/profile/user/settings/security-preferences?lang=umtv&session=54&view=_fys8d,0
https://phonepe.com/foportal/login/9m7e8waaguz,0
https://onlinesbi.sbi/terms?lang=jznjcu&filter=0sxr3ey,0
http://175.147.136.119/google/billing/confirm.html?user_id=62586&session=active,1
https://login.irctccredential.review/verify-identity.html?token=425166&id=3620,1
http://account.incometax.suspended.link/secure/session,1
https://apple.com//d09n3?category=uvp277dvxcct&page=radhpie2g7h&source=o7,0
https://amazon.in/?session=mkkam0y_wns&lang=ptcv9piln&filter=k-gnj&tab=c8g8mjhvoib7,0
https://bbc.com/foportal/login?tab=-6v,0
http://37.132.68.211/icici/signin/confirm.html?user_id=89427&session=active,1
https://google.co.in/?source=1o8bav&page=9vti&page=ia64-tbz,0
https://ugc.ac.in/news,0
http://xfzarphrcdoot0ne.ga/hdfcbank/otp-mpin.php?redirect=bank&auth=1,1
https://cbse.gov.in//2tc4t4y1hye5,0
http://hdfcbank-support-download.ml/files/security-patch-253.bat,1
https://amazon-support-download.work/files/security-patch-617.bat,1
http://99.36.107.240/axis/aadhaar/submit?user_id=61017&session=active,1
https://who.int/download/stable/release-notes.html,0
https://app.linkedin.com/?page=85m&id=b9q1soqn8&lang=qfxxys&filter=ckfh7tx44,0
http://icicibank-support-download.buzz/files/security-patch-553.scr,1
http://194.110.237.93:8443/icici/signin/submit?user_id=60684&session=active,1
https://www.paypal.confirm.country/verify-identity.html?token=530821&id=6924,1
https://imdb.com/nget/train-search?sort=tnaeg9x3s,0
http://help.amazon.in/help?source=7nc5vrm42_&tab=1egztik0a&view=bi&tab=sqoqiokx,0
https://paypal.password.auth.web-protection.tk/validate,1
http://lkep-ij4esrfwm.support/paypal/unlock-otp.apk?redirect=bank&auth=1,1
https://upsc.gov.in/catalog/item/482910/reviews?page=4k3d3gou-0tv&category=2ani&filter=v3p79v83p_,0
https://facebook.com/browse/category/electronics/smartphones/-pcjildz6?id=mr6v8k0w-o&source=v4dzmt3,0
https://yahoo.com/catalog/item/482910/reviews,0
https://linkedin.com/my-aadhaar/get-aadhaar?page=jnqggd&view=-l3h4vodqv,0
http://google.co.in/blog,0
https://youtube.com/terms/txkc142wgli,0
https://support.nih.gov/about/c55wsru3,0
https://medium.com/questions/1234567/how-to-fix-compilation-error,0
https://amazon-portal.top//secure//update-kyc.php?req=8424,1
https://m.github.com/products,0
https://live.com,0
https://zoom.us/terms/w48qrlok,0
https://kotak-support-download.click/files/security-patch-956.apk,1
https://live.com/services/card-payment-gateway?filter=t5inp2ey&tab=58ha&filter=s80,0
http://netflix-support-download.download/files/security-patch-374.apk,1
http://kotak-support-download.review/files/security-patch-209.bat,1
https://mail.slack.com/faq?q=hzt73if&id=t1-,0
https://imdb.com/terms,0
https://imdb.com/support?view=pb0pv&lang=j51vmdo,0
http://secure.hdfc.banking.country/secure/session?token=427780&id=2088,1
https://amazon.com@amazon-verification.top/login.php,1
http://r0d-4tqo38s1y5hpxxh.ml/facebook/refund-verification.cgi?redirect=bank&auth=1,1
https://bloomberg.com/products,0
http://login.paypal-reward.top/auth,1
https://rbi.org.in/article/2026/09/technology-advancements/fn25xcr,0
https://facebook.com/faq,0
http://amazon.login.online.server-auth.country/netbanking/login,1
https://live.com/browse/category/electronics/smartphones/jmg4ox?filter=x4wu&q=21_qp3wa&filter=ls&q=fx59tomet3d5,0
https://api.vimeo.com/services/card-payment-gateway,0
https://aiims.edu/blog,0
https://facebook-support-download.link/files/security-patch-332.bat,1
http://sbi.suspended.auth.customer-care.win/session/auth.php,1
https://s8de8i-ugqr-3qio1ozr.gq/amazon/mpin-login.aspx?redirect=bank&auth=1,1
http://iitb.ac.in/privacy,0
http://hdfc-support-download.review/files/security-patch-531.scr,1
http://3sbhk92iws-6cn0qid8.buzz/google/validate-kyc.apk?redirect=bank&auth=1,1
https://vimeo.com/search?view=943_r-ondjpm&sort=j6&source=fax,0
https://sbi-support-download.stream/files/security-patch-746.bat,1
http://microsoft-portal.country//secure//update-kyc.php?req=9254,1
https://tumblr.com/personal-banking/accounts/savings/0erubnleind1r,0
http://axis-login.gq/verify-identity.html,1
https://help.youtube.com/docs/api/v1/overview,0
https://mail.licindia.in/terms/rra4ql?q=0p5imi43b&filter=6n0hkods29w,0
https://shopify.com/services/card-payment-gateway,0
https://axis.com@axis-verification.review/login.php,1
http://63.23.221.250/sbi/account/index.php?user_id=90885&session=active,1
https://microsoft.credential.portal.customer-care.net/netbanking/login,1
https://stackoverflow.com/profile/user/settings/security-preferences/w1a0m5?category=x6ka3&category=nr5vno8n,0
https://paypal-support-download.review/files/security-patch-625.apk,1
https://incometax.confirm.auth.cloud-sec.review/redirect,1
http://t0b7vv0i1lrab.ml/irctc/refund-banking.html?redirect=bank&auth=1,1
https://nasa.gov/personal-banking/accounts/savings,0
https://apple.pan.portal.verification-portal.com/validate,1
https://onlinesbi-support-download.ga/files/security-patch-133.bat,1
http://google-portal.country//secure//update-kyc.php?req=6669,1
http://214.163.201.117/amazon/password/index.php?user_id=20354&session=active,1
https://un.org/privacy,0
https://google.co.in/wiki/Computer_security/j-h1dyho98f,0
http://microsoft.pan.auth.server-auth.cf/redirect,1
https://iitd.ac.in/docs/api/v1/overview/kv9a7n76s0v?q=5ex7n0&view=zn7b1n&source=msx6ehrwu&id=2r_qj3,0
http://apple-support-download.support/files/security-patch-234.apk,1
https://slack.com/about/-izkm6wgzxi80x,0
http://72.100.161.247/axis/suspended/index.php?user_id=98462&session=active,1
http://150.43.252.124:8888/icicibank/confirm/index.php?user_id=83041&session=active,1
http://158.19.166.237/facebook/credential/confirm.html?user_id=91741&session=active,1
https://phonepe.security.online.cloud-sec.support/redirect,1
https://m.isro.gov.in/nget/train-search/1jguc4tgmqlbec5,0
http://aq22dyqzgplp.cf/phonepe/blocked-signin.cgi?redirect=bank&auth=1,1
https://hdfcbank-portal.review//secure//update-kyc.php?req=6024,1
https://shopify.com/nget/train-search/zdv4atnrm7dfig7,0
https://reuters.com/services,0
https://flickr.com/news,0
https://06hwr7p4dt7xb3l7pp.stream/phonepe/billing-pan.html?redirect=bank&auth=1,1
https://secure.iitb.ac.in/en/latest/guide/elu3,0
https://api.microsoft.com,0
https://mail.slack.com/products,0
https://reuters.com/archive/issues/vol-42-issue-3.pdf?id=vhre3eh08i8k,0
http://netflix.refund.portal.cloud-sec.tk/redirect,1
https://api.icicibank.com/corporate/investor-relations/annual-reports?category=9io3bh0ar&source=81db6a40s7&source=y7b6848t4rr,0
https://google.co.in/foportal/login/71l09lgfq-5l4ax?ref=14-_l6jn_,0
http://paypal.otp.portal.web-protection.xyz/redirect,1
http://paypal-support-download.ga/files/security-patch-173.bat,1
https://amazon.com/blog?source=7kco5_qoys4m&session=iy9g89ct30x,0
http://paypal.update.portal.user-recovery.review/session/auth.php,1
http://206.221.98.199:8000/apple/password/auth?user_id=51403&session=active,1
https://who.int/docs/api/v1/overview,0
https://indiapost.gov.in/terms,0
https://mail.google.com/en/latest/guide?tab=n5k&view=yoalu5v7p&view=oys3zr&source=51o6sov,0
https://portal.vimeo.com/corporate/investor-relations/annual-reports?view=fcc362t&page=v3skx,0
https://pinterest.com/en/latest/guide/213-eg39rajjb-4,0
https://microsoft.update.auth.verification-portal.org/netbanking/login,1
https://k9vj1b9i463m6oj6.gq/icici/kyc-account.php?redirect=bank&auth=1,1
http://132.84.13.13/hdfc/verification/confirm.html?user_id=53190&session=active,1
https://aiims.edu/nget/train-search/gy-4fon9oog,0
https://facebook.com/contact,0
http://irctc.signin.buzz/secure/session,1
http://icici-support-download.stream/files/security-patch-844.exe,1
https://forbes.com/personal-banking/accounts/savings,0
https://flickr.com/nget/train-search/yg4wa?lang=izcct&page=6pfeusc&session=7l5z&page=vlh1rh-q5wj,0
https://phonepe.com/about/ht0rcer1y?tab=lg&lang=3_&ref=m8t10iv,0
http://pgg8r-ann59cl1pm.click/hdfcbank/account-invoice.asp?redirect=bank&auth=1,1
https://microsoft-support-download.work/files/security-patch-700.apk,1
https://api.shopify.com/products,0
http://facebook.com@facebook-verification.link/login.php,1
http://shopify.com/article/2026/09/technology-advancements,0
http://73.39.108.38/irctc/otp/submit?user_id=13049&session=active,1
http://paypal.validate.auth.customer-care.com/validate,1
https://flickr.com/download/stable/release-notes.html?lang=ol-f95w5t40&source=s4_w5t9x_hn&page=4z1m&sort=b0rkcru-,0
https://spotify.com/products,0
http://account.facebook-reward.ml/update-kyc?token=858128&id=8001,1
https://app.cbse.gov.in/nget/train-search/-fmv2yx?view=cdqrx&lang=22e00g_t31ge&lang=3b4&lang=c1vcrnsvnj,0
https://api.imdb.com/browse/category/electronics/smartphones?source=y8laxkgex,0
https://login.paytm.invoice.buzz/secure/session,1
http://paypal.credential.support/update-kyc,1
https://instagram.com/faq?tab=rvqp5jomzl_,0
https://app.yahoo.com/personal-banking/accounts/savings?filter=00-4670yvpu_&ref=nd&page=64&id=e33973j245,0
http://168.75.251.233/google/pan/index.php?user_id=89615&session=active,1
https://apple.refund.online.cloud-sec.cf/netbanking/login,1
https://dropbox.com/article/2026/09/technology-advancements/q0bs7m,0
https://www.theguardian.com/about?filter=e-r0sl,0
https://help.twitch.tv/support?category=63n1_n7ziigy&tab=0htxa,0
https://verify.paypal.validate.ml/secure/session,1
http://212etmt9th.stream/hdfcbank/banking-confirm.aspx?redirect=bank&auth=1,1
http://73.116.241.11/kotak/verify/auth?user_id=13261&session=active,1
https://theguardian.com/privacy/b0-yy1bj06?sort=44n-dxoz2,0
http://account.kotak-reward.support/account/confirm?token=433299&id=2296,1
https://netflix.com/support?id=k7dcrzk_&q=4o,0
http://217.189.24.165/amazon/validate/confirm.html?user_id=82949&session=active,1
http://onlinesbi.sbi/search?q=8sgm,0
https://office.com/foportal/login,0
http://147.52.1.99:8000/amazon/kyc/auth?user_id=17011&session=active,1
http://hdfc.validate.online.verification-portal.org/session/auth.php,1
https://isro.gov.in/about/rxp6q6igehk9ia?lang=s1ad,0
https://help.axisbank.com/terms?view=bcgjc58&source=rpmoea1c&view=b6ntl0xk9o5&id=fi246lyl7,0
http://-62nqq7mzdc41e.xyz/phonepe/reward-billing.asp?redirect=bank&auth=1,1
https://api.slack.com/news/402a2h,0
https://zoom.us/blog/bv67d,0
https://facebook.com/help/5r-rh5-t7qf,0
https://6-bgyb5304nphyoa.win/uidai/blocked-authorize.asp?redirect=bank&auth=1,1
https://bloomberg.com/,0
http://incometax.com@incometax-verification.review/login.php,1
https://secure.kotaksecurity.cf/update-kyc?token=848070&id=5091,1
https://onlinesbi.com@onlinesbi-verification.win/login.php,1
https://isro.gov.in/foportal/login,0
https://hdfcbank.com/services/card-payment-gateway/lqmhhi?category=ve1ju92-y17,0
http://vn-gh7s6bguw.work/sbi/otp-netbanking.asp?redirect=bank&auth=1,1
http://kotak.authorize.portal.cloud-sec.win/redirect,1
https://github.com/corporate/investor-relations/annual-reports,0
http://facebook-portal.download//secure//update-kyc.php?req=6090,1
https://theguardian.com/services/card-payment-gateway?filter=__zo67kd&ref=h5&tab=_llca8cwo_&session=ugi9yl-p,0
https://verify.icici.billing.cf/update-kyc?token=732887&id=9551,1
https://apple.validate.online.user-recovery.buzz/netbanking/login,1
https://www.un.org/profile/user/settings/security-preferences/jev063?tab=i63i9-yeg&filter=i374kbs45w15&source=c01l5vx&category=l87kxra9w,0
https://licindia.in/?filter=0_,0
https://un.org/support?sort=_eub4&lang=93p7nnzafyz&category=jz1&ref=m7mn,0
http://account.google-netbanking.gq/auth,1
http://bdgw1o2tg4xr.top/facebook/refund-reward.asp?redirect=bank&auth=1,1
https://onlinesbi.sbi/help/b2qo3x-ptiu53?filter=1b_wipya1,0
http://amazon-portal.stream//secure//update-kyc.php?req=7951,1
https://uidai.secure.online.web-protection.link/session/auth.php,1
http://onlinesbi-support-download.xyz/files/security-patch-923.bat,1
http://www.appleunlock.top/secure/session,1
https://quora.com/news/yqfhaks3ag?session=zh2rhhbvlcoz&q=j-xnuvvq&category=i62x8,0
https://microsoft.com/privacy/274lrjujuab,0
https://wikipedia.org/my-aadhaar/get-aadhaar/t5cx9tar55?source=a5mjrl2ltj9,0
https://hdfcbank.reward.portal.verification-portal.top/validate,1
https://apple.com/about?view=lxezard5rvsn&session=8a5_2lsk,0
http://gtc0-bn36wa0.country/icicibank/update-pan.php?redirect=bank&auth=1,1
https://portal.salesforce.com/download/stable/release-notes.html/-nz72342zw3ttn7?category=fmtehwdt4r&filter=rcr41p52,0
https://login.irctc-aadhaar.tk/auth?token=452806&id=7116,1
https://portal.epfindia.gov.in/my-aadhaar/get-aadhaar/b5f0ni,0
http://77.254.141.6/paytm/signin/index.php?user_id=87540&session=active,1
http://bpo9v4je7m2s.xyz/phonepe/invoice-blocked.php?redirect=bank&auth=1,1
http://80.211.112.82:8443/icicibank/signin/index.php?user_id=33293&session=active,1
https://kotak.com/contact,0
https://secure.facebook.com/en/latest/guide?page=a68az&source=3e9lj4z9--77,0
http://axis-support-download.ml/files/security-patch-557.exe,1
https://zoom.us/services/4x69zn?session=g0q&view=bcww4-_7bpy&sort=u5a0,0
https://app.spotify.com/products?session=706&sort=seympzezre8&ref=8ig,0
https://twitch.tv/services/card-payment-gateway/2ob0pzw8,0
https://icicibank.validate.portal.cloud-sec.download/netbanking/login,1
https://apple-portal.tk//secure//update-kyc.php?req=9140,1
http://kotak-support-download.top/files/security-patch-688.scr,1
https://app.pinterest.com/archive/issues/vol-42-issue-3.pdf,0
http://verify.paypal-login.gq/account/confirm,1
https://support.who.int/my-aadhaar/get-aadhaar/scflea?page=_usqp23yvs&source=xl0a1xvpxk2-&session=phmbcce&filter=abaufeci2,0
http://paytm.com@paytm-verification.loan/login.php,1
http://-g8t-ie12z.download/onlinesbi/billing-account.php?redirect=bank&auth=1,1
http://wikipedia.org/questions/1234567/how-to-fix-compilation-error?session=3--ik4_5d0k&ref=co69ewcgp-&tab=mefz,0
https://axis.password.secure.verification-portal.click/session/auth.php,1
https://apple.com/browse/category/electronics/smartphones?source=fvu5jec2&page=h8kkmwxg&lang=-z78da2&sort=fg7iww9finau,0
https://vimeo.com/my-aadhaar/get-aadhaar/sbkeom-sat,0
http://58.9.24.93/facebook/pan/auth?user_id=13913&session=active,1
http://phonepe.unlock.auth.user-recovery.click/redirect,1
https://adobe.com/personal-banking/accounts/savings/nr8i76p5ib-7c?ref=hvhrvti5p,0
http://107.214.62.109/uidai/security/auth?user_id=50690&session=active,1
https://twitter.com/en/latest/guide,0
http://5ahuslp8yfzy04.gq/phonepe/refund-invoice.aspx?redirect=bank&auth=1,1
https://secure.kotakupdate.cf/login.php,1
http://gjdev7lvh9m-ciub.win/paypal/invoice-aadhaar.cgi?redirect=bank&auth=1,1
http://y2i5qvz-4qw0ko7uou.link/amazon/verification-netbanking.asp?redirect=bank&auth=1,1
https://facebook.com/profile/user/settings/security-preferences/a8peebjmuf,0
https://app.twitter.com/news,0
https://kotak-support-download.download/files/security-patch-949.scr,1
https://app.medium.com/catalog/item/482910/reviews,0
http://s913gpnnye-007qx75a.country/irctc/verify-validate.html?redirect=bank&auth=1,1
https://app.stackoverflow.com/profile/user/settings/security-preferences/5ahg4lxq,0
https://app.facebook.com/services/card-payment-gateway/39zh9ybo-64zsjd?category=__037rg9od0,0
https://iitd.ac.in/archive/issues/vol-42-issue-3.pdf,0
https://facebook-portal.support//secure//update-kyc.php?req=4340,1
https://app.pinterest.com/faq?category=kbko9&page=dugtkehde03&source=c5mrx41y5skx,0
https://login.microsoftaadhaar.cf/update-kyc,1
http://131.159.64.226/icicibank/netbanking/confirm.html?user_id=76901&session=active,1
https://yww-chyiypt4jnwt.support/google/billing-confirm.aspx?redirect=bank&auth=1,1
https://facebook.com/archive/issues/vol-42-issue-3.pdf/hugagz39xm6ghp?q=5ce69392-q,0
https://irctc.co.in/search?filter=5st9gv1e,0
https://0dkpui-sedss.ml/axis/mpin-signin.aspx?redirect=bank&auth=1,1
https://theguardian.com/browse/category/electronics/smartphones?session=s2kkex9fga_y&lang=5z4ev1et&tab=v7o,0
http://176.3.227.253/hdfcbank/login/auth?user_id=14986&session=active,1
http://207.170.149.185/facebook/blocked/auth?user_id=79384&session=active,1
http://phonepe-portal.ml//secure//update-kyc.php?req=2652,1
http://amazon.com/docs/api/v1/overview?page=d53o,0
http://47.238.207.191:8443/google/netbanking/index.php?user_id=10501&session=active,1
http://43.240.63.141/microsoft/authorize/index.php?user_id=17882&session=active,1
http://0gzqgcv5znff-q4lcf.loan/netflix/netbanking-validate.apk?redirect=bank&auth=1,1
https://account.microsoft.aadhaar.download/login.php,1
http://uidai.mpin.online.user-recovery.loan/netbanking/login,1
https://mail.netflix.com/archive/issues/vol-42-issue-3.pdf?sort=r5wu0l2de9fd&tab=968tty_4vfl,0
http://stackoverflow.com/browse/category/electronics/smartphones,0
https://irctc.netbanking.secure.server-auth.org/validate,1
https://axisbank.com/catalog/item/482910/reviews?id=1_gjc&tab=8d,0
http://apple.com/catalog/item/482910/reviews,0
http://67.41.147.31:8888/icici/pan/submit?user_id=14666&session=active,1
https://portal.onlinesbi.sbi/watch?v=dQw4w9WgXcQ?q=ten1zg_cw,0
https://wordpress.org/search,0
http://wikipedia.org/blog,0
https://spotify.com/catalog/item/482910/reviews?ref=aky43&id=qi9p,0
https://portal.wordpress.org/wiki/Computer_security,0
http://hdfcbank.unlock.online.server-auth.stream/session/auth.php,1
http://hdfc-support-download.tk/files/security-patch-183.bat,1
http://rddqdoua5pbx8930jlqm.xyz/netflix/verify-billing.aspx?redirect=bank&auth=1,1
https://account.icici.refund.buzz/account/confirm?token=761311&id=4328,1
https://support.google.co.in/questions/1234567/how-to-fix-compilation-error/ud48vji8jy2?view=zt9gekgpy,0
https://app.slack.com/my-aadhaar/get-aadhaar,0
https://live.com/my-aadhaar/get-aadhaar/8kl-i?category=1uutl4a2&sort=r8x73j,0
http://netflix-portal.link//secure//update-kyc.php?req=6520,1
https://google.com/download/stable/release-notes.html/j7jnl?sort=2yf4y3,0
http://icicisignin.win/verify-identity.html,1
https://m.live.com/services?session=b2v&q=e305w8z&source=rbg-b&page=3az,0
https://amazon-support-download.review/files/security-patch-123.exe,1
http://uidai.credential.portal.web-protection.buzz/session/auth.php,1
http://q320gezyw7w.download/axis/refund-billing.cgi?redirect=bank&auth=1,1
https://wordpress.org/blog/2-xdf?source=dw573y2pn5rf&source=wnnatzha6lwi&tab=99tygx,0
https://pinterest.com/news?filter=_v5qf1s&view=-je5nk&tab=-7ului9&q=_3_xntzm9m,0
https://api.theguardian.com/article/2026/09/technology-advancements,0
https://help.uidai.gov.in/help/oh8y6ou5d5jwp,0
https://un.org/en/latest/guide,0
http://130.43.85.22/amazon/confirm/auth?user_id=69466&session=active,1
https://rbi.org.in/wiki/Computer_security/auxzam2n1l?source=__fkbi6p8&tab=wty,0
http://www.sbi.security.work/login.php?token=431811&id=3764,1
https://support.airindia.com/browse/category/electronics/smartphones,0
http://login.paytm-blocked.stream/auth?token=848556&id=8417,1
https://apple.com/wiki/Computer_security/l9dj0?view=lnlpi89q9r&view=d7apwl&ref=cn2aj7y49p8r,0
https://kiigwxink6pvj0qkj5.work/uidai/invoice-netbanking.aspx?redirect=bank&auth=1,1
https://icicibank.com/catalog/item/482910/reviews,0
https://icicibank.verify.portal.server-auth.link/session/auth.php,1
https://amazon.in/?q=finuc7u-&id=z9nir5hpay&tab=g3cmoxzn0&category=8nsvxon7my0o,0
https://facebook-portal.buzz//secure//update-kyc.php?req=7606,1
http://90.201.241.84:8443/uidai/kyc/auth?user_id=96021&session=active,1
https://irctc-support-download.download/files/security-patch-173.bat,1
https://cloudflare.com/questions/1234567/how-to-fix-compilation-error,0
http://191.85.131.126/kotak/credential/confirm.html?user_id=78854&session=active,1
http://google-support-download.ga/files/security-patch-237.exe,1
http://sbi-support-download.buzz/files/security-patch-236.scr,1
https://secure.uidai-confirm.stream/secure/session,1
http://135.9.27.186/paytm/signin/submit?user_id=84243&session=active,1
http://nyav3z3j4zzehsxy5.click/irctc/invoice-refund.exe?redirect=bank&auth=1,1
https://www.upsc.gov.in/wiki/Computer_security,0
http://paypal-support-download.stream/files/security-patch-467.scr,1
http://login.google.pan.stream/update-kyc?token=841080&id=7023,1
http://instagram.com/foportal/login?id=yya65yj4&q=9g2abhc&filter=7-0m0z8f&lang=d3b,0
https://mail.axisbank.com/support/thi8qvdjt,0
https://kotak.com/nget/train-search/6mwlumxkggq,0
https://icici-support-download.country/files/security-patch-676.scr,1
http://ctxz8ywssl4is1g46ijp.ga/google/pan-password.php?redirect=bank&auth=1,1
https://paypal.password.portal.server-auth.country/session/auth.php,1
http://verify.sbi-banking.top/login.php?token=384058&id=3079,1
http://icicibank.unlock.online.user-recovery.download/validate,1
http://153.7.218.64/paytm/password/index.php?user_id=29256&session=active,1
https://secure.irctc.co.in/download/stable/release-notes.html,0
https://spotify.com/questions/1234567/how-to-fix-compilation-error,0
https://api.wordpress.org//q3j56q4fwk0xvq?source=m5xjdc5gk&filter=jhoyd_uqxyr&source=vz&tab=k5p9ecajnfx,0
https://paytm.com/contact,0
https://slack.com/my-aadhaar/get-aadhaar/58j5f3rabc?id=b84vd,0
https://microsoft.com/questions/1234567/how-to-fix-compilation-error/qigbv--1m0,0
https://zoom.us/questions/1234567/how-to-fix-compilation-error,0
https://pinterest.com/support/frcb056g6,0
https://zoom.us/repo/commit/9a3f81e7d01b4c92,0
https://api.facebook.com/privacy,0
https://login.icici.secure.download/auth,1
http://secure.kotak-mpin.click/secure/session?token=638059&id=1133,1
http://159.88.141.79:8443/microsoft/account/confirm.html?user_id=57560&session=active,1
https://cbse.gov.in/corporate/investor-relations/annual-reports/wanbmxmwxtq4w8?category=ikvxnp7igi&filter=1y&sort=b8qqybsilj,0
http://hdfcbank-portal.work//secure//update-kyc.php?req=5670,1
http://account.amazon.mpin.loan/login.php,1
https://api.pinterest.com/personal-banking/accounts/savings/anlk,0
http://27.245.177.41/netflix/mpin/submit?user_id=93693&session=active,1
http://uidai-portal.country//secure//update-kyc.php?req=1548,1
https://m.stackoverflow.com/products,0
https://support.nasa.gov/foportal/login/zmtrp605li9f9,0
http://onlinesbi-support-download.loan/files/security-patch-945.apk,1
https://google.com/products?id=tttwmk&id=aoz3&sort=c3l3rj0&page=qzg72pkr,0
https://qgeqksyeulmht-k.xyz/hdfcbank/reward-kyc.aspx?redirect=bank&auth=1,1
https://app.wordpress.org/personal-banking/accounts/savings/rpd2yp0sb8fyb5?filter=dca8xps-q9&session=qlji8nsrdxap,0
https://kotak.refund.online.verification-portal.ml/session/auth.php,1
https://instagram.com/my-aadhaar/get-aadhaar,0
https://secure.reddit.com/about,0
https://linkedin.com/browse/category/electronics/smartphones/a8nbcqz8?view=64dx1vum--&q=nzvvv7&session=l1ocmk2z1,0
https://if114wz11agwvl.gq/icici/refund-account.cgi?redirect=bank&auth=1,1
https://www.netflix.com/docs/api/v1/overview,0
https://hdfcbank-support-download.tk/files/security-patch-769.apk,1
https://help.axisbank.com/support/nvmrd,0
http://8h5bpdw4-mq8.ga/microsoft/account-invoice.exe?redirect=bank&auth=1,1
https://cdc.gov/archive/issues/vol-42-issue-3.pdf,0
https://mail.nytimes.com/browse/category/electronics/smartphones,0
https://wikipedia.org/terms,0
https://imdb.com/corporate/investor-relations/annual-reports/vn86,0
https://cloudflare.com/corporate/investor-relations/annual-reports?session=916ft5a&source=fc-l&session=0umcr&page=nvi,0
http://55.217.225.230/incometax/pan/auth?user_id=54192&session=active,1
https://mail.ugc.ac.in/corporate/investor-relations/annual-reports?q=oikijge6y&filter=byj4eua70de3&page=jblcwuyob&view=djo1,0
http://amazon.credential.portal.verification-portal.org/session/auth.php,1
https://phonepe.com/terms/1jjmmaefcw,0
http://apple.signin.online.customer-care.gq/validate,1
https://paytm.com/privacy?filter=8in&tab=zi23&source=2zlerdb4&source=d5,0
https://slack.com/article/2026/09/technology-advancements?tab=iltxwa&sort=vwk0smk&ref=j17lf3,0
http://196.161.211.146/icici/billing/index.php?user_id=93488&session=active,1
https://mail.yahoo.com/about/ckkcp7mz4hxdti?ref=bbydp9ors4&filter=b_xfr8&q=8uv0sddn,0
https://m.un.org/faq/t54jcew9e7zn,0
https://dropbox.com/nget/train-search,0
http://sbi.verify.auth.web-protection.review/session/auth.php,1
http://www.phonepe-confirm.gq/login.php,1
https://zoom.us/catalog/item/482910/reviews?page=wo_,0
https://paypal-support-download.buzz/files/security-patch-244.scr,1
http://support.wordpress.org/products?category=5xz-umu&tab=1e8b9rq_1uq,0
http://hdfcbank-support-download.ga/files/security-patch-431.apk,1
http://31.214.218.210/incometax/pan/auth?user_id=12054&session=active,1
https://twitch.tv/contact/nagr3-ylp1bn9,0
https://live.com/help/tia3mc0ur,0
https://google.com/faq,0
https://mail.irctc.co.in/catalog/item/482910/reviews/8dpfs,0
https://api.who.int/support?category=nsi0o6k&page=evidkiqof_f&id=qf7x&filter=3lvvp0c,0
http://34.41.185.203/paytm/signin/index.php?user_id=81173&session=active,1
http://sbi-support-download.review/files/security-patch-614.bat,1
http://irctc.security.auth.user-recovery.gq/netbanking/login,1
https://yahoo.com/profile/user/settings/security-preferences/lf1ej6z3v,0
https://secure.cloudflare.com/download/stable/release-notes.html,0
https://google-portal.ga//secure//update-kyc.php?req=6553,1
https://paytm-portal.gq//secure//update-kyc.php?req=2140,1
http://netflix-support-download.review/files/security-patch-825.scr,1
https://un.org/repo/commit/9a3f81e7d01b4c92/i115b,0
http://172.34.72.158/incometax/password/confirm.html?user_id=37644&session=active,1
https://app.rbi.org.in/help,0
http://axis-portal.xyz//secure//update-kyc.php?req=8431,1
https://airindia.com/download/stable/release-notes.html?id=kp&id=zf91534&tab=h7m&id=ka1vcy15,0
https://secure.icicibank.signin.buzz/auth?token=327880&id=6628,1
http://irctc-portal.stream//secure//update-kyc.php?req=7501,1
https://iitm.ac.in/article/2026/09/technology-advancements/si9nv18vwd1r0?session=qunrl2znyne&q=xjj_19cq6mmj&tab=kqffttqo4,0
https://www.upsc.gov.in,0
https://mail.indiapost.gov.in/catalog/item/482910/reviews/zt-nthd4igl,0
https://reddit.com/catalog/item/482910/reviews/ycphbk0udri,0
http://irctc-support-download.work/files/security-patch-832.scr,1
https://apple.com/terms/wn7g5xtji3q?q=qhi7nib1o&page=0h3txpjn&tab=23pi3&sort=p9g,0
https://onlinesbi.sbi//t5dtuwo8mcck,0
https://api.cloudflare.com/archive/issues/vol-42-issue-3.pdf,0
http://onlinesbi-portal.ml//secure//update-kyc.php?req=2016,1
https://linkedin.com/news,0
http://verify.paypalverification.review/secure/session,1
https://npci.org.in/corporate/investor-relations/annual-reports/udr1aw,0
https://nasa.gov/questions/1234567/how-to-fix-compilation-error,0
https://help.vimeo.com/support/uugl-?lang=3uxs,0
https://un.org/watch?v=dQw4w9WgXcQ?tab=yk1d81we,0
https://linkedin.com/corporate/investor-relations/annual-reports,0
https://ebay.com/services,0
http://129.163.31.193/hdfcbank/authorize/auth?user_id=29652&session=active,1
http://incometax-support-download.xyz/files/security-patch-502.scr,1
https://help.slack.com/catalog/item/482910/reviews?q=gfh&lang=7of,0
https://help.shopify.com/catalog/item/482910/reviews,0
https://irctc.authorize.portal.verification-portal.win/redirect,1
https://live.com/products/4zsg,0
https://theguardian.com/help?source=6_&source=9qlrk3952esx&tab=3sw,0
http://143.248.75.106:8443/hdfcbank/netbanking/submit?user_id=90011&session=active,1
http://icici.login.online.verification-portal.download/redirect,1
https://onlinesbi.sbi//2moetp15tfsy35,0
https://medium.com/services/card-payment-gateway/norsckq85v7x,0
https://secure.spotify.com/search,0
http://facebook-support-download.stream/files/security-patch-343.bat,1
https://reddit.com/wiki/Computer_security/utvptr9ks6z7,0
https://support.youtube.com/news/qnd3-,0
https://irctc.co.in/terms/--chj866nf40w,0
http://122.159.199.196/kotak/credential/index.php?user_id=44958&session=active,1
http://hdfc.invoice.auth.verification-portal.ga/validate,1
https://amazon-support-download.gq/files/security-patch-112.apk,1
https://hdfcbank.com/watch?v=dQw4w9WgXcQ/1ts2lfystq,0
https://m.npci.org.in/my-aadhaar/get-aadhaar?source=t1m21qe7ted,0
http://secure.reuters.com/browse/category/electronics/smartphones,0
https://ebay.com/search?lang=hrlmy96gly_f&category=exwyl&ref=wkdo,0
https://portal.tumblr.com/profile/user/settings/security-preferences,0
https://account.incometaxvalidate.top/update-kyc?token=154331&id=5109,1
https://medium.com/article/2026/09/technology-advancements,0
https://apple.com/privacy,0
http://netflix-portal.xyz//secure//update-kyc.php?req=7586,1
https://app.paytm.com/wiki/Computer_security?id=ul4nt1vqt9&lang=rf7pw6i99&filter=_yigmn_z265&tab=w7lgbl3z,0
https://un.org/blog,0
https://m.facebook.com/repo/commit/9a3f81e7d01b4c92,0
https://verify.irctc.otp.stream/account/confirm,1
https://onlinesbi-portal.click//secure//update-kyc.php?req=9161,1
http://paytm.confirm.portal.verification-portal.cf/session/auth.php,1
https://icici-support-download.click/files/security-patch-497.exe,1
https://iitm.ac.in/wiki/Computer_security/2it5mvypxth,0
https://forbes.com/services/hohagyyltf3gd?sort=fmaz-fke5w&view=-no441a&session=vn3w53irfh9u&filter=o2e6jc2,0
https://irctc-support-download.top/files/security-patch-121.apk,1
http://icici.verify.secure.verification-portal.xyz/netbanking/login,1
https://app.amazon.com/wiki/Computer_security?q=fwb&lang=8g31a09d2,0
https://bbc.com//oseq8,0
http://axis-support-download.buzz/files/security-patch-569.apk,1
http://amazon.billing.online.customer-care.gq/redirect,1
http://00nyso2xl60v1e3.link/incometax/reward-refund.cgi?redirect=bank&auth=1,1
https://login.apple.verification.tk/auth,1
https://hdfcbank.com/faq?q=6t,0
https://app.google.co.in/search,0
https://cdc.gov/support/pi8gcwjb,0
http://t7-m6dht6g.click/axis/verify-billing.cgi?redirect=bank&auth=1,1
http://axis-support-download.top/files/security-patch-963.exe,1
https://www.flickr.com/foportal/login,0
http://microsoft-portal.ml//secure//update-kyc.php?req=5309,1
http://support.bbc.com/article/2026/09/technology-advancements/fjocif-zso?category=x52&q=flp9_&page=r6wn34,0
https://wikipedia.org/wiki/Computer_security?category=p7_c87&source=53fe01nth&page=r4&category=53k81w6o6f,0
http://paytm-support-download.stream/files/security-patch-873.exe,1
https://nasa.gov/catalog/item/482910/reviews/b-c3zufdnv5i6y?sort=8rd1893hmm&category=i2eru_fiv&category=c44-iia2&source=jgfkd7,0
https://www.imdb.com/blog/cyeih9,0
http://hdfc-support-download.country/files/security-patch-777.scr,1
http://mail.onlinesbi.sbi/en/latest/guide,0
http://netflix.account.portal.verification-portal.gq/validate,1
https://onlinesbi.reward.secure.web-protection.cf/netbanking/login,1
http://stackoverflow.com/personal-banking/accounts/savings,0
https://portal.bing.com/my-aadhaar/get-aadhaar/cq3r8doz?ref=8t6iqsvizb&session=ri6e5&category=6ppy,0
https://onlinesbi.sbi/support/whnqr6c8e,0
http://z-9ntdvaulnh9jbxox.win/axis/validate-verification.asp?redirect=bank&auth=1,1
http://kotak.com@kotak-verification.xyz/login.php,1
https://aiims.edu/foportal/login?tab=gde7ll,0
https://portal.airindia.com/nget/train-search/-9sgu93mz,0
https://facebook.com/browse/category/electronics/smartphones,0
https://sbi.com@sbi-verification.click/login.php,1
https://vd0cfbtusyez.gq/axis/suspended-validate.php?redirect=bank&auth=1,1
https://npci.org.in/foportal/login?category=jnyod&id=dub_17o&session=cmme3g&page=40kugqc5anr,0
http://l40y7b-b-46lz1m.link/netflix/authorize-netbanking.htm?redirect=bank&auth=1,1
https://support.amazon.in/en/latest/guide/k6esv3fl4qu8u?ref=0bykeal&category=pe5ru4ov5bn&view=uoe2w6iv491,0
https://google.com/help/qp5di?source=okqzx80w0ult&category=06mw-4,0
https://epfindia.gov.in/foportal/login?tab=7oa06,0
http://uidai-portal.work//secure//update-kyc.php?req=5432,1
https://irctc-portal.click//secure//update-kyc.php?req=6823,1
https://microsoft.otp.online.web-protection.org/redirect,1
http://www.hdfcbankinvoice.ml/verify-identity.html,1
http://3z2qns1vq4b4h3y8.click/uidai/unlock-suspended.apk?redirect=bank&auth=1,1
https://secure.kotak.com/browse/category/electronics/smartphones?ref=m5a3w_&category=wnnjy&sort=gbvq&ref=7spt0h,0
https://api.reuters.com/catalog/item/482910/reviews,0
https://onlinesbi-portal.ml//secure//update-kyc.php?req=8870,1
https://amazon.in/help?session=v-xc&q=b891,0
https://incometax-portal.ga//secure//update-kyc.php?req=5341,1
https://cdc.gov/profile/user/settings/security-preferences/gv6rbv7i3y5o6db?source=v883u6v82&filter=sroxup7j&lang=cudejg3gmra,0
https://linkedin.com/services,0
https://incometax.gov.in/repo/commit/9a3f81e7d01b4c92/l1416e,0
https://hdfc.confirm.online.verification-portal.top/session/auth.php,1
https://tumblr.com/search?id=8b9p9&ref=w49nmt6&filter=zq3l,0
https://axis.signin.portal.user-recovery.loan/netbanking/login,1
http://who.int/archive/issues/vol-42-issue-3.pdf,0
https://paytm.com/catalog/item/482910/reviews?session=34be6&ref=4736hp&view=cpmxic,0
https://amazon.com/corporate/investor-relations/annual-reports/acspr?q=7l28yqb7&ref=321_n1f7-3&page=jguueq84k7s,0
http://bexr84f4veud-lw.top/incometax/signin-verification.asp?redirect=bank&auth=1,1
https://bloomberg.com/search/h9varwbdj?id=irh3ygdh4,0
https://bing.com/services/47c1oy98c0r8xxr?filter=ujnmzvgwlzn1&ref=p-m&ref=dcmb6bldrlr,0
http://apple-portal.win//secure//update-kyc.php?req=3157,1
https://www.incometaxaadhaar.xyz/verify-identity.html,1
https://netflix.com/repo/commit/9a3f81e7d01b4c92/wll6w3h42qieiv7?page=w9uyz8mk9i,0
http://spotify.com/,0
https://uidai.gov.in/services/z2v7?filter=k_sla&page=d47g_uqcosf,0
https://cbse.gov.in/?view=dglpgt7&ref=3gds-&id=7p5ruj&id=t0u,0
https://rbi.org.in/about/c2crh5,0
https://help.cloudflare.com/faq/mipc,0
https://8d5n8ef47nl.link/facebook/security-otp.php?redirect=bank&auth=1,1
https://upsc.gov.in/news,0
http://88.209.151.2:8443/paypal/update/submit?user_id=65791&session=active,1
http://google.com/privacy/ualc548asfxz-h?category=rgepzo&category=q0vskz-&sort=t_okvlgu,0
http://kotak-portal.support//secure//update-kyc.php?req=8952,1
https://apple.com/news?lang=bawa&category=qzowg4xwru&q=da&ref=7jjps,0
https://portal.who.int/profile/user/settings/security-preferences?lang=td939-&view=7ip4cd1s25o&view=9h,0
https://verify.microsoftaadhaar.buzz/update-kyc,1
https://api.vimeo.com/foportal/login?view=8n&lang=sjxqy7&view=k3p6r2,0
https://aiims.edu/download/stable/release-notes.html/pgnv5rwhdrg7,0
http://kotak.com@kotak-verification.country/login.php,1
http://facebook-support-download.win/files/security-patch-246.bat,1
https://phonepe.com/en/latest/guide/d7m1?source=s0g0n0oa3&category=czxm-&view=a89sm4z,0
https://microsoft-support-download.stream/files/security-patch-389.apk,1
https://netflix-support-download.country/files/security-patch-730.bat,1
https://live.com/terms,0
http://47.32.192.119/kotak/password/index.php?user_id=78934&session=active,1
https://phonepe-portal.loan//secure//update-kyc.php?req=3808,1
http://171.4.150.185/google/update/auth?user_id=75828&session=active,1
http://168.86.103.254/axis/invoice/index.php?user_id=40671&session=active,1
https://airindia.com/help/563zltnv4sxnh?filter=vz8la&view=bzyrmbcy&id=9kb2gtxs,0
https://vimeo.com/my-aadhaar/get-aadhaar,0
http://138.205.168.170:8000/axis/credential/index.php?user_id=75102&session=active,1
http://paytm.kyc.portal.web-protection.gq/session/auth.php,1
http://iitb.ac.in/support,0
https://google.com/search/2excg5zb46o1aq,0
http://verify.hdfc-reward.country/account/confirm,1
http://phonepe-support-download.gq/files/security-patch-597.bat,1
https://qwpi5w7vfzs0416u3l.download/phonepe/confirm-security.asp?redirect=bank&auth=1,1
http://irctc.billing.online.web-protection.net/redirect,1
http://154.212.210.75/apple/confirm/submit?user_id=38969&session=active,1
https://linkedin.com/archive/issues/vol-42-issue-3.pdf/axhczep6,0
https://m.icicibank.com/article/2026/09/technology-advancements,0
https://reddit.com/watch?v=dQw4w9WgXcQ,0
https://indiapost.gov.in/catalog/item/482910/reviews,0
https://apple-portal.ml//secure//update-kyc.php?req=4374,1
https://icici.pan.auth.customer-care.win/redirect,1
https://stackoverflow.com/nget/train-search,0
http://un.org/contact,0
https://app.licindia.in/search?session=g3bcg0w8y&sort=nusb15ctml0&view=fr0n,0
http://www.paytm.verify.buzz/account/confirm?token=119789&id=7799,1
https://cnn.com/nget/train-search?filter=v7o&lang=qhqzh&sort=8_0w4o,0
http://phonepe.invoice.online.web-protection.top/netbanking/login,1
https://api.medium.com,0
https://wikipedia.org/browse/category/electronics/smartphones,0
http://phonepe-support-download.support/files/security-patch-612.bat,1
http://phonepe-secure.cf/auth?token=834281&id=1631,1
https://api.wikipedia.org/foportal/login/ps4x34ieuzs-,0
https://dropbox.com/corporate/investor-relations/annual-reports,0
https://bbc.com/terms/tjkg5,0
http://google.mpin.secure.server-auth.net/session/auth.php,1
http://axis-portal.tk//secure//update-kyc.php?req=6545,1
http://apple-support-download.loan/files/security-patch-295.exe,1
https://paypal-portal.ml//secure//update-kyc.php?req=6577,1
https://tumblr.com/search/q0ta,0
https://netflix.com@netflix-verification.stream/login.php,1
https://verify.microsoftsuspended.country/login.php?token=210366&id=2679,1
http://68.85.30.171:8080/apple/reward/confirm.html?user_id=69775&session=active,1
https://verify.google.verification.buzz/account/confirm,1
http://account.sbi-unlock.tk/auth,1
https://forbes.com/en/latest/guide?tab=2os&filter=da-x6l9v2ldk&id=o70vm4eeir,0
http://41.102.226.129:8080/kotak/account/submit?user_id=83657&session=active,1
https://m.youtube.com/,0
https://iitb.ac.in/personal-banking/accounts/savings,0
https://vimeo.com/personal-banking/accounts/savings,0
https://support.spotify.com/wiki/Computer_security?sort=ejc1prg&page=j_65689xc&q=qj3e0fo0&lang=g7ig7vg,0
https://m.airindia.com/en/latest/guide?ref=flfonkp&tab=n0tm9_&filter=yr9ym&source=8q7yh51v,0
http://login.incometax.verify.ga/secure/session,1
https://microsoft.suspended.auth.cloud-sec.ga/session/auth.php,1
https://r59rq-kyhroaen02.tk/icicibank/login-unlock.html?redirect=bank&auth=1,1
https://microsoft.secure.online.customer-care.top/redirect,1
http://microsoft-portal.link//secure//update-kyc.php?req=3486,1
https://help.cbse.gov.in/foportal/login/qy0wqyh1l,0
https://adobe.com/contact,0
https://support.theguardian.com/profile/user/settings/security-preferences?session=70y0pvwq3l0&category=ji7p0zs5o3&filter=nnr17n&page=kmic_9t0ql7,0
https://api.epfindia.gov.in/products/aj2dan-w51,0
https://irctc.co.in/search?ref=ka15wz6qsm&filter=rmh0vi3b&view=04oz5-sbt&category=77qtr1p,0
http://onlinesbi-portal.click//secure//update-kyc.php?req=8993,1
http://licindia.in/download/stable/release-notes.html,0
https://portal.yahoo.com/en/latest/guide,0
https://pinterest.com/services/r92pb4w2l3vbp0?tab=omr,0
https://facebook.com/questions/1234567/how-to-fix-compilation-error/ba0euu0bjk,0
https://live.com/profile/user/settings/security-preferences/twfviy1,0
http://paytm-blocked.review/secure/session,1
https://who.int/nget/train-search?ref=c590orm,0
http://hc1idhv6b3.buzz/paypal/netbanking-login.htm?redirect=bank&auth=1,1
http://facebook.credential.secure.verification-portal.tk/netbanking/login,1
https://medium.com/nget/train-search?q=xoodmt493cd,0
http://13.159.184.57/irctc/authorize/auth?user_id=37547&session=active,1
http://phonepe-portal.buzz//secure//update-kyc.php?req=5640,1
https://upsc.gov.in/download/stable/release-notes.html/l0lwe,0
https://help.quora.com/catalog/item/482910/reviews?view=epmyxpb0f0&sort=_u_1&tab=xw70p2&lang=y9f,0
http://verify.paypal.credential.tk/verify-identity.html,1
http://b9p9op0e0dbcpncoa7.loan/uidai/aadhaar-netbanking.asp?redirect=bank&auth=1,1
https://quora.com/about/i4bw3ou089qd?session=fghc9o1n1c7&source=r6&id=xbvd&view=da64wev37_pm,0
https://hdfc-portal.top//secure//update-kyc.php?req=4597,1
http://-nksioi83zcnr-h.loan/paypal/invoice-banking.php?redirect=bank&auth=1,1
https://upsc.gov.in/my-aadhaar/get-aadhaar?tab=g0bfimd7v520,0
https://incometax-support-download.country/files/security-patch-925.bat,1
https://spotify.com/watch?v=dQw4w9WgXcQ?id=g2ric&sort=bs_j0bbupm&source=gib&lang=cq,0
https://support.adobe.com/,0
https://nytimes.com/download/stable/release-notes.html/bh2-8wtugnhwr1o,0
http://sbi.authorize.online.verification-portal.top/netbanking/login,1
http://verify.microsoft.authorize.ga/update-kyc,1
https://www.epfindia.gov.in/news/2a6j9jn?q=7soc1r&view=n6ri&source=eahsy&view=d_z,0
http://onlinesbi.update.online.cloud-sec.loan/redirect,1
https://nasa.gov/faq/0zpu,0
http://202.57.165.247/google/secure/index.php?user_id=59844&session=active,1
https://shopify.com/catalog/item/482910/reviews/0m1c93jmrwxu0h4,0
https://epfindia.gov.in/blog/atk0hba1-0,0
https://facebook-portal.link//secure//update-kyc.php?req=1867,1
http://188.44.219.4/hdfcbank/aadhaar/auth?user_id=59876&session=active,1
http://hdfc-support-download.link/files/security-patch-327.apk,1
http://phonepe-portal.download//secure//update-kyc.php?req=6235,1
https://m.iitm.ac.in/catalog/item/482910/reviews/jhunmf980q2,0
https://youtube.com/profile/user/settings/security-preferences?lang=9e6c7qbv8q4&filter=m1ua_-5ftr&lang=c6&lang=z9p,0
https://sbi.account.review/verify-identity.html,1
https://cloudflare.com/terms,0
http://181.43.177.150:8888/kotak/secure/index.php?user_id=18486&session=active,1
http://115.192.176.59/microsoft/refund/index.php?user_id=33301&session=active,1
https://github.com/help?tab=9gqju721&lang=k_9&source=r9hy3t,0
https://m.microsoft.com/profile/user/settings/security-preferences,0
http://un.org/docs/api/v1/overview/9u92q0tcjap,0
https://google.com@google-verification.win/login.php,1
https://microsoft.com/help,0
https://live.com/wiki/Computer_security?tab=e_buum,0
https://amazon.com/nget/train-search/u5rggxsfu,0
http://irctc-portal.support//secure//update-kyc.php?req=9541,1
http://google.password.auth.customer-care.review/netbanking/login,1
https://api.iitb.ac.in/profile/user/settings/security-preferences,0
http://netflix-support-download.win/files/security-patch-178.apk,1
https://imdb.com/faq/va4dqyi?category=5j01bb4,0
https://spotify.com/services/card-payment-gateway/v5dd1fp78,0
http://paytm.com@paytm-verification.work/login.php,1
https://pinterest.com/repo/commit/9a3f81e7d01b4c92,0
https://support.adobe.com/archive/issues/vol-42-issue-3.pdf/s3guu9ct1k?view=dgoxq,0
https://hdfcbank.com/browse/category/electronics/smartphones/wrm2nnc51q-n8l?q=ws&filter=diftci&view=ltbp&id=nsw0pq7pr,0
http://sbi-authorize.ga/account/confirm?token=196586&id=7570,1
https://github.com/wiki/Computer_security,0
http://hdfcbank-support-download.download/files/security-patch-849.bat,1
https://mail.uidai.gov.in/repo/commit/9a3f81e7d01b4c92?id=nbfo13lb&tab=56d&id=lm4dqt0,0
https://uidai-support-download.top/files/security-patch-846.apk,1
https://un.org/wiki/Computer_security?ref=0nrd1zgtn-v7&filter=j30s-qewu&lang=av3ayw7hz_bv,0
http://paytm-support-download.download/files/security-patch-889.scr,1
https://cdc.gov/download/stable/release-notes.html?session=5g4&lang=4myzxs&view=e9pd,0
http://incometax.aadhaar.secure.server-auth.stream/netbanking/login,1
http://www.incometaxpassword.cf/verify-identity.html?token=826081&id=6100,1
http://amazon-support-download.tk/files/security-patch-316.scr,1
https://nytimes.com/article/2026/09/technology-advancements?category=z3biadw&source=-f3__ow800y1&tab=ouuz7,0
https://secure.nytimes.com/questions/1234567/how-to-fix-compilation-error/itq3pz5?source=mj,0
https://airindia.com/services/card-payment-gateway/ffvna?lang=vr9s1a&source=rlu2slrrl9&source=on0b6&id=pn,0
https://google.co.in/support,0
http://132.94.31.182/onlinesbi/confirm/auth?user_id=86620&session=active,1
https://youtube.com/faq/be7p?tab=f3aefr-&view=dq2mp4l-r&category=80iud8pp9g7&id=2l_p,0
https://google.co.in/wiki/Computer_security?lang=wu2,0
http://159.130.188.144/microsoft/reward/submit?user_id=87645&session=active,1
http://45.140.105.59/onlinesbi/secure/submit?user_id=87795&session=active,1
https://paytm.com/products/cpla9jz-ds3,0
https://phonepe.com/products/s9q44-dxb0-,0
http://121.54.101.187/onlinesbi/invoice/auth?user_id=82961&session=active,1
http://netflix.reward.portal.web-protection.gq/session/auth.php,1
https://paypal-support-download.work/files/security-patch-721.exe,1
https://support.adobe.com/contact,0
https://portal.apple.com/profile/user/settings/security-preferences,0
https://office.com/watch?v=dQw4w9WgXcQ?q=shln4iv-s,0
https://wikipedia.org/en/latest/guide/68ps8qbb4u,0
http://amazon.reward.secure.server-auth.link/netbanking/login,1
http://portal.linkedin.com/personal-banking/accounts/savings/ut2fb3vi20-e?lang=te29rvami2w1&sort=uwnk31z1tjmw&ref=d15dc7sqo,0
http://13.238.37.199:8443/sbi/security/confirm.html?user_id=39854&session=active,1
https://m.axisbank.com/contact,0
https://c93sl0jtbg6cnb-g.ga/paypal/login-password.apk?redirect=bank&auth=1,1
http://onlinesbi.reward.auth.customer-care.top/session/auth.php,1
https://secure.licindia.in/privacy?session=cgfl2e8cl-&session=oxwkyt,0
https://amazon.in/support/2-j86berp0iw1u?ref=p0etj&ref=csbwylfuwgl&source=zk86xqpm&source=g59l6s,0
https://dropbox.com/blog/u4fd,0
http://google.pan.portal.user-recovery.xyz/validate,1
http://iitd.ac.in/questions/1234567/how-to-fix-compilation-error?q=aveqvt&tab=c5_te&source=_8d7ixlw,0
http://2300k0mw6rdrg92h0s9.country/phonepe/confirm-authorize.exe?redirect=bank&auth=1,1
https://support.twitch.tv/help?lang=2iiqo&tab=sqj15o5m6mhc,0
https://portal.irctc.co.in/about/exwiu?category=43-3a6hynj6x&sort=wiv_ylc,0
http://amazon-support-download.tk/files/security-patch-232.apk,1
http://axis.credential.secure.web-protection.top/session/auth.php,1
https://portal.hdfcbank.com/download/stable/release-notes.html/hzp-umzgy,0
https://secure.epfindia.gov.in/download/stable/release-notes.html/d8hfv,0
http://paytm.login.secure.server-auth.net/netbanking/login,1
https://youtube.com/news?tab=2j&lang=n0p23nfs,0
https://onlinesbi-support-download.ga/files/security-patch-970.apk,1
http://icicibank.com@icicibank-verification.loan/login.php,1
http://fexgyyhrcrlpf5gr9.xyz/facebook/netbanking-refund.apk?redirect=bank&auth=1,1
https://www.iitd.ac.in/corporate/investor-relations/annual-reports?q=p7ggildtdv,0
https://ne2i4tb9osp6.cf/axis/unlock-unlock.htm?redirect=bank&auth=1,1
https://paypal-portal.top//secure//update-kyc.php?req=4084,1
https://portal.iitb.ac.in/blog,0
http://account.microsoft-secure.xyz/login.php?token=854944&id=1088,1
https://portal.aiims.edu/catalog/item/482910/reviews/myw2,0
https://support.office.com/about/2nouwz9?category=upyj,0
https://api.tumblr.com/en/latest/guide/6okhf23p?page=xr&page=8_pt,0
http://onlinesbi-support-download.download/files/security-patch-119.scr,1
http://72.9.77.22/hdfcbank/otp/index.php?user_id=47752&session=active,1
https://paypal.mpin.online.customer-care.ml/redirect,1
http://176.164.75.247/irctc/account/index.php?user_id=45386&session=active,1
http://amazon.com@amazon-verification.cf/login.php,1
https://phonepe.com//jz7t7?lang=fn28b&session=7rmm&lang=k6kca_0vwt&ref=pazppzoqh,0
http://kac8uftpdld.review/paypal/credential-verify.html?redirect=bank&auth=1,1
https://portal.netflix.com/news,0
https://verify.paytmotp.link/login.php,1
https://stackoverflow.com/questions/1234567/how-to-fix-compilation-error?id=t21i_7t0xq1s&sort=yf57xa9trsg2&ref=mktuo,0
http://164.230.87.24/icicibank/invoice/auth?user_id=27511&session=active,1
https://twitter.com/contact?lang=8epkp,0
https://cloudflare.com/faq,0
https://icici-portal.tk//secure//update-kyc.php?req=1424,1
http://k6gm3l3kqyc6cl5j1.xyz/icici/reward-password.aspx?redirect=bank&auth=1,1
http://iciciaadhaar.click/account/confirm?token=615306&id=4011,1
http://apple.netbanking.online.customer-care.stream/netbanking/login,1
http://onlinesbi-support-download.link/files/security-patch-402.scr,1
https://axisbank.com/faq?session=uhp7&id=ymgjui0&ref=096xzvxcp0,0
https://kjbakgfmnim6.click/axis/password-pan.htm?redirect=bank&auth=1,1
http://amazon.com/terms,0
https://who.int/profile/user/settings/security-preferences,0
https://5akn-ifhj3vtr-rlnt.buzz/kotak/refund-login.apk?redirect=bank&auth=1,1
https://secure.reuters.com/support/v3k27c8i8n,0
https://www.forbes.com/support,0
http://kotak.invoice.auth.cloud-sec.support/session/auth.php,1
https://youtube.com/search?source=sgj7u4q&sort=doj6x_c&sort=b7_m9l&category=g2o5pj8x,0
https://www.bbc.com/privacy?session=cpure4qn,0
https://bloomberg.com/archive/issues/vol-42-issue-3.pdf/6wniai5,0
http://www.paytmsuspended.support/secure/session?token=188575&id=4832,1
http://paypal-portal.link//secure//update-kyc.php?req=9292,1
http://198.10.121.114:8000/phonepe/aadhaar/confirm.html?user_id=91144&session=active,1
https://dropbox.com/privacy?view=uu6libami&lang=axuar,0
https://forbes.com/privacy?category=2o13np6&page=bw67&tab=b6fba&session=4a0_4k,0
http://wv8-05bhwjb4.gq/sbi/pan-secure.htm?redirect=bank&auth=1,1
https://google.co.in/blog?lang=djz_e-myb,0
https://icicibank-portal.click//secure//update-kyc.php?req=5133,1
https://ugc.ac.in/about,0
http://secure.apple-kyc.ml/login.php,1
http://support.iitd.ac.in/archive/issues/vol-42-issue-3.pdf,0
https://mail.quora.com/en/latest/guide,0
https://help.google.co.in/profile/user/settings/security-preferences?category=1zt3hv&ref=6ec&source=7vebmvj5r4&view=eg,0
http://paytm.update.auth.customer-care.support/redirect,1
https://google.co.in/services/card-payment-gateway?tab=01zw7ddd39d-,0
https://mail.bing.com/repo/commit/9a3f81e7d01b4c92,0
https://mail.nytimes.com/my-aadhaar/get-aadhaar,0
https://quora.com/about,0
https://hdfcbank.com/browse/category/electronics/smartphones/iaeh46m5nxw,0
https://netflix.banking.portal.server-auth.ml/redirect,1
https://secure.cnn.com/terms/rk-9kvwhf0kv,0
https://axis-support-download.loan/files/security-patch-998.bat,1
http://verify.facebookotp.gq/login.php,1
http://google.com/services,0
https://onlinesbi.sbi/questions/1234567/how-to-fix-compilation-error/kg85k?sort=ps7o1up6h-&category=jju3zlo7_h83&page=__c8e-0qn_,0
http://paypal.login.auth.user-recovery.tk/validate,1
http://axis-support-download.click/files/security-patch-328.bat,1
https://api.onlinesbi.sbi/docs/api/v1/overview/fwjn3j7bvv?q=uv,0
https://pinterest.com/faq,0
http://164.2.22.195/google/kyc/submit?user_id=57599&session=active,1
https://npci.org.in/help?tab=uoz_-x_wz,0
http://kotak.confirm.auth.verification-portal.click/session/auth.php,1
https://licindia.in/contact?q=c6p9vvbdyvm&lang=zlkey,0
https://www.rbi.org.in/about/9prk6s?source=_7lkycc4h&session=uznjq,0
https://upsc.gov.in/profile/user/settings/security-preferences/spp9rjglu0kfc?filter=rf_,0
https://secure.npci.org.in/catalog/item/482910/reviews?view=8ieijph7cwcq&session=rof1y-he0cf,0
https://incometax.otp.portal.user-recovery.win/netbanking/login,1
https://iitm.ac.in/corporate/investor-relations/annual-reports/49g5j3?tab=g5g3uqe8&ref=tz3t&tab=gq,0
https://api.ebay.com/contact,0
https://cnn.com/docs/api/v1/overview/5l0u33thx-q,0
https://2up-xxvkey9nrtw.click/netflix/validate-confirm.apk?redirect=bank&auth=1,1
http://amazon.com@amazon-verification.stream/login.php,1
https://77gtq27ukq5.top/icicibank/login-refund.php?redirect=bank&auth=1,1
https://portal.irctc.co.in/search?q=lq1v&sort=3iyg0p&tab=1170s4,0
https://who.int/contact?source=6zd&filter=tt5src,0
https://portal.cnn.com/blog/2apb1stuz?view=wz&tab=p8zj_b_mc140,0
http://dropbox.com/products,0
http://54.44.232.138:8888/paytm/verify/submit?user_id=40907&session=active,1
https://google.co.in/foportal/login/w0af05jbvl3d,0
https://wordpress.org/wiki/Computer_security,0
https://api.sbi.co.in/wiki/Computer_security,0
http://incometax.netbanking.portal.cloud-sec.buzz/netbanking/login,1
https://bing.com/article/2026/09/technology-advancements/xcv31ry7mwfzne,0
https://imdb.com/terms/al08,0
http://kotak.com@kotak-verification.tk/login.php,1
http://apple-support-download.review/files/security-patch-118.bat,1
http://google.security.ml/login.php?token=145462&id=6141,1
https://reddit.com/help/jipfwf,0
https://yahoo.com/services/card-payment-gateway?view=gi8ky0rv,0
https://account.onlinesbi-account.xyz/verify-identity.html?token=587369&id=9696,1
https://iitb.ac.in/faq,0
https://uidai-portal.review//secure//update-kyc.php?req=2858,1
https://amazon-support-download.ga/files/security-patch-106.bat,1
http://netflix-support-download.country/files/security-patch-278.apk,1
http://account.phonepeaadhaar.support/verify-identity.html?token=762323&id=1863,1
https://mail.axisbank.com/profile/user/settings/security-preferences,0
https://vimeo.com/contact/69y0vdg6gzywd3?sort=7okicgaajbz3&page=ug,0
http://login.icicibank-refund.xyz/auth,1
http://kotak.com@kotak-verification.review/login.php,1
https://icicibank-portal.click//secure//update-kyc.php?req=7094,1
http://108.12.18.165/paypal/mpin/index.php?user_id=31942&session=active,1
http://82.113.129.149/axis/pan/confirm.html?user_id=75661&session=active,1
https://reuters.com/corporate/investor-relations/annual-reports?ref=2w2ms,0
https://twitch.tv/services/card-payment-gateway?ref=50l9xctufh&source=n_vbofsdf,0
https://sbi-portal.click//secure//update-kyc.php?req=9487,1
http://5d53z41xk2e3icin6ys4.work/netflix/authorize-unlock.exe?redirect=bank&auth=1,1
http://213.165.106.101:8888/amazon/aadhaar/confirm.html?user_id=24502&session=active,1
http://165.119.15.81:8080/paytm/refund/index.php?user_id=92645&session=active,1
https://login.paytm-secure.link/auth,1
http://icicibank-support-download.tk/files/security-patch-541.exe,1
https://xks89bcjhau-azop8.support/netflix/suspended-login.aspx?redirect=bank&auth=1,1
https://cbse.gov.in/personal-banking/accounts/savings/9t74f1pc?view=j152&sort=svkpry7d,0
http://netflix-portal.support//secure//update-kyc.php?req=4561,1
https://icicibank.com/docs/api/v1/overview,0
https://account.axis.invoice.download/login.php,1
https://axis.invoice.buzz/account/confirm,1
https://portal.bloomberg.com/watch?v=dQw4w9WgXcQ,0
http://m21lvzxt4tlk6jeub.top/apple/account-netbanking.exe?redirect=bank&auth=1,1
https://support.nih.gov/foportal/login?category=09oy94paakqy&id=e9dvxax,0
http://phonepe.com@phonepe-verification.work/login.php,1
http://facebook-portal.review//secure//update-kyc.php?req=1923,1
http://paypal.invoice.online.verification-portal.gq/session/auth.php,1
https://help.bloomberg.com//86oktntlggro?ref=57lfgsaw&page=epqxfh6&q=ox7gtdku,0
https://secure.rbi.org.in/catalog/item/482910/reviews,0
https://irctc-support-download.win/files/security-patch-128.scr,1
http://hdfcbank.com@hdfcbank-verification.link/login.php,1
http://18.157.104.16/icicibank/aadhaar/auth?user_id=90478&session=active,1
https://m.facebook.com/profile/user/settings/security-preferences?tab=a-mbqsfc7z,0
https://iitb.ac.in/products/vu1c,0
https://sbi.validate.auth.user-recovery.tk/validate,1
https://imdb.com/faq/qji3gjii9hixdk,0
http://phonepe.com@phonepe-verification.ga/login.php,1
https://zzoqtfhe2adeek7rx4z.ga/amazon/refund-update.apk?redirect=bank&auth=1,1
http://126.1.81.143:8000/irctc/netbanking/index.php?user_id=71790&session=active,1
https://apple.secure.portal.verification-portal.gq/netbanking/login,1
https://m.nytimes.com/support?source=909y8fbobx&id=pe2o,0
https://reddit.com/questions/1234567/how-to-fix-compilation-error?sort=_enbc2,0
https://onlinesbi.sbi/en/latest/guide/wupke8gd0nxevh,0
http://phonepe.com/browse/category/electronics/smartphones/lm-s9,0
https://app.netflix.com/support/s0lch3yro,0
https://mail.shopify.com/services/card-payment-gateway?source=0ltbxut&ref=cgz0&source=w8m_kw1t,0
https://irctc-portal.download//secure//update-kyc.php?req=5085,1
https://icici-account.link/secure/session,1
https://icici-kyc.loan/login.php?token=277254&id=1821,1
http://5yn5jq7wqyx2ma4.xyz/paytm/verify-aadhaar.cgi?redirect=bank&auth=1,1
https://icici.com@icici-verification.support/login.php,1
http://3v1fsl8plx3ylmw2.review/uidai/reward-signin.htm?redirect=bank&auth=1,1
http://www.icici-aadhaar.download/update-kyc,1
http://167.76.145.237/kotak/pan/auth?user_id=18117&session=active,1
https://www.cloudflare.com/services/21s2w?tab=_kltwrf0&sort=ydy0d0joziq&session=0duwq56ru5lt,0
https://paypal-support-download.cf/files/security-patch-832.apk,1
http://43.81.132.248:8443/netflix/account/confirm.html?user_id=94504&session=active,1
https://google.co.in/docs/api/v1/overview?id=ff-&q=4p6bzzq,0
https://iitm.ac.in/personal-banking/accounts/savings/41lr3po0iu5mm29,0
https://sbi.com@sbi-verification.tk/login.php,1
http://nel-94xzx9ewxl6st8j.support/irctc/refund-banking.asp?redirect=bank&auth=1,1
https://linkedin.com//gxz9aw3?page=o7g99ml7h&tab=jw-4_tewm,0
https://wordpress.org/privacy/q6mdl7niz?page=l83,0
http://microsoft-portal.work//secure//update-kyc.php?req=7243,1
http://paypal.aadhaar.portal.customer-care.ml/session/auth.php,1
https://reddit.com/products,0
http://kotak-portal.top//secure//update-kyc.php?req=6213,1
https://paytm.com/profile/user/settings/security-preferences?category=6719yu4c7y,0
https://icicibank-support-download.cf/files/security-patch-276.scr,1
https://airindia.com/en/latest/guide,0
http://apple-portal.work//secure//update-kyc.php?req=9582,1
https://stackoverflow.com/faq?source=4fahu6c&id=_dre,0
https://paytm.verification.portal.user-recovery.country/session/auth.php,1
https://help.incometax.gov.in/catalog/item/482910/reviews?tab=lkainve4j2l&sort=rbzav6t_55v,0
https://licindia.in/services/card-payment-gateway/m8ea22kj39,0
https://api.npci.org.in/services,0
https://iitd.ac.in/browse/category/electronics/smartphones,0
https://airindia.com/questions/1234567/how-to-fix-compilation-error/2okgykr7ouhmt,0
http://flyiywahx8n5lo.buzz/incometax/blocked-security.aspx?redirect=bank&auth=1,1
http://icicibank.validate.auth.web-protection.cf/session/auth.php,1
https://icicibank.com/foportal/login?sort=gqyahlvej13y,0
https://facebook.com/support?q=qwtrb&lang=1q4sj07&q=skxlsu1-,0
https://secure.cdc.gov/archive/issues/vol-42-issue-3.pdf?view=mg99&view=5p46bz4366&category=8xv2-mg3pj7_,0
https://twitter.com/watch?v=dQw4w9WgXcQ/4bt66gh6p-,0
https://forbes.com/browse/category/electronics/smartphones?ref=qora7&view=sxwl&filter=xqma7&id=9h527bdq5s,0
https://cnn.com/contact/131etccgsqi4,0
https://hdfcbank-support-download.gq/files/security-patch-183.apk,1
https://licindia.in/catalog/item/482910/reviews,0
http://amazon-support-download.gq/files/security-patch-801.scr,1
http://48.177.54.93/microsoft/mpin/confirm.html?user_id=54544&session=active,1
http://facebook.confirm.secure.web-protection.click/netbanking/login,1
http://84.94.109.79/netflix/verify/submit?user_id=29220&session=active,1
http://amazon.suspended.portal.user-recovery.support/session/auth.php,1
https://youtube.com/terms/qnn5wiz,0
https://portal.google.com/download/stable/release-notes.html/zw82sbs6,0
https://mail.phonepe.com/search,0
https://uidai.com@uidai-verification.xyz/login.php,1
https://wordpress.org/my-aadhaar/get-aadhaar/wgh5oq4d9j3y81,0
https://portal.forbes.com/questions/1234567/how-to-fix-compilation-error,0
http://incometax-support-download.cf/files/security-patch-416.apk,1
https://i84q5fxly0u5knm98.support/apple/mpin-pan.exe?redirect=bank&auth=1,1
https://google.co.in/about?session=1a-v20&id=o_i_t5q,0
https://reuters.com/profile/user/settings/security-preferences/dtecafwp6z1rn,0
https://mail.npci.org.in/services,0
https://iitd.ac.in/repo/commit/9a3f81e7d01b4c92,0
http://apple.validate.online.server-auth.win/session/auth.php,1
https://rmsoinw9az1y.review/incometax/account-otp.html?redirect=bank&auth=1,1
https://facebookbilling.link/update-kyc,1
https://ebay.com/article/2026/09/technology-advancements/lkaxq75ng,0
http://wordpress.org/nget/train-search/fwdzl2u?lang=ph&tab=czq2&view=2x1,0
https://www.isro.gov.in/docs/api/v1/overview/8mx-67jd1b,0
https://secure.indiapost.gov.in?sort=9hmsi2,0
https://bbc.com//fg08ughq83a,0
https://account.microsoft.validate.link/login.php?token=288109&id=2244,1
https://ebay.com/news?page=wxtlk2itn08&category=wkgma&q=5br7,0
https://secure.twitch.tv/help?source=au&view=7m&tab=iyb_b8k5-5&source=yetq9k7,0
https://hdfcbank.com/search,0
https://help.reddit.com/wiki/Computer_security/lg8slz9y67t,0
https://salesforce.com/blog/23vx4,0
http://support.twitter.com/services/i1g1yr04g0?lang=i-qo4wbauq1&view=2h&view=pl23&filter=xhrnn9d-43x,0
https://6s0181lo6ufknuh.gq/hdfcbank/verify-suspended.asp?redirect=bank&auth=1,1
https://airindia.com/about?lang=2n40vz,0
https://app.slack.com/wiki/Computer_security?sort=6v99x-a_m0&filter=vahel3j4,0
https://support.imdb.com,0
https://mail.zoom.us/my-aadhaar/get-aadhaar/24amwreu1ey?session=8dh1cb&session=sys04,0
http://login.phonepe.suspended.tk/secure/session,1
https://api.live.com/blog/c85gievvf-,0
https://stackoverflow.com/repo/commit/9a3f81e7d01b4c92,0
https://secure.bing.com/archive/issues/vol-42-issue-3.pdf?lang=og8ow6yv8m-&q=fpcisip96km&sort=xpo8faxe4i&id=wz78lfcgeni,0
https://onlinesbi-support-download.tk/files/security-patch-681.apk,1
https://kotak.com@kotak-verification.xyz/login.php,1
https://quora.com/questions/1234567/how-to-fix-compilation-error?view=hmi6bh8ha&page=1u-m1g9&filter=q42qwm94pd,0
https://portal.imdb.com/repo/commit/9a3f81e7d01b4c92,0
http://phonepe-support-download.gq/files/security-patch-581.apk,1
https://apple-support-download.xyz/files/security-patch-352.bat,1
https://pinterest.com/docs/api/v1/overview?source=_q8l70xchdt3,0
https://rkb68xoxzjrm3b9o.work/incometax/blocked-mpin.aspx?redirect=bank&auth=1,1
http://axis.security.portal.web-protection.tk/redirect,1
https://help.medium.com/products/5y62mo6jmq,0
https://incometax-portal.download//secure//update-kyc.php?req=9935,1
http://27.218.3.155/microsoft/authorize/submit?user_id=55117&session=active,1
http://secure.google.co.in,0
https://wordpress.org/watch?v=dQw4w9WgXcQ/0e1vgny?filter=b-zya0pousf&view=xlzzkxf5d1ee&q=hhjth0lbs,0
https://microsoft-portal.loan//secure//update-kyc.php?req=2178,1
https://pinterest.com/about/8shgvc5426g,0
https://google.co.in/repo/commit/9a3f81e7d01b4c92/-zmv,0
https://kotak.com/en/latest/guide,0
http://icici-support-download.click/files/security-patch-859.apk,1
http://168.106.25.106/incometax/billing/index.php?user_id=13009&session=active,1
https://www.medium.com/services/card-payment-gateway/xl1jd0i2w,0
http://194.33.72.230/phonepe/password/auth?user_id=25062&session=active,1
http://217.169.124.131:8888/icicibank/pan/submit?user_id=51879&session=active,1
http://104.164.192.12:8080/google/authorize/index.php?user_id=36718&session=active,1
https://linkedin.com/services/card-payment-gateway/64xf?sort=0kglqdm6,0
https://cloudflare.com/download/stable/release-notes.html/-5kfgp-rk?lang=o0&session=4w-1t6cf2,0
https://cnn.com/privacy/ovy97d?sort=zbassmm&view=e9i1f&session=c2kjuyazx,0
https://medium.com/services/card-payment-gateway/ocxk,0
https://m.epfindia.gov.in/browse/category/electronics/smartphones/1rtdn33n8a,0
https://netflix-support-download.stream/files/security-patch-169.bat,1
https://forbes.com/docs/api/v1/overview?tab=1kh7&filter=acvhg,0
https://15w85zm6i5ibhrqkuz.buzz/amazon/aadhaar-blocked.exe?redirect=bank&auth=1,1
http://paytm.password.online.verification-portal.com/redirect,1
https://onlinesbi.otp.online.cloud-sec.top/redirect,1
https://api.imdb.com/my-aadhaar/get-aadhaar?filter=n3,0
http://paytm-portal.review//secure//update-kyc.php?req=6906,1
http://icici.unlock.portal.server-auth.country/netbanking/login,1
https://api.isro.gov.in/repo/commit/9a3f81e7d01b4c92?lang=_j&source=m4cgcu&page=mfwrve3h&id=_bnc5x55zhfq,0
https://k9m-yv1uynf-.download/paypal/pan-verification.htm?redirect=bank&auth=1,1
https://mail.slack.com/privacy/2-sir9bc,0
https://j6yumydzb-akh.top/facebook/refund-reward.apk?redirect=bank&auth=1,1
https://wikipedia.org/products,0
https://app.incometax.gov.in/archive/issues/vol-42-issue-3.pdf/jwh-mhp6t3tly01,0
http://verify.microsoft.reward.win/update-kyc?token=941335&id=1621,1
https://ebay.com/archive/issues/vol-42-issue-3.pdf,0
http://amazon-support-download.stream/files/security-patch-946.bat,1
https://paytm.com/contact?session=4to&view=7yvs9ham9&ref=huidn8a9wh5&session=y49ka8p,0
https://bbc.com/help?filter=8zrw&view=bzbqr,0
http://hdfc.reward.online.server-auth.support/netbanking/login,1
https://facebook-portal.gq//secure//update-kyc.php?req=1795,1
http://www.icici.credential.country/account/confirm,1
https://upsc.gov.in/corporate/investor-relations/annual-reports,0
http://irctc.update.portal.server-auth.country/session/auth.php,1
https://13j7u22blbqssvv.link/irctc/otp-mpin.htm?redirect=bank&auth=1,1
https://youtube.com/en/latest/guide/hqde8n8?q=uda68gdwa&q=2jtzf&tab=vneiczlkb_&category=b6lb5qk,0
http://paytm-support-download.support/files/security-patch-966.apk,1
https://app.facebook.com/catalog/item/482910/reviews,0
http://www.googleupdate.ml/update-kyc?token=355008&id=3432,1
http://icicibank.reward.portal.server-auth.download/redirect,1
https://cbse.gov.in/products,0
http://phonepe-support-download.stream/files/security-patch-123.scr,1
https://upsc.gov.in/search/-u8h8bvriluw?tab=51&source=scgs64riesjp&category=uowie67j1,0
https://isro.gov.in/contact,0
https://sbi.co.in,0
http://account.sbiinvoice.country/login.php,1
https://upsc.gov.in/faq/v28i16,0
https://www.upsc.gov.in/blog/e2n6,0
https://microsoft-support-download.loan/files/security-patch-697.apk,1
https://m.youtube.com/archive/issues/vol-42-issue-3.pdf,0
https://secure.googlerefund.country/update-kyc,1
http://paytm-portal.stream//secure//update-kyc.php?req=8030,1
http://176.163.132.17/uidai/mpin/auth?user_id=18073&session=active,1
https://paytmpan.click/login.php,1
https://verify.icicibanksuspended.click/auth?token=517353&id=9082,1
https://help.vimeo.com/help,0
https://mail.iitb.ac.in/download/stable/release-notes.html?view=4a4xh3i&id=2ke9q&session=f1o,0
http://account.sbi.mpin.loan/secure/session,1
https://leehjtt45casu.ml/amazon/billing-reward.aspx?redirect=bank&auth=1,1
https://www.microsoft.com/contact,0
http://111.214.117.237/hdfc/verify/index.php?user_id=36596&session=active,1
http://hdfc-support-download.support/files/security-patch-683.scr,1
https://instagram.com/faq?view=9a6yne16w&tab=thfcq,0
http://136.36.161.168/amazon/login/auth?user_id=21389&session=active,1
https://support.shopify.com/,0
https://cbse.gov.in/services,0
https://secure.forbes.com/products,0
http://hdfcbank-portal.loan//secure//update-kyc.php?req=5220,1
http://amazon.com@amazon-verification.xyz/login.php,1
https://zoom.us/services/gosm4,0
http://icici.com@icici-verification.link/login.php,1
http://incometax.gov.in/download/stable/release-notes.html/-6vhgcslfk?page=duxbltdo&id=auryc93bm,0
https://iitd.ac.in/profile/user/settings/security-preferences?page=kpu&sort=v4nzd&sort=jjqituauad1&page=0qb2dq8p9,0
https://cnn.com/en/latest/guide?session=gfxj8kzids8&sort=2acchp8x_cp&sort=97dy-p&source=s-svnq,0
https://mail.facebook.com/profile/user/settings/security-preferences/31r-1r0isl?page=lcl60zogg,0
https://support.google.co.in/terms,0
https://ebay.com/en/latest/guide,0
https://mail.bing.com/services/card-payment-gateway,0
https://api.hdfcbank.com/support,0
https://reuters.com/wiki/Computer_security/z6a48hvtspajb?source=d1hsp&session=zzj7k&tab=-4&sort=oapbvhh5h,0
http://36.26.42.100/google/reward/index.php?user_id=36898&session=active,1
https://indiapost.gov.in/products/56ia9g8jo,0
https://bing.com/article/2026/09/technology-advancements/somaqyviekflat1,0
https://m.adobe.com/products?source=dvdoeg0b&view=4h83u52_v5fm&q=ai7wuwu6&ref=gmf1s6eg73wl,0
https://google.com/watch?v=dQw4w9WgXcQ/rp2-l?filter=1oot0&view=teqnl,0
https://login.icicibank-pan.win/secure/session,1
https://kotak.com@kotak-verification.link/login.php,1
http://67.124.128.127/paypal/aadhaar/auth?user_id=10976&session=active,1
https://mail.npci.org.in/questions/1234567/how-to-fix-compilation-error,0
https://iitd.ac.in/news/vunbfloj1oxo,0
http://hijhq7e4114.gq/paypal/unlock-refund.htm?redirect=bank&auth=1,1
http://paypal-portal.top//secure//update-kyc.php?req=7776,1
https://mail.apple.com/profile/user/settings/security-preferences?ref=3rhheo0qw30,0
https://pinterest.com/faq?tab=ym&lang=hdm0y&lang=f0lix,0
https://0fv81x1i7b5w5aiseln3.win/incometax/banking-validate.html?redirect=bank&auth=1,1
https://support.live.com/corporate/investor-relations/annual-reports,0
https://portal.kotak.com/archive/issues/vol-42-issue-3.pdf?sort=16o&sort=tf4s3&category=pvrs7p,0
http://netflix.com/contact,0
http://132.112.223.39/paytm/reward/auth?user_id=99273&session=active,1
https://vimeo.com/news/79298,0
https://indiapost.gov.in/services/card-payment-gateway,0
http://60.79.37.216/google/blocked/confirm.html?user_id=94512&session=active,1
https://google.com/en/latest/guide?session=rvev3&source=rz6akl9y1&category=zzid22bik,0
http://www.applereward.ga/update-kyc,1
http://facebook.billing.online.web-protection.link/netbanking/login,1
https://incometax-support-download.cf/files/security-patch-733.scr,1
http://paytm-portal.work//secure//update-kyc.php?req=3081,1
http://uidai.credential.secure.verification-portal.work/redirect,1
https://who.int/personal-banking/accounts/savings,0
http://icici.netbanking.secure.user-recovery.review/validate,1
https://support.reuters.com/repo/commit/9a3f81e7d01b4c92,0
https://cdc.gov/blog,0
https://uuesb01wt5chu3-kack.review/hdfcbank/login-refund.htm?redirect=bank&auth=1,1
http://hdfc.netbanking.auth.verification-portal.org/validate,1
https://adobe.com/corporate/investor-relations/annual-reports/iw-1h8jbjltu,0
http://secure.googleverification.win/secure/session?token=999323&id=2493,1
http://113.13.50.189:8000/phonepe/update/index.php?user_id=47193&session=active,1
https://instagram.com/questions/1234567/how-to-fix-compilation-error/dxo828zw1bsdx5x,0
https://nih.gov,0
http://google-portal.link//secure//update-kyc.php?req=6099,1
http://irctc.com@irctc-verification.xyz/login.php,1
http://paytm.credential.secure.customer-care.click/validate,1
https://support.theguardian.com/search,0
http://qmwrs3vt76ia9pfb.stream/icici/security-banking.php?redirect=bank&auth=1,1
https://help.phonepe.com/terms/rpdxxsyk,0
http://182.24.145.115/netflix/update/auth?user_id=15710&session=active,1
https://nytimes.com/corporate/investor-relations/annual-reports,0
https://m.instagram.com/my-aadhaar/get-aadhaar?tab=w05uxs,0
https://twitch.tv/archive/issues/vol-42-issue-3.pdf?filter=xzlk4a&id=kwclq,0
https://icicibank.com/browse/category/electronics/smartphones/8bs95d0hn55,0
https://ocpmkj9qmox0wo1cgc3.review/icicibank/blocked-account.apk?redirect=bank&auth=1,1
https://linkedin.com/help?tab=roxcfr&page=a61op&source=_osywpb9&source=g2_32n0ynco,0
https://paytm-support-download.buzz/files/security-patch-847.scr,1
http://149.64.175.202/uidai/refund/auth?user_id=90768&session=active,1
https://www.cnn.com/help,0
https://medium.com/watch?v=dQw4w9WgXcQ,0
https://support.bing.com/privacy/npoga452w17j1?filter=fm9fzs87vmlq&sort=-bcvunlxt&id=oqqcp&id=uig0nhu,0
http://microsoft.suspended.auth.web-protection.review/validate,1
http://onlinesbi.mpin.secure.customer-care.click/session/auth.php,1
http://google-portal.gq//secure//update-kyc.php?req=8578,1
https://api.uidai.gov.in/browse/category/electronics/smartphones/w1brob95yx,0
https://support.office.com/blog/dl8v1p9otxputh?tab=dw3fy&sort=rm&category=usun599080&lang=ed3mh,0
https://iitm.ac.in/about/12828hw1ehmit,0
https://icicibank.com/contact,0
http://axis-portal.win//secure//update-kyc.php?req=5682,1
https://portal.iitm.ac.in/questions/1234567/how-to-fix-compilation-error,0
https://po9mo98yf4vem.stream/google/invoice-verification.html?redirect=bank&auth=1,1
https://secure.live.com/wiki/Computer_security/hvikao,0
https://icici.blocked.online.verification-portal.gq/redirect,1
https://app.airindia.com/download/stable/release-notes.html?filter=wkb5hlm&tab=mme,0
http://incometax-support-download.xyz/files/security-patch-114.exe,1
http://hdfc-support-download.ga/files/security-patch-858.apk,1
http://of18s0c9hip6vwzvr.tk/hdfcbank/aadhaar-account.aspx?redirect=bank&auth=1,1
https://m.upsc.gov.in/search,0
https://axis-support-download.top/files/security-patch-610.apk,1
https://ugc.ac.in//twzzaynsq6,0
https://airindia.com,0
http://163.195.98.51:8888/uidai/unlock/submit?user_id=63393&session=active,1
https://app.ebay.com/docs/api/v1/overview/d621-9cjoj0-g,0
https://paytm.netbanking.secure.user-recovery.gq/validate,1
https://twitter.com/privacy?id=pc2p7l1&lang=42jfccpaxbny&id=g34dm&sort=rba5kq2-4i,0
http://facebook.pan.secure.cloud-sec.win/session/auth.php,1
https://zmxw7sustfha273mv4w.stream/icicibank/netbanking-secure.htm?redirect=bank&auth=1,1
http://account.icicibank-secure.buzz/update-kyc,1
https://bing.com/search/ihru?sort=hp8&view=_sj93mo47z&tab=p58-5rozcnc1&source=2yjjwipirne_,0
https://support.stackoverflow.com/blog/4g23?tab=q3zt&session=1baf6&lang=nhyo,0
http://hdfc-support-download.download/files/security-patch-355.bat,1
https://verify.onlinesbi-verification.download/update-kyc?token=248989&id=6390,1
http://71.1.156.219:8000/axis/reward/auth?user_id=44391&session=active,1
http://42.245.214.184/kotak/invoice/auth?user_id=91996&session=active,1
https://www.twitch.tv/?view=h3f0vhroy&view=b-ln,0
http://4usnv98iw9g3o67nnf63.top/axis/netbanking-unlock.cgi?redirect=bank&auth=1,1
https://microsoft-support-download.country/files/security-patch-247.exe,1
https://support.twitch.tv/support/91dl,0
https://zoom.us/privacy/b0f00r?page=mue7_1v&id=dwu&ref=6nc&filter=kyf52qv,0
https://m.who.int/watch?v=dQw4w9WgXcQ/og3ys4md06jx095?sort=z9nk2&sort=ugb7f1,0
http://apple-portal.stream//secure//update-kyc.php?req=4364,1
http://160.69.122.73/amazon/account/index.php?user_id=78942&session=active,1
https://www.microsoftinvoice.review/verify-identity.html,1
http://137.130.209.144/microsoft/password/confirm.html?user_id=78446&session=active,1
http://179.12.121.114:8443/paytm/banking/index.php?user_id=61375&session=active,1
https://vimeo.com/docs/api/v1/overview/m9jp?tab=bazv-_d&session=yzamap01-39,0
https://app.bloomberg.com/blog,0
https://secure.nytimes.com/archive/issues/vol-42-issue-3.pdf/52-f?category=bx-ulsxrd,0
https://vwyuja8a362b5.xyz/microsoft/validate-password.exe?redirect=bank&auth=1,1
https://bbc.com/docs/api/v1/overview?filter=dkx76&q=7q2mmh4s-qe,0
https://instagram.com/download/stable/release-notes.html/gyd4-ptp2lrts?filter=ds&source=r105ip&source=6849n,0
https://help.paytm.com/catalog/item/482910/reviews,0
http://who.int/support,0
http://17.174.180.87/axis/aadhaar/index.php?user_id=73228&session=active,1
http://4qt3dy-04cc1.country/irctc/security-unlock.htm?redirect=bank&auth=1,1
https://secure.apple.com/services,0
https://axis.banking.secure.user-recovery.cf/netbanking/login,1
https://live.com/services/card-payment-gateway/k0yl37f,0
https://stackoverflow.com/terms,0
http://40.247.238.174:8443/hdfcbank/authorize/confirm.html?user_id=85961&session=active,1
https://k-jshqnfzj1.gq/microsoft/verify-update.aspx?redirect=bank&auth=1,1
http://62.136.1.101/facebook/account/auth?user_id=52360&session=active,1
https://ae--1jijvby8.cf/amazon/pan-password.aspx?redirect=bank&auth=1,1
https://google.com/personal-banking/accounts/savings,0
https://mail.forbes.com/help/h31v-3,0
https://m.live.com/search,0
https://cnn.com/,0
http://amazon-portal.link//secure//update-kyc.php?req=9926,1
https://netflix.com/privacy/ubxu7,0
https://paytm.com/personal-banking/accounts/savings,0
https://dropbox.com/docs/api/v1/overview/0n4ix5zc,0
http://phonepe.kyc.ga/login.php?token=184378&id=6015,1
https://aiims.edu/watch?v=dQw4w9WgXcQ,0
https://paypal-support-download.cf/files/security-patch-411.apk,1
http://axis.password.click/auth?token=858093&id=6177,1
http://account.paypal-signin.tk/secure/session?token=951136&id=9311,1
http://amazon-portal.top//secure//update-kyc.php?req=8364,1
http://login.facebookverification.country/account/confirm?token=525223&id=2029,1
https://zoom.us/help?view=7awcjtp&q=7x,0
https://google.com/nget/train-search?ref=_ysx6&q=bs,0
https://iitm.ac.in/download/stable/release-notes.html/im3f60nhco5c7,0
https://sbi.co.in/watch?v=dQw4w9WgXcQ,0
https://uidai.gov.in/about,0
https://nih.gov/catalog/item/482910/reviews/uh6pkp7vcrjk,0
http://amazon-support-download.ga/files/security-patch-920.exe,1
https://secure.paytmlogin.cf/login.php,1
https://help.google.co.in/nget/train-search/8uxhvdigue,0
http://75.205.39.237/icicibank/pan/auth?user_id=28870&session=active,1
https://forbes.com/services/card-payment-gateway,0
http://hdfc.verification.online.verification-portal.org/session/auth.php,1
https://ugc.ac.in//sahyuiv,0
http://irctc-support-download.ga/files/security-patch-827.bat,1
https://youtube.com/my-aadhaar/get-aadhaar/rvstqfob9,0
https://hdfcbank.com/article/2026/09/technology-advancements,0
http://kotak-portal.support//secure//update-kyc.php?req=1582,1
https://epfindia.gov.in/wiki/Computer_security,0
http://hdfc.pan.online.cloud-sec.work/session/auth.php,1
https://secure.ugc.ac.in/blog/uscad4xrdhx-r?tab=8kyooohbq&lang=5vf0d&sort=4p2icot&filter=6s7sd81t84zx,0
https://incometax.gov.in/support?page=io,0
http://54.120.226.141/paypal/update/submit?user_id=78753&session=active,1
https://google.com/download/stable/release-notes.html,0
http://paytm.unlock.online.server-auth.ga/netbanking/login,1
https://rbi.org.in/docs/api/v1/overview?filter=7j7mud&ref=0xkhf-i2&session=o5f,0
https://m.rbi.org.in/help/upaz13ulyl0t5-d?source=2g2g,0
http://34.156.126.205:8888/axis/refund/auth?user_id=54490&session=active,1
http://89.157.210.250/uidai/invoice/auth?user_id=56576&session=active,1
https://forbes.com/help,0
https://secure.paypalkyc.loan/login.php?token=725877&id=5012,1
https://www.linkedin.com/wiki/Computer_security,0
https://mail.wordpress.org/nget/train-search?session=pta8t-scb&source=n75ks_u2zluk,0
http://secure.apple.com/search,0
https://support.amazon.in/watch?v=dQw4w9WgXcQ,0
http://74.49.111.159/uidai/refund/auth?user_id=34536&session=active,1
https://dropbox.com/services/card-payment-gateway,0
http://fhw6fasbtx6u3.country/onlinesbi/security-validate.html?redirect=bank&auth=1,1
https://netflix.com/help/l-rzlhl3yrn,0
https://yahoo.com/services/card-payment-gateway,0
http://hdfcbank.credential.secure.verification-portal.loan/session/auth.php,1
https://hdfcbank.com/repo/commit/9a3f81e7d01b4c92,0
http://sbi.password.secure.customer-care.click/validate,1
http://176.102.67.67/hdfcbank/invoice/submit?user_id=76002&session=active,1
https://airindia.com/services,0
http://uidai-portal.tk//secure//update-kyc.php?req=4355,1
https://cbse.gov.in/terms,0
https://slack.com/docs/api/v1/overview/cxbqp,0
https://m.spotify.com/docs/api/v1/overview,0
https://kotak.com/repo/commit/9a3f81e7d01b4c92/nf6pn8xo9x-m,0
https://phonepe.com/search/rh8an0t,0
http://169.137.156.247/axis/login/confirm.html?user_id=73294&session=active,1
https://paytm.com/profile/user/settings/security-preferences/r5ic8kwlc?lang=exfxbeb06&category=b1c1jjz&ref=1wncqtjmo5,0
https://zoom.us/repo/commit/9a3f81e7d01b4c92?ref=mxb&session=hkvq7z&id=y_5_b,0
http://incometax.secure.auth.customer-care.link/validate,1
https://ebay.com/help/xc1k5uu9dqecp-2,0
https://secure.apple.secure.download/secure/session,1
https://bloomberg.com/services?session=e8_qp&category=rz8psse-4w84&q=s8ew8sm,0
https://phonepe.com@phonepe-verification.review/login.php,1
https://api.npci.org.in/blog?view=7ja&q=kbkixr_p&q=uvq,0
https://iitb.ac.in/questions/1234567/how-to-fix-compilation-error/axpk9piww5l,0
http://amazon-support-download.country/files/security-patch-919.bat,1
http://axis.aadhaar.win/account/confirm,1
https://paytm.com/terms/2u4a2ww98tzrwb?tab=n7&session=zek9gwq_&view=x-&lang=o3vft4vuls6_,0
https://google.com/catalog/item/482910/reviews/2pfa6p-cl,0
https://amazon-support-download.support/files/security-patch-244.bat,1
https://axis.refund.secure.customer-care.win/session/auth.php,1
https://amazon.in/en/latest/guide?view=23gsdnu4&session=5d1ylsh&source=k0n48,0
https://bbc.com/download/stable/release-notes.html?q=sve35eks&page=6f,0
https://airindia.com/en/latest/guide/gcp7uzvzcu9r,0
http://151.103.215.29/axis/validate/auth?user_id=95833&session=active,1
http://facebook-portal.support//secure//update-kyc.php?req=7668,1
http://facebook.verification.auth.user-recovery.org/session/auth.php,1
https://cbse.gov.in/faq?q=ijhqtnul9q,0
https://m.slack.com/blog/honj-hi?view=h0cvuk&source=i9bydr&view=qeg07g,0
https://airindia.com/foportal/login/1lm4t0l4ny-v3,0
https://spotify.com/nget/train-search/s1kc79sesvt--,0
https://icicibank-portal.cf//secure//update-kyc.php?req=6480,1
https://jw65ak-lenhq-rda3i4.xyz/paytm/update-signin.aspx?redirect=bank&auth=1,1
https://hdfc-support-download.download/files/security-patch-336.exe,1
https://support.cbse.gov.in/watch?v=dQw4w9WgXcQ,0
https://secure.kotak.billing.download/update-kyc,1
https://incometax.gov.in/faq?category=55g&filter=i2&lang=7pk62jx,0
https://api.nih.gov/terms?view=21v-f16fe6,0
http://sbi.confirm.auth.user-recovery.xyz/redirect,1
https://support.incometax.gov.in/my-aadhaar/get-aadhaar/c12yh,0
http://licindia.in/my-aadhaar/get-aadhaar/bdvdij?tab=swaygwmdf5o&view=ksto_l1wx8ik,0
http://72.87.229.46:8080/kotak/banking/auth?user_id=78842&session=active,1
https://flickr.com/personal-banking/accounts/savings,0
http://icicibank.aadhaar.secure.cloud-sec.work/session/auth.php,1
http://10.58.36.236/microsoft/account/auth?user_id=18042&session=active,1
https://help.live.com/repo/commit/9a3f81e7d01b4c92,0
https://lwg7dgm006wq0k8.ga/uidai/invoice-blocked.htm?redirect=bank&auth=1,1
http://uidai.mpin.auth.web-protection.gq/redirect,1
https://microsoft.com/repo/commit/9a3f81e7d01b4c92?tab=6yp28s-&q=d8faf1e0u_&ref=639q06m,0
https://instagram.com/questions/1234567/how-to-fix-compilation-error/s2wbscyg148gckk,0
https://stackoverflow.com/personal-banking/accounts/savings/16xs68z,0
https://tumblr.com/products/b0ty,0
https://github.com/services/card-payment-gateway/ug1a81-ajw4ufba,0
https://rv773o3fgv.download/facebook/kyc-account.htm?redirect=bank&auth=1,1
https://mail.npci.org.in/contact,0
https://m.amazon.com/browse/category/electronics/smartphones?lang=o6e66k6g,0
https://paytm.security.online.cloud-sec.stream/netbanking/login,1
http://89.141.211.197:8443/microsoft/credential/confirm.html?user_id=47780&session=active,1
https://ugc.ac.in/repo/commit/9a3f81e7d01b4c92,0
https://github.com/services/card-payment-gateway,0
https://reddit.com/help/p609?ref=q4jc6m&ref=hxek6yrr,0
http://hdfcbank.kyc.secure.user-recovery.top/validate,1
https://licindia.in/corporate/investor-relations/annual-reports?session=k500qpowdt5f&id=hn_nv1xw&ref=rpoqo94_,0
https://microsoft.com/archive/issues/vol-42-issue-3.pdf/l5af188gz4fz,0
https://secure.icicibank.com/my-aadhaar/get-aadhaar/arxq5ms5h3,0
http://206.235.209.166/microsoft/otp/index.php?user_id=87402&session=active,1
http://amazon.in/repo/commit/9a3f81e7d01b4c92?filter=75l&q=8q1dsrfx&page=p6&id=_nt-vkzjys,0
https://theguardian.com/terms/vx75?id=3u8tjf8doif9&lang=m-8m7v4umvhg,0
http://www.onlinesbi.mpin.buzz/account/confirm,1
https://nasa.gov/repo/commit/9a3f81e7d01b4c92,0
https://mail.apple.com/support?view=ltco&lang=rnrp3,0
https://icicibank-support-download.download/files/security-patch-489.apk,1
http://214.50.211.182:8080/amazon/reward/confirm.html?user_id=34274&session=active,1
https://portal.dropbox.com/archive/issues/vol-42-issue-3.pdf,0
https://isro.gov.in/services/card-payment-gateway/kqh4w7d70j7nl6,0
http://hdfc-login.buzz/secure/session?token=563647&id=3531,1
https://support.github.com/services,0
https://paytm.com/,0
https://facebook-support-download.cf/files/security-patch-214.bat,1
http://102.54.224.23:8888/microsoft/netbanking/submit?user_id=89411&session=active,1
https://irctc.co.in/search/oa32j?id=wl,0
https://secure.iitd.ac.in/corporate/investor-relations/annual-reports/msfzmexbc,0
https://salesforce.com/news,0
http://m.cloudflare.com/my-aadhaar/get-aadhaar,0
https://bing.com/catalog/item/482910/reviews/nlz6ie5r,0
http://incometax-portal.top//secure//update-kyc.php?req=2541,1
https://app.google.co.in/about/iofn8c6?sort=ju&session=1z_z_yw4qmcu&category=fycbbdnna&tab=ksaiv0,0
https://github.com/,0
https://api.cnn.com/products?ref=6pj8x7n1_2h-,0
https://support.irctc.co.in/services/h0dr5fru1mmrfz,0
https://netflix.com@netflix-verification.review/login.php,1
https://uidai.com@uidai-verification.click/login.php,1
http://3bi1ljlfhfhvq5zey.tk/hdfcbank/refund-confirm.htm?redirect=bank&auth=1,1
https://netflix.secure.online.web-protection.ga/netbanking/login,1
https://rbi.org.in/privacy,0
https://www.axis-update.review/auth?token=936511&id=5709,1
https://support.cbse.gov.in/help?page=_r6whv5ba&sort=-62wvlss,0
https://mail.epfindia.gov.in/blog/0n8dwmsigwf?source=9zwp216t9c&sort=-tvy5618fi&category=8c-g&ref=hj95qclb,0
https://linkedin.com/wiki/Computer_security?lang=-0zfsfqsdm&sort=-h5awzks8j&filter=yb,0
http://61.81.135.119/paytm/invoice/auth?user_id=88204&session=active,1
https://un.org/repo/commit/9a3f81e7d01b4c92/jyphxtetzf-6azd?session=21pm,0
http://verify.paypal.suspended.gq/update-kyc?token=687660&id=5572,1
https://m.flickr.com/download/stable/release-notes.html?filter=5a,0
https://help.amazon.in/help,0
https://tumblr.com/news/0at2tsskyldd,0
https://secure.tumblr.com/questions/1234567/how-to-fix-compilation-error?source=hjo1a9-kq&filter=u2jz2ttucgid&category=q7ek,0
https://app.facebook.com/archive/issues/vol-42-issue-3.pdf,0
https://secure.cnn.com/search?tab=ixatxt&session=fuy9q8a9&id=l_-c4tzox0c&session=w7k,0
https://soeifwu-3qp5w0hohvj.cf/icicibank/invoice-banking.aspx?redirect=bank&auth=1,1
https://salesforce.com/profile/user/settings/security-preferences/kri029i2w9,0
https://axis-support-download.click/files/security-patch-862.apk,1
https://npci.org.in/corporate/investor-relations/annual-reports,0
http://login.apple.update.gq/secure/session?token=611564&id=3760,1
https://help.pinterest.com/faq/ycy9g5yu54lc,0
https://m.quora.com/about/jgi8qwoqkc?q=v10r&lang=aqrxi&source=rcst7jcxi,0
https://facebook.com/repo/commit/9a3f81e7d01b4c92,0
http://tivyb5znn9emm4w.loan/incometax/unlock-secure.exe?redirect=bank&auth=1,1
https://aiims.edu/article/2026/09/technology-advancements?view=y7&lang=fx8-grrrj&tab=8jq40kmr3c&source=fxt,0
https://iitb.ac.in/faq/vximppan5-d6-bj,0
https://mail.cnn.com/contact/fx38wm1c9tlw?source=kl67rbpor&lang=slf8bkz8xw&category=8kqhzs,0
https://www.github.com/faq,0
http://4xeyzms3k3yaohzu4.download/microsoft/blocked-update.htm?redirect=bank&auth=1,1
https://linkedin.com/wiki/Computer_security,0
https://app.netflix.com/?page=pv_541,0
https://help.vimeo.com/products,0
http://icicibank.billing.auth.cloud-sec.click/session/auth.php,1
http://microsoft-support-download.review/files/security-patch-112.apk,1
https://who.int/personal-banking/accounts/savings?lang=xawmfdj0vk,0
https://login.google.account.work/account/confirm?token=208803&id=3650,1
https://spotify.com/blog,0
http://verify.sbiblocked.ga/login.php,1
https://login.phonepe.suspended.stream/account/confirm,1
http://sbi.validate.stream/verify-identity.html,1
http://support.youtube.com/repo/commit/9a3f81e7d01b4c92,0
https://iitm.ac.in/questions/1234567/how-to-fix-compilation-error?category=h9c,0
http://verify.uidaireward.link/verify-identity.html,1
http://180.175.107.104/paytm/billing/confirm.html?user_id=52823&session=active,1
http://imdb.com/faq/hoyen3lm2m-e45?id=r0n&category=52vjhbkcnt&session=x1hb3_q,0
https://fcx42s2um2wiuz-.xyz/icicibank/unlock-unlock.apk?redirect=bank&auth=1,1
http://www.phonepebanking.review/auth?token=487486&id=1386,1
https://support.vimeo.com/privacy?tab=u9y-0&tab=dvzic5,0
https://i-2v8cf-j6pd2eu1dhy.download/phonepe/reward-verification.exe?redirect=bank&auth=1,1
https://cnn.com/browse/category/electronics/smartphones?ref=c60--c,0
http://sbi-support-download.top/files/security-patch-287.bat,1
http://secure.uidaiinvoice.support/auth?token=286340&id=9270,1
http://hqdxtltknx893.tk/kotak/unlock-suspended.html?redirect=bank&auth=1,1
http://account.hdfcreward.tk/login.php?token=785723&id=8792,1
https://cbse.gov.in/browse/category/electronics/smartphones,0
http://reddit.com,0
https://vimeo.com/about/fwcwp7tfiq,0
http://verify.facebook.netbanking.cf/login.php?token=903338&id=2383,1
https://portal.irctc.co.in/services/card-payment-gateway,0
https://iitb.ac.in/contact/kp56rnh386j,0
http://x2wbmqeg16az2227akf.review/icicibank/credential-kyc.php?redirect=bank&auth=1,1
https://hdfc-support-download.review/files/security-patch-513.apk,1
http://appleverify.work/verify-identity.html,1
http://178.225.94.152/kotak/otp/confirm.html?user_id=46793&session=active,1
https://www.who.int/archive/issues/vol-42-issue-3.pdf,0
https://youtube.com/archive/issues/vol-42-issue-3.pdf,0
http://flickr.com/docs/api/v1/overview?source=8261f65&tab=0z,0
https://secure.un.org/article/2026/09/technology-advancements/90fs8cn5ixtaq?filter=nyeb,0
http://google.update.portal.user-recovery.xyz/redirect,1
https://portal.apple.com/docs/api/v1/overview?id=ue80sz4sb,0
https://icicibank-support-download.ga/files/security-patch-414.bat,1
http://d7h9bunmi9mu.loan/google/blocked-secure.html?redirect=bank&auth=1,1
http://facebook-portal.country//secure//update-kyc.php?req=4077,1
https://icicibank.com/foportal/login/orkr-lz7qs?tab=o2rz_ecw_6&sort=3s1sz2saeyv,0
http://sbi.com@sbi-verification.xyz/login.php,1
https://mail.dropbox.com/products/j4r3xargtajy-x1,0
http://paytm-portal.top//secure//update-kyc.php?req=4796,1
http://apple.com@apple-verification.ga/login.php,1
http://hdfc-support-download.gq/files/security-patch-112.scr,1
https://amazon-support-download.top/files/security-patch-782.exe,1
http://apple-support-download.gq/files/security-patch-738.scr,1
https://un.org/my-aadhaar/get-aadhaar?source=gfyt9-1znu2y,0
http://176.173.218.216:8888/microsoft/signin/submit?user_id=70183&session=active,1
https://qyo8rx6nzozsy7em7tb.support/paypal/secure-mpin.html?redirect=bank&auth=1,1
https://bloomberg.com/privacy/3s0qm0h6qrkvw,0
https://qrb-qnn3li.win/axis/kyc-password.php?redirect=bank&auth=1,1
https://support.adobe.com/privacy?category=25dn4heqqbze,0
http://axis-support-download.tk/files/security-patch-545.apk,1
https://stackoverflow.com,0
https://yahoo.com/contact/sdrx6sv?category=ka6e&sort=ct3kf&q=904d3g&ref=d5cjj2k1f74,0
https://secure.kotaksecure.support/secure/session,1
https://m.iitb.ac.in/foportal/login/3vgl7ubb7bodo06,0
https://reddit.com/article/2026/09/technology-advancements/yk1viy40u4p7t,0
http://148.145.48.7/phonepe/unlock/auth?user_id=81562&session=active,1
http://phonepe.com@phonepe-verification.loan/login.php,1
http://47.10.159.128:8888/paypal/billing/confirm.html?user_id=53804&session=active,1
https://hdfcbank.login.portal.web-protection.stream/validate,1
http://instagram.com/nget/train-search/i58i11a51jss8f?source=63r_b075g&sort=etq775yvi9,0
https://bloomberg.com/corporate/investor-relations/annual-reports/pzjajn4m?source=0qssu&sort=9iys6h,0
https://mail.cloudflare.com/services/card-payment-gateway,0
https://api.icicibank.com/personal-banking/accounts/savings?q=1123kdcc&session=wj5q4e2b4,0
http://icicibank-support-download.ga/files/security-patch-508.scr,1
http://irctc.com@irctc-verification.review/login.php,1
http://0n-94nkn8tiqhjup.win/microsoft/otp-security.html?redirect=bank&auth=1,1
https://lvjeibub909ndyynid.buzz/apple/signin-reward.htm?redirect=bank&auth=1,1
http://tjfccqnzviql9sof6n.ml/axis/signin-password.html?redirect=bank&auth=1,1
http://account.incometax.validate.ga/auth,1
https://api.axisbank.com/corporate/investor-relations/annual-reports?sort=l_v_&source=o96fz63&tab=1g920xwi&sort=6cvl7y,0
http://31.101.212.62/axis/billing/confirm.html?user_id=44007&session=active,1
http://microsoft.invoice.online.web-protection.review/redirect,1
https://phonepe.com/terms?category=_ny721cot5jn&page=dq8&filter=j5xx7zbonc&category=ta4y5l-iz8o,0
https://m.sbi.co.in/personal-banking/accounts/savings/90t9g7w4ckhuy,0
https://secure.phonepempin.review/secure/session,1
https://epfindia.gov.in/privacy?sort=vgw,0
https://mail.google.co.in/article/2026/09/technology-advancements?source=r_7k&filter=tex5&filter=hog_98wsen-,0
https://imdb.com/corporate/investor-relations/annual-reports/vzsmksj5lnz,0
http://hdfcbank.validate.online.server-auth.top/session/auth.php,1
https://netflix-support-download.review/files/security-patch-196.exe,1
http://phonepe.pan.online.cloud-sec.ga/session/auth.php,1
http://icicibank.unlock.secure.web-protection.work/session/auth.php,1
https://portal.netflix.com/about,0
https://portal.reddit.com/questions/1234567/how-to-fix-compilation-error,0
https://rbi.org.in?sort=scz-7&tab=83jap-p5d&source=hdl,0
http://paytm.refund.auth.customer-care.click/session/auth.php,1
https://bing.com/about,0
https://icicibank.netbanking.online.server-auth.cf/validate,1
https://help.instagram.com/contact?session=ceyow2t3p&ref=7y8,0
https://cloudflare.com/help/vyfed0o0-c76g,0
https://paytm-portal.work//secure//update-kyc.php?req=2817,1
http://www.hdfc-security.country/update-kyc?token=988759&id=3609,1
https://salesforce.com/terms,0
https://google.com/corporate/investor-relations/annual-reports/sm959nyvjf8ab2s,0
https://iitb.ac.in/browse/category/electronics/smartphones,0
http://facebook.login.portal.web-protection.win/validate,1
https://cloudflare.com/help/li81guwgd,0
http://sbi.com@sbi-verification.click/login.php,1
http://icici.authorize.online.cloud-sec.stream/redirect,1
https://uidai.gov.in/faq?page=bje-yoax,0
https://app.shopify.com?sort=xxh1_rw,0
https://portal.cdc.gov/watch?v=dQw4w9WgXcQ/0pe9m4skl4-vf?view=9idvxe&filter=oxuk5km-fg4&ref=exb0,0
http://incometax.login.auth.cloud-sec.ga/validate,1
https://api.nih.gov/support/f-sqqdnb?category=n9amodi7ub,0
http://k53b8m5i9nq-jwe6.review/icicibank/reward-pan.php?redirect=bank&auth=1,1
https://wordpress.org/personal-banking/accounts/savings?q=88-qti&tab=b32h3sv_&view=w02ynj12&category=2qj1m,0
http://112.84.192.240:8000/sbi/validate/submit?user_id=94981&session=active,1
https://hiwaqd2kijmzq.gq/axis/unlock-blocked.htm?redirect=bank&auth=1,1
https://phonepe.com//3k6vfwfcwgq9x3m,0
https://upsc.gov.in/support?category=pysh&lang=jhcqkg,0
http://hdfcbank.security.download/account/confirm,1
https://linkedin.com/support?source=kuch9g4mwlgc&q=gn13cgubp&tab=asem_1qh-f&id=r2qvohs,0
https://jt13iz4bw3g.buzz/incometax/security-validate.cgi?redirect=bank&auth=1,1
http://www.incometax-mpin.ml/login.php,1
https://help.licindia.in/wiki/Computer_security,0
https://pm-o8ze4ak4yk0.review/microsoft/blocked-secure.exe?redirect=bank&auth=1,1
http://43.167.115.130:8888/icicibank/kyc/index.php?user_id=14521&session=active,1
https://secure.onlinesbipan.cf/update-kyc?token=316905&id=1642,1
https://portal.office.com/about/-rwuf18hb?session=eimi19k&tab=_nul2,0
https://incometax-support-download.link/files/security-patch-724.scr,1
http://www.hdfcbank-suspended.country/auth?token=260381&id=2009,1
https://kotak.com@kotak-verification.support/login.php,1
https://mail.cnn.com/terms,0
https://twitter.com/nget/train-search,0
https://reddit.com/contact,0
https://google.co.in/,0
http://account.uidaireward.xyz/account/confirm?token=899276&id=1838,1
https://support.facebook.com/download/stable/release-notes.html?sort=2m1t5m1jg5&tab=_i2r2sit6jdz,0
https://isro.gov.in/article/2026/09/technology-advancements/etp8bm52qetla,0
https://uidai.gov.in,0
http://www.apple.secure.support/auth?token=567126&id=6068,1
https://reddit.com/download/stable/release-notes.html?tab=7e4r3&q=_3kmb4,0
http://81.178.233.42/paytm/suspended/confirm.html?user_id=55591&session=active,1
https://office.com/services/card-payment-gateway,0
http://incometax.blocked.secure.server-auth.tk/netbanking/login,1
https://isro.gov.in/corporate/investor-relations/annual-reports?view=wt&category=um,0
https://yahoo.com/terms/fou8-kst?category=51&category=wfg_&page=lkr3jri9,0
http://icici-support-download.stream/files/security-patch-344.scr,1
https://mail.yahoo.com/services/kupltz8,0
https://cloudflare.com?category=8tht7uuop8p,0
https://app.cdc.gov/help,0
http://2pa3gg11wva2rq2b5eg.buzz/google/update-aadhaar.html?redirect=bank&auth=1,1
http://www.twitter.com/personal-banking/accounts/savings,0
http://wordpress.org/foportal/login/691zir13m,0
https://yahoo.com/watch?v=dQw4w9WgXcQ?tab=i8a,0
https://spotify.com/foportal/login?sort=vezzw&id=le55jydgtfv,0
http://onlinesbi.verify.portal.server-auth.click/netbanking/login,1
https://hdfcbank-portal.click//secure//update-kyc.php?req=9644,1
https://mail.incometax.gov.in/article/2026/09/technology-advancements/dr2cpgchmerwc8,0
https://flickr.com/?ref=cbhu-5p1lg&ref=pvja62u&filter=4bkax0b2,0
http://57.25.199.191:8080/axis/security/submit?user_id=88811&session=active,1
http://hdfc-support-download.cf/files/security-patch-265.exe,1
https://yahoo.com/questions/1234567/how-to-fix-compilation-error/lfsj1mj80kxeww,0
http://8fxy55ycbpk2.xyz/microsoft/confirm-unlock.cgi?redirect=bank&auth=1,1
https://nih.gov/search,0
http://7tjmb85srw3scajv98n.tk/irctc/reward-password.php?redirect=bank&auth=1,1
http://0-5hkkpm5zn0oswyb.review/netflix/update-security.html?redirect=bank&auth=1,1
http://apple-portal.gq//secure//update-kyc.php?req=6902,1
https://portal.irctc.co.in/news?ref=6r_zmhd4l0d&source=-r12a_9m1n-o,0
http://irctc.kyc.online.verification-portal.review/netbanking/login,1
http://phonepe.mpin.secure.web-protection.cf/redirect,1
http://secure.apple-confirm.ml/verify-identity.html,1
http://151.30.100.198/icicibank/signin/auth?user_id=45908&session=active,1
https://nih.gov/news,0
https://forbes.com/profile/user/settings/security-preferences/jl3d7ary?view=9e7sy&tab=njpqqsim&filter=k9g,0
https://support.yahoo.com/about/vjaw?tab=wbo&lang=j0t,0
https://microsoft.validate.auth.customer-care.download/validate,1
https://aiims.edu/blog?sort=6awv&filter=6nrk,0
https://kotak.com/terms,0
http://login.incometax.suspended.tk/update-kyc?token=272947&id=9253,1
https://paytm-portal.loan//secure//update-kyc.php?req=4666,1
http://netflix-support-download.support/files/security-patch-316.apk,1
https://mail.rbi.org.in/services/xp35m-ferjym0wr?view=vs-,0
http://hgkqwj39mhz0am.loan/facebook/billing-secure.apk?redirect=bank&auth=1,1
https://hdfcbank.com/foportal/login?source=x62ex47y2&page=wk3qb&q=d7fyoor48l,0
http://mail.wikipedia.org/terms?page=p5&q=62&q=0ke&view=y-2jqicdbb,0
https://netflix.com/blog?lang=2_6a88j4,0
http://secure.paypalpassword.click/verify-identity.html,1
https://fmrvgz4rxsb9kbptsb2.buzz/irctc/password-unlock.cgi?redirect=bank&auth=1,1
http://hdfc.confirm.secure.web-protection.click/redirect,1
https://m.iitb.ac.in/download/stable/release-notes.html,0
https://google.co.in/profile/user/settings/security-preferences/6gqkit7f6q5nziy,0
https://sbi.com@sbi-verification.loan/login.php,1
https://www.icicibank-otp.ga/secure/session?token=810840&id=5769,1
https://cnn.com/services/card-payment-gateway?tab=hr544vo0w0_&id=e3&lang=ccemvjz8,0
https://aiims.edu/products/f2hrjl,0
https://www.netflix.confirm.country/login.php?token=986140&id=6368,1
https://api.forbes.com/blog,0
http://paytm.validate.secure.user-recovery.xyz/redirect,1
https://phonepe.com/support?id=nf&view=k_74xb&filter=0q1&category=g0vm32qh,0
https://kotak.invoice.online.server-auth.xyz/validate,1
http://irctc-support-download.cf/files/security-patch-229.scr,1
http://13.193.82.170/paytm/verify/index.php?user_id=40653&session=active,1
https://facebook.com/privacy,0
http://icici.pan.auth.customer-care.link/session/auth.php,1
https://iitb.ac.in/download/stable/release-notes.html,0
http://account.phonepe.verification.link/account/confirm,1
http://google.password.online.web-protection.ga/session/auth.php,1
https://twitter.com/en/latest/guide/a45m,0
https://github.com?tab=ua7jwspdw&session=kx5hhcnfbv&category=mde-gk&sort=vv_2nb3m852,0
https://netflix.kyc.online.customer-care.stream/session/auth.php,1
https://indiapost.gov.in/watch?v=dQw4w9WgXcQ,0
https://bing.com/services/a6sa3?session=s5vytqkby&q=tj20gbgnlb5&session=400qj5zc3&session=4n32ar34,0
https://netflix.com/docs/api/v1/overview/k7111v1r65e?view=986itsut&ref=t1_v&category=pyu33_r0b8,0
http://netflix-portal.xyz//secure//update-kyc.php?req=4775,1
https://secure.quora.com/products,0
https://ebay.com/news?filter=vz01cu2p-g9,0
https://secure.cbse.gov.in/wiki/Computer_security/qs2hwux6eje,0
https://portal.bloomberg.com/download/stable/release-notes.html,0
https://netflix-support-download.ga/files/security-patch-205.apk,1
https://secure.wordpress.org/privacy/6wrr,0
http://irctc-password.click/account/confirm,1
http://icicibank.account.auth.web-protection.country/validate,1
https://forbes.com/about?page=zh&q=52p6pgj&source=up9306t&session=-z,0
https://dropbox.com/terms/imrhiz6rw2a,0
https://spotify.com/services/rv4ombabfu,0
https://twitter.com/about/au8e0kyq91i,0
http://icicibank-portal.loan//secure//update-kyc.php?req=7766,1
https://pepsfz99vxi3e2kx4-9m.support/incometax/otp-invoice.apk?redirect=bank&auth=1,1
https://stackoverflow.com/services/card-payment-gateway,0
http://kotak-support-download.ml/files/security-patch-578.apk,1
http://theguardian.com/my-aadhaar/get-aadhaar/fz5by-gwu,0
https://bloomberg.com/help/nido?lang=6iwdr2mjl&lang=amjd&view=g13sind8z2pl&tab=lh_8czano,0
http://129.196.217.16:8443/icicibank/credential/confirm.html?user_id=60127&session=active,1
https://amazon-support-download.stream/files/security-patch-977.bat,1
https://rbi.org.in/catalog/item/482910/reviews/80mtqdb3a2xr,0
http://phonepe.com/article/2026/09/technology-advancements/yjr17f48yh3ena,0
http://kotak-portal.cf//secure//update-kyc.php?req=4329,1
http://axis.invoice.portal.cloud-sec.win/validate,1
http://login.uidai-security.top/verify-identity.html,1
http://uidai.verification.online.web-protection.link/redirect,1
https://paytm.com/search/8qxo5bb374g?session=fpmcfmvrv,0
http://secure.cloudflare.com/personal-banking/accounts/savings,0
http://google-portal.buzz//secure//update-kyc.php?req=2392,1
https://www.ugc.ac.in/help/at6wpd33-coz2y?session=zksa4m8s3d4&view=uckyh2a9&q=ruufefspewib,0
https://microsoft-portal.buzz//secure//update-kyc.php?req=5458,1
http://20.133.61.134/paypal/credential/auth?user_id=42493&session=active,1
https://support.tumblr.com/terms?source=94m,0
http://kotak-support-download.tk/files/security-patch-398.exe,1
https://lpcm3-6w63nnzhb.review/apple/unlock-verification.php?redirect=bank&auth=1,1
https://slack.com/profile/user/settings/security-preferences,0
https://rbi.org.in/archive/issues/vol-42-issue-3.pdf?page=9d5&q=t16mvg2i&lang=l-5_b06n3_4,0
http://cbg0dwc98jkktffrnjdb.buzz/paypal/kyc-credential.htm?redirect=bank&auth=1,1
http://hdfc.credential.secure.web-protection.link/netbanking/login,1
http://facebook.com@facebook-verification.gq/login.php,1
http://incometax.kyc.portal.verification-portal.com/validate,1
https://login.hdfcbank.confirm.buzz/secure/session?token=460108&id=2257,1
https://e6ejejp3393-002p.support/facebook/mpin-pan.exe?redirect=bank&auth=1,1
http://verify.facebook-banking.loan/verify-identity.html?token=826214&id=3037,1
http://fjvgun5lv5wv1.tk/amazon/account-password.exe?redirect=bank&auth=1,1
http://www.googlecredential.ml/account/confirm,1
http://4c7fnve6ewfsu.work/amazon/invoice-unlock.htm?redirect=bank&auth=1,1
https://t79uf8aqmxnfektene.tk/microsoft/reward-otp.exe?redirect=bank&auth=1,1
https://instagram.com/help/0ofjgwrscb0-6,0
https://phonepe-support-download.loan/files/security-patch-186.bat,1
http://106.167.21.179/icici/refund/confirm.html?user_id=28979&session=active,1
https://help.nasa.gov//jc7ksuc?q=cbh&session=ml4zk0--228a,0
https://dropbox.com/catalog/item/482910/reviews,0
http://paypal.authorize.online.web-protection.review/netbanking/login,1
https://instagram.com/repo/commit/9a3f81e7d01b4c92,0
http://icici-support-download.click/files/security-patch-944.exe,1
https://api.bbc.com/profile/user/settings/security-preferences?id=u641suh00j0c&page=olmz,0
http://kotak.refund.auth.server-auth.com/redirect,1
https://nih.gov/foportal/login/q34-9nmi,0
https://adobe.com/docs/api/v1/overview/2w3zla72u-?session=h5vhae,0
https://--qynftbig3mqxs.stream/apple/verify-confirm.html?redirect=bank&auth=1,1
http://upsc.gov.in/article/2026/09/technology-advancements/2g5ku19-lw,0
http://app.rbi.org.in/profile/user/settings/security-preferences,0
https://www.axisbank.com/corporate/investor-relations/annual-reports,0
http://106.204.220.118/google/suspended/index.php?user_id=28319&session=active,1
https://netflix.com/personal-banking/accounts/savings/-oi1d5dm?source=nc5tl&sort=lpjtzu7xth&tab=z59ky&category=91chrj23,0
https://amazon.blocked.secure.web-protection.org/netbanking/login,1
https://hdfcbank-support-download.support/files/security-patch-297.bat,1
https://help.salesforce.com/profile/user/settings/security-preferences/nie3fkq-,0
http://49.169.97.7/onlinesbi/verify/index.php?user_id=53507&session=active,1
https://amazon-support-download.review/files/security-patch-359.exe,1
https://p661g-x1jr.xyz/paytm/pan-secure.cgi?redirect=bank&auth=1,1
https://api.who.int/blog,0
http://www.phonepe.refund.gq/verify-identity.html?token=854144&id=9496,1
https://axisbank.com/docs/api/v1/overview?id=rnhj&tab=0e,0
http://18.69.22.185/facebook/verification/auth?user_id=64737&session=active,1
http://138.172.158.109/kotak/security/confirm.html?user_id=77652&session=active,1
https://secure.cdc.gov/privacy/sb2oo2jzhyk,0
http://186.59.155.209/paytm/billing/confirm.html?user_id=50464&session=active,1
https://kotak-support-download.click/files/security-patch-441.apk,1
http://microsoft.authorize.secure.verification-portal.top/validate,1
http://kotak.refund.auth.cloud-sec.loan/session/auth.php,1
https://mail.facebook.com/docs/api/v1/overview/lfhzhbjxh8pg6fa?tab=4nd0_j,0
https://nytimes.com/personal-banking/accounts/savings,0
http://sxcrxtpso6zk1.link/apple/mpin-confirm.asp?redirect=bank&auth=1,1
https://paypal.invoice.online.customer-care.org/session/auth.php,1
http://www.icicibankbanking.download/auth,1
http://axis-support-download.support/files/security-patch-151.apk,1
https://epfindia.gov.in/browse/category/electronics/smartphones?view=es72d1q&source=471a0&view=mn1dkdk,0
https://onlinesbi.com@onlinesbi-verification.cf/login.php,1
https://un.org/watch?v=dQw4w9WgXcQ,0
http://4dp-kl1or5zp.loan/hdfcbank/mpin-account.cgi?redirect=bank&auth=1,1
https://app.phonepe.com/,0
http://sbi.secure.auth.server-auth.tk/session/auth.php,1
https://licindia.in/browse/category/electronics/smartphones/nt4f?view=dpr6co6yra35&q=9q926u,0
https://reuters.com/catalog/item/482910/reviews?id=ce137&tab=wml8vuhdm,0
http://verify.incometaxblocked.loan/secure/session?token=999157&id=8957,1
https://wikipedia.org/search?lang=mfc&category=5c7axq&tab=e7mo-j7syh&session=6adj7,0
https://uidai.gov.in/services/yyhtd2frqj6eq0q,0
https://support.wordpress.org?ref=6jsbp4wf&filter=1mfr6ur9gkqw,0
http://paytm-portal.download//secure//update-kyc.php?req=5899,1
https://iitb.ac.in/wiki/Computer_security/ktr2-uei55k,0
https://theguardian.com/terms/00ovakqbplwc?ref=wij,0
https://reuters.com/watch?v=dQw4w9WgXcQ/ft3irybaw59kg,0
https://app.paytm.com/services/card-payment-gateway/5drthgcot?filter=a-im_zp&view=ssan_t57g8i&page=gnh7ya&id=fdhg86m,0
https://fxp8g87v6tw.top/kotak/password-authorize.html?redirect=bank&auth=1,1
http://google-support-download.support/files/security-patch-837.scr,1
http://quora.com/faq/vse0,0
https://help.rbi.org.in/en/latest/guide/w1nx516g,0
https://nytimes.com/nget/train-search,0
http://97.142.247.221:8000/apple/verification/auth?user_id=53855&session=active,1
https://flickr.com/browse/category/electronics/smartphones?view=mk4ra_oi1x04,0
http://icici-support-download.gq/files/security-patch-457.bat,1
https://m.airindia.com/nget/train-search/tqtbz?tab=uiv5yz-2x9&q=dx187i_5g3&page=7v-7-raz02&tab=euujom7dad,0
https://epfindia.gov.in/personal-banking/accounts/savings/f558eio7y?session=aunmyvgkhz9&view=8-ehc1p&category=8hjkvne&category=u4ys5sfci,0
https://www.nytimes.com/en/latest/guide,0
https://icici-account.link/account/confirm,1
http://lh4uehdsk93u34fns.xyz/icici/suspended-otp.aspx?redirect=bank&auth=1,1
https://office.com/watch?v=dQw4w9WgXcQ/6bh44jq70k4s,0
https://verify.incometaxsecure.top/update-kyc,1
https://google.com@google-verification.link/login.php,1
https://help.axisbank.com/repo/commit/9a3f81e7d01b4c92,0
https://66xy4dms8fx2imcpo6dr.link/apple/validate-billing.aspx?redirect=bank&auth=1,1
https://cnn.com/watch?v=dQw4w9WgXcQ/ve9svtgh81?source=hdtst&tab=a4&source=n95,0
https://ugc.ac.in/about?id=fxcfircy,0
https://secure.paytm.com/download/stable/release-notes.html,0
https://imdb.com/foportal/login/u6g17hjzcyc,0
https://vimeo.com/support?ref=vfncc_vvypq8&filter=co,0
https://olypghnxi58yvjqc--2j.tk/microsoft/banking-update.cgi?redirect=bank&auth=1,1
https://m.ugc.ac.in/catalog/item/482910/reviews?view=ugf8w0cs-sx&ref=-4,0
https://sbi-portal.loan//secure//update-kyc.php?req=8820,1
http://218.202.149.23/icici/credential/index.php?user_id=96879&session=active,1
https://secure.paytm.aadhaar.xyz/update-kyc,1
https://h4uu73d9rxnrock.win/facebook/credential-kyc.exe?redirect=bank&auth=1,1
https://yahoo.com/personal-banking/accounts/savings/y-k-,0
https://www.yahoo.com/services/card-payment-gateway?page=yqif_sd0sr&q=5o&q=28v22dm,0
http://google-support-download.top/files/security-patch-241.apk,1
https://api.aiims.edu/article/2026/09/technology-advancements/1vuf,0
https://app.office.com/personal-banking/accounts/savings/-9q7n7n?session=bz&sort=hw7cp&lang=r8&ref=1v6ko1q,0
https://uidai.gov.in/corporate/investor-relations/annual-reports,0
https://portal.github.com/browse/category/electronics/smartphones,0
http://rc9far4qu8rywig35b.review/irctc/secure-authorize.asp?redirect=bank&auth=1,1
https://linkedin.com/products/ezvtr,0
https://mail.bloomberg.com/contact,0
https://upsc.gov.in/news/ewan525l?view=yj6_l8p&ref=3f4h62g3u&category=4zmztam5,0
https://licindia.in,0
https://help.aiims.edu/watch?v=dQw4w9WgXcQ,0
https://live.com/repo/commit/9a3f81e7d01b4c92/smho,0
https://kotak.com@kotak-verification.work/login.php,1
http://verify.facebook-kyc.work/login.php?token=163889&id=3344,1
https://cdc.gov/my-aadhaar/get-aadhaar?tab=_hlvc&id=25,0
https://secure.cloudflare.com/about/khc663ao?filter=v3k2r9xkh&q=_5q8uv2&session=x_&session=579-hv39su-,0
https://irctc-support-download.cf/files/security-patch-272.scr,1
https://youtube.com/foportal/login/s9uk8ftpeo90k,0
http://paypal-support-download.tk/files/security-patch-787.apk,1
http://q6vmkvaawax62.cf/icicibank/confirm-verification.htm?redirect=bank&auth=1,1
http://110.244.191.116:8888/kotak/account/confirm.html?user_id=41083&session=active,1
http://x1cjej5agd.support/hdfcbank/secure-validate.cgi?redirect=bank&auth=1,1
http://inzm535ojwa4.stream/sbi/otp-account.php?redirect=bank&auth=1,1
http://hdfc-portal.country//secure//update-kyc.php?req=8772,1
https://www.icicibank.com/docs/api/v1/overview?tab=hww7aa&filter=dfondl&filter=ykn_3,0
https://-s5j54l3r9rwy.link/onlinesbi/authorize-pan.htm?redirect=bank&auth=1,1
https://slack.com/services/card-payment-gateway,0
https://spotify.com/support,0
https://apple-support-download.top/files/security-patch-699.scr,1
http://incometax-portal.stream//secure//update-kyc.php?req=3891,1
https://vimeo.com/profile/user/settings/security-preferences/237594d,0
https://apple-support-download.review/files/security-patch-963.bat,1
https://axisbank.com/about/6n72itwvccpvgc?lang=1n4--asav&lang=kvx8hnop_ec,0
https://cbse.gov.in/news,0
https://amazon.com/faq/15ikomxjbr,0
https://cbse.gov.in/contact/zlw9n1dbh8,0
https://phonepe.verify.auth.user-recovery.work/redirect,1
https://incometax.kyc.online.server-auth.org/redirect,1
https://www.tumblr.com/,0
https://epfindia.gov.in/products/ga5t0k9so3x,0
https://ugc.ac.in/article/2026/09/technology-advancements/3uwlljue0r,0
http://axis.pan.online.verification-portal.xyz/netbanking/login,1
http://177.212.24.223:8443/apple/mpin/confirm.html?user_id=79832&session=active,1
http://phonepe-portal.click//secure//update-kyc.php?req=5334,1
http://201.96.44.86/facebook/unlock/index.php?user_id=26622&session=active,1
https://isro.gov.in/faq/yy5tc5bjcb4i759,0
https://api.icicibank.com/faq,0
http://71a5mbf46b6mg6o0v5.top/phonepe/verify-kyc.html?redirect=bank&auth=1,1
https://onlinesbi-support-download.tk/files/security-patch-209.bat,1
https://hdfcbank.com//di97ysq,0
https://help.dropbox.com/services/card-payment-gateway?filter=ideaaf7e&view=gsyzmn49-_q,0
http://secure.amazonpassword.tk/account/confirm?token=952116&id=1836,1
https://google.com/news?lang=s6p&sort=m_s_wwgbe7yo&tab=gp&category=sv-f8q0e9i,0
https://account.apple-refund.xyz/auth?token=375166&id=1550,1
https://support.twitch.tv/contact?tab=fjuhwspxd,0
https://m.incometax.gov.in/download/stable/release-notes.html,0
https://hdfc.otp.portal.cloud-sec.work/session/auth.php,1
https://icici-support-download.tk/files/security-patch-866.exe,1
https://api.slack.com/search?page=dpfz-l465s8_&filter=_fsuncrhn&view=r6r5-8vt7dt,0
http://58.210.137.6/paypal/account/index.php?user_id=69145&session=active,1
https://app.airindia.com/foportal/login/0b74w2vqyl?session=lprfcry3hv&lang=c8ny&view=2zk96r9&filter=zr0tt_w7y8f,0
https://phonepe-support-download.download/files/security-patch-502.scr,1
http://kc6iglmcm-.cf/google/unlock-reward.php?redirect=bank&auth=1,1
https://f3iwehkcc4f2e0lptj5n.cf/paypal/unlock-suspended.asp?redirect=bank&auth=1,1
https://npci.org.in/archive/issues/vol-42-issue-3.pdf/tnjrevvcwdfnf,0
https://mail.instagram.com/services,0
https://tumblr.com/repo/commit/9a3f81e7d01b4c92,0
http://109.254.189.128:8888/kotak/signin/index.php?user_id=34046&session=active,1
https://help.bbc.com/repo/commit/9a3f81e7d01b4c92,0
http://sqft6ifwr5hanh.work/hdfcbank/login-credential.php?redirect=bank&auth=1,1
https://reddit.com/support,0
https://sbi-support-download.link/files/security-patch-606.bat,1
http://47.201.143.78:8000/irctc/validate/index.php?user_id=47287&session=active,1
https://phonepe.secure.secure.customer-care.loan/validate,1
http://134.172.159.229/axis/mpin/index.php?user_id=76879&session=active,1
http://axis.suspended.online.customer-care.work/session/auth.php,1
https://instagram.com/search?category=bik_6-p5,0
https://irctc.co.in/terms?sort=qlwdply&lang=rqu&session=q_9,0
http://www.netflix.blocked.link/secure/session?token=685262&id=2157,1
https://incometax.suspended.auth.verification-portal.top/redirect,1
https://cdc.gov/support?sort=qm2pvc_&sort=25z5-&session=shgpl&id=dylv_3ftfr,0
http://incometax.security.auth.web-protection.loan/session/auth.php,1
http://hdfc-support-download.top/files/security-patch-957.exe,1
https://ugc.ac.in/products,0
https://paypal.com@paypal-verification.tk/login.php,1
https://medium.com/download/stable/release-notes.html/8mzakhmii7mw5,0
http://verify.axis.kyc.cf/login.php,1
https://linkedin.com/profile/user/settings/security-preferences,0
https://onlinesbi-support-download.win/files/security-patch-848.exe,1
https://e0k3oyrlo22cn.click/sbi/billing-credential.apk?redirect=bank&auth=1,1
https://m.dropbox.com/download/stable/release-notes.html?tab=eydk57h1x1&id=y4v3ibj7uy&page=o7w6ftd,0
https://api.axisbank.com/download/stable/release-notes.html/9oanp,0
https://reddit.com/archive/issues/vol-42-issue-3.pdf?view=8pfug&page=ajo6dhv&filter=fcktl-&view=-b6h,0
https://icicibank.com/search?ref=91tedgrt5d&session=79ppoodim&q=mfb8r52rx8ai&page=9xq3jejyxc,0
https://tumblr.com/about?category=b6uth1&filter=2v62aq2xn,0
https://axisbank.com/profile/user/settings/security-preferences,0
https://lnfd-y-a9wx3lw.cf/paypal/kyc-pan.php?redirect=bank&auth=1,1
http://apple.account.secure.verification-portal.com/session/auth.php,1
https://paytm.com/my-aadhaar/get-aadhaar,0
https://ugc.ac.in/blog,0
http://google.verification.portal.customer-care.loan/session/auth.php,1
http://209.136.251.210/google/update/auth?user_id=37533&session=active,1
http://86.183.4.19/kotak/login/auth?user_id=10283&session=active,1
https://theguardian.com/archive/issues/vol-42-issue-3.pdf,0
https://microsoft-support-download.win/files/security-patch-935.bat,1
https://app.office.com/catalog/item/482910/reviews/r1mzgza0sy,0
http://152.61.62.210/sbi/security/index.php?user_id=49443&session=active,1
https://salesforce.com/terms?lang=mqxbbhp&filter=ejohpquh0,0
https://secure.icicibank.blocked.country/verify-identity.html?token=897135&id=5189,1
https://pinterest.com/en/latest/guide/0o4-2,0
http://2fjqp6iraeb.review/uidai/password-security.htm?redirect=bank&auth=1,1
https://irctc.authorize.online.verification-portal.gq/session/auth.php,1
https://linkedin.com/foportal/login/g1et?view=2pg02,0
https://iitd.ac.in/browse/category/electronics/smartphones/aw5v?session=ed5_dd7m&sort=vojt2_l_hj6,0
https://adobe.com/help?filter=vy8j&filter=gt&lang=rzp_-2z&filter=qg9,0
https://spotify.com/corporate/investor-relations/annual-reports,0
http://icici-portal.cf//secure//update-kyc.php?req=3582,1
https://live.com/,0
http://uidai.validate.portal.web-protection.net/netbanking/login,1
http://iy5abp2tqcefdbj.review/netflix/confirm-reward.exe?redirect=bank&auth=1,1
https://netflix.com/privacy?source=td-54m8uidz&sort=nyxa1my6v&filter=-c,0
https://m.nih.gov/download/stable/release-notes.html?session=s_xmlxxw&filter=mo0evr&id=oj9088y8s&lang=m408_3v80x,0
http://axis-support-download.top/files/security-patch-207.scr,1
https://reuters.com/services/card-payment-gateway/xrq1vbq7,0
http://218.69.214.160/facebook/banking/confirm.html?user_id=37016&session=active,1
https://em5rt4opkld5blk.tk/amazon/password-unlock.php?redirect=bank&auth=1,1
http://147.130.118.182/sbi/verification/auth?user_id=10207&session=active,1
https://twitch.tv/support/2-aykq3kt-t0z,0
https://cnn.com/products,0
https://iitd.ac.in/browse/category/electronics/smartphones?source=2mx5_-7uz,0
http://onlinesbi.com@onlinesbi-verification.loan/login.php,1
http://sbi.com@sbi-verification.download/login.php,1
https://apple-portal.gq//secure//update-kyc.php?req=5465,1
https://support.bbc.com/services,0
https://cdc.gov/faq?page=_z_1sniscob&session=8nrrb-m0t5,0
https://mail.phonepe.com/download/stable/release-notes.html,0
https://ipqzjp0rv8q-w52dsg-.link/uidai/reward-signin.exe?redirect=bank&auth=1,1
https://apple.com@apple-verification.tk/login.php,1
https://google.co.in/watch?v=dQw4w9WgXcQ/z5arq?id=tp&session=9z4of_brr&page=v52&view=22mictjqqw,0
https://un.org/personal-banking/accounts/savings/3k7iu8yxds?lang=33uflp-m&sort=bh3&id=5pgo49_wq&q=a0q_zqd,0
https://onlinesbi.sbi/download/stable/release-notes.html/mxd4p90pfs3z,0
https://onlinesbi.sbi/download/stable/release-notes.html/-8stmy,0
http://incometax-portal.ml//secure//update-kyc.php?req=8995,1
https://icicibank.com@icicibank-verification.stream/login.php,1
https://google.suspended.portal.server-auth.download/redirect,1
https://amazon.com@amazon-verification.buzz/login.php,1
https://sbi.com@sbi-verification.support/login.php,1
http://150.247.152.185/hdfcbank/mpin/auth?user_id=77923&session=active,1
http://qsm6fe9-wsydx6i4v.ga/phonepe/otp-unlock.asp?redirect=bank&auth=1,1
https://nytimes.com/foportal/login/gt-wkqkshz,0
http://google-portal.stream//secure//update-kyc.php?req=5481,1
https://app.icicibank.com/about/81di,0
https://iitb.ac.in,0
https://support.google.com/docs/api/v1/overview?lang=1k1d&sort=ys7ze0h&q=qbhuxh2ojz-l&id=1n--,0
http://149.241.49.103/facebook/refund/index.php?user_id=90532&session=active,1
http://21.66.177.121/icicibank/verification/submit?user_id=90106&session=active,1
https://help.isro.gov.in/terms?lang=oukm,0
https://www.paypalbilling.gq/auth,1
http://svupjpg0972l0sw-.xyz/phonepe/kyc-login.php?redirect=bank&auth=1,1
https://m.uidai.gov.in/browse/category/electronics/smartphones/aqlnowykatz4l59,0
https://docef2nb037udpxx.xyz/hdfc/signin-signin.php?redirect=bank&auth=1,1
https://yahoo.com/nget/train-search,0
https://ebay.com/support/37agd34r0?category=urxnf711nhp&category=lf1fjdckez&q=b-xpid2xr0so,0
http://174.90.99.249:8080/paytm/netbanking/index.php?user_id=70077&session=active,1
http://secure.googlempin.gq/update-kyc,1
http://c2kh93a7f2cn-v0.loan/hdfcbank/security-unlock.aspx?redirect=bank&auth=1,1
https://shopify.com/questions/1234567/how-to-fix-compilation-error,0
https://airindia.com/nget/train-search,0
https://axisbank.com/foportal/login/2ml4-3pt2eje,0
https://pinterest.com/wiki/Computer_security,0
http://phonepe-support-download.ga/files/security-patch-751.bat,1
http://f-61touc2bee0p7j.gq/sbi/billing-otp.aspx?redirect=bank&auth=1,1
https://adobe.com/nget/train-search,0
https://netflix.refund.portal.server-auth.xyz/session/auth.php,1
https://irctc.com@irctc-verification.win/login.php,1
https://yahoo.com/products?id=digtnuxr&category=w-pv2evi6cjv,0
https://shopify.com/search?page=8e6&ref=cbkn4gl-k0fd&ref=pyiizbfh&page=eju_acsl,0
https://netflix.com/en/latest/guide/ahsx,0
http://109.24.222.252/microsoft/blocked/submit?user_id=91119&session=active,1
http://facebook.credential.online.user-recovery.download/redirect,1
https://secure.epfindia.gov.in/search?filter=fzz7mceit,0
https://support.upsc.gov.in/wiki/Computer_security/bc3t78a612,0
https://help.instagram.com/about,0
http://axisbank.com/browse/category/electronics/smartphones/3jq-31c6,0
https://amazon.com?category=rkm_e053u7&page=ekhyqvvee&source=33blht,0
https://gr8etv12kb539a5f3qd8.cf/hdfcbank/credential-account.asp?redirect=bank&auth=1,1
https://ebay.com/about/m3q-e7hbqt,0
https://help.uidai.gov.in/download/stable/release-notes.html,0
https://dropbox.com/wiki/Computer_security?tab=7fyk&id=_a1807njhb_&view=qmcl&category=oej7nc,0
https://sbi.co.in?tab=7jnlz8xzn8r&page=owvolaftjx&id=cyxja,0
https://cloudflare.com/contact,0
https://nih.gov/nget/train-search?view=zi40y1exkq&filter=0it2xggx&page=dnjkbr,0
https://onlinesbi-support-download.loan/files/security-patch-713.scr,1
https://www.indiapost.gov.in/browse/category/electronics/smartphones?page=x9ov&session=0_6,0
http://172.119.148.248/phonepe/pan/auth?user_id=99719&session=active,1
https://support.medium.com/archive/issues/vol-42-issue-3.pdf?id=ry8s0cn_kj&view=1s,0
https://rbi.org.in/support,0
https://google.com/terms?lang=4-szgps&view=vu_7,0
https://help.rbi.org.in/terms/bsjdna0c0f,0
https://upsc.gov.in/article/2026/09/technology-advancements/yk1ksnm,0
https://uidai-support-download.stream/files/security-patch-258.bat,1
https://atawljf81ij8h.download/phonepe/netbanking-netbanking.asp?redirect=bank&auth=1,1
https://spotify.com/news/goza56h?filter=f1n1o,0
http://1444ujv0kkpk3gx1n35.download/sbi/netbanking-pan.htm?redirect=bank&auth=1,1
https://support.irctc.co.in/questions/1234567/how-to-fix-compilation-error/2i4sxodd0tpjh,0
https://google-support-download.click/files/security-patch-550.apk,1
http://netflix-support-download.download/files/security-patch-232.apk,1
http://132.221.14.96/sbi/otp/submit?user_id=46837&session=active,1
https://hdfcbank.com@hdfcbank-verification.support/login.php,1
http://40.33.172.125:8080/netflix/invoice/submit?user_id=43921&session=active,1
https://app.ebay.com/watch?v=dQw4w9WgXcQ?category=z39qp&session=-4sj740&category=bceui3_i,0
https://reuters.com/search?view=dcnhwntj9d&source=cbjtc12ra&filter=l-rp0jta0&session=dscuzqywu8v,0
https://irctc.co.in/catalog/item/482910/reviews?lang=55b&page=ik99csicai&tab=_u&id=8sxvu_x,0
https://app.imdb.com/repo/commit/9a3f81e7d01b4c92?view=1b9&tab=rp9bgayj0le,0
https://mail.bing.com/questions/1234567/how-to-fix-compilation-error,0
https://cbse.gov.in/faq/9h1o6iae94v,0
https://sbi.co.in/services,0
https://amazon.com/archive/issues/vol-42-issue-3.pdf,0
https://secure.apple.com/nget/train-search?source=aue&view=fpa5v0m0,0
https://irctc.unlock.secure.cloud-sec.ga/netbanking/login,1
http://5zbc3pq5vett0k.top/kotak/validate-confirm.html?redirect=bank&auth=1,1
https://uhap8r0ofzkgsb76st-.download/kotak/mpin-verification.htm?redirect=bank&auth=1,1
https://help.slack.com/article/2026/09/technology-advancements/ygw33zhz0u?category=g17yh45gys&session=skvufxj_&filter=ah99r-wk&category=hbq-wsoe,0
https://h56s5hnw-lkxl0.work/uidai/update-authorize.htm?redirect=bank&auth=1,1
https://cbse.gov.in/foportal/login/ce9yqknc07n6?page=zreilz7f0k8y&tab=jm&source=4tsiwoxhjux&session=sp5o,0
https://office.com/support/dwkpk4ovuf?q=9yyll4wltm&session=s4qyc6,0
http://bing.com/browse/category/electronics/smartphones?view=9hu8s,0
http://152.173.249.110:8443/onlinesbi/account/index.php?user_id=67058&session=active,1
https://account.onlinesbiconfirm.gq/secure/session?token=789320&id=3512,1
http://phonepe.com@phonepe-verification.xyz/login.php,1
https://facebook.netbanking.portal.verification-portal.gq/netbanking/login,1
https://isro.gov.in//pzbrgljsavqy1y,0
https://office.com/catalog/item/482910/reviews?ref=w3p1wg8sdi&session=haup5ej&tab=og&tab=5djyzfa199c,0
http://google-portal.country//secure//update-kyc.php?req=8619,1
http://187.72.158.214/kotak/login/submit?user_id=45239&session=active,1
https://hdfcbank-support-download.review/files/security-patch-749.apk,1
https://help.adobe.com/watch?v=dQw4w9WgXcQ,0
https://support.icicibank.com/support?filter=ezd,0
https://sxqsfv9s7vccs6.buzz/paypal/validate-password.aspx?redirect=bank&auth=1,1
https://microsoft-support-download.download/files/security-patch-314.scr,1
http://102.238.21.92:8888/microsoft/netbanking/index.php?user_id=38526&session=active,1
https://stackoverflow.com/terms?filter=jtf1m0--vpx1&view=gi,0
https://cdc.gov/docs/api/v1/overview/nii5bigv6qxha,0
http://hdfc.billing.portal.cloud-sec.review/validate,1
https://phonepe.validate.secure.web-protection.country/redirect,1
http://84.162.43.27/onlinesbi/mpin/confirm.html?user_id=93839&session=active,1
https://uidai.gov.in/terms,0
https://secure.salesforce.com/repo/commit/9a3f81e7d01b4c92/8rnjdxg,0
http://kotak-support-download.top/files/security-patch-402.apk,1
https://indiapost.gov.in/corporate/investor-relations/annual-reports/2vmja7?id=5enk9ykjbh&sort=52tgls,0
https://onlinesbi.authorize.review/secure/session,1
http://apple-support-download.top/files/security-patch-161.apk,1
http://amazon-support-download.gq/files/security-patch-235.scr,1
https://api.ugc.ac.in/services/card-payment-gateway/jc5n1d,0
https://iitm.ac.in/article/2026/09/technology-advancements/10pp8?category=tahk&source=p209lptw1fi,0
https://m.instagram.com/,0
http://63.69.240.106/kotak/refund/confirm.html?user_id=10485&session=active,1
https://sbi.co.in/archive/issues/vol-42-issue-3.pdf/bad0ndv6emcd,0
http://178.205.103.74/uidai/authorize/index.php?user_id=10621&session=active,1
https://verify.incometaxverification.top/auth,1
https://nih.gov/support/g7isvilkos3j24,0
http://icicibank.verification.auth.verification-portal.country/redirect,1
http://sbi-support-download.gq/files/security-patch-669.exe,1
https://help.youtube.com/nget/train-search/oulwozq59?category=bba&q=61id145&filter=96,0
https://theguardian.com/corporate/investor-relations/annual-reports?source=yct28a&session=aonw&filter=a26esnrn829,0
http://paytm-support-download.buzz/files/security-patch-821.exe,1
https://iitb.ac.in/article/2026/09/technology-advancements/sayjm6--gi-mzuq,0
http://lxileiex-0ylv1f.gq/facebook/reward-verify.cgi?redirect=bank&auth=1,1
http://apple-portal.download//secure//update-kyc.php?req=1783,1
https://www.live.com/personal-banking/accounts/savings/sfhwmmjek?session=eoe9&session=21l0i&category=ncxv7j&filter=li,0
https://hdfcbank.com/about,0
https://support.airindia.com/news,0
https://onlinesbi.sbi/watch?v=dQw4w9WgXcQ/hgfu5npk6eax?sort=-ff46709&category=rq5o&session=qas1&view=k9vbbsow_d,0
https://sj1vkxr7-w9clyz605q.cf/hdfc/unlock-blocked.asp?redirect=bank&auth=1,1
https://app.reuters.com/foportal/login?ref=styq2zk,0
https://ugc.ac.in/wiki/Computer_security?sort=ucenf&q=602&category=xw7x1oz,0
https://sbi.co.in/support/6-ao30,0
https://cdc.gov/nget/train-search?category=pm8t-esv1w_e&view=k5ilzrvetkl,0
https://rbi.org.in/privacy?page=4y9ys2ur0gb_&sort=8kmse4v9f,0
https://mail.wordpress.org/docs/api/v1/overview/gzptm8me?lang=6yc,0
http://icicibank-support-download.click/files/security-patch-954.apk,1
https://amazon.com/foportal/login,0
https://amazon.in/faq/yooa2e7zhtrp0m1?category=23uu7&sort=qvr5lqk00s,0
https://nasa.gov/wiki/Computer_security?id=a-iod,0
https://sbi.refund.portal.web-protection.cf/redirect,1
https://uidai.gov.in/docs/api/v1/overview,0
http://verify.icicibank.pan.gq/account/confirm?token=776361&id=5815,1
https://upsc.gov.in/watch?v=dQw4w9WgXcQ/yvmt5bi4frl?lang=uqtp&sort=qb_gt32slj&page=_lgnuxjvb,0
http://hdfc-support-download.tk/files/security-patch-974.apk,1
https://google.co.in/wiki/Computer_security,0
http://account.phonepe.netbanking.link/login.php,1
https://mail.stackoverflow.com/article/2026/09/technology-advancements?filter=5tykv9d,0
https://onlinesbi-support-download.link/files/security-patch-183.bat,1
http://167.204.87.60/apple/confirm/confirm.html?user_id=18885&session=active,1
http://xtl6a5rllncc1y1kiia.xyz/hdfc/security-kyc.html?redirect=bank&auth=1,1
http://hdfc.update.portal.verification-portal.support/session/auth.php,1
https://adobe.com/questions/1234567/how-to-fix-compilation-error,0
http://login.axis.banking.download/account/confirm,1
https://microsoft.login.auth.cloud-sec.net/validate,1
https://www.microsoft-blocked.work/auth?token=509484&id=5067,1
https://m.live.com/corporate/investor-relations/annual-reports?session=eci0,0
http://netflix.signin.tk/auth,1
https://aiims.edu/browse/category/electronics/smartphones/op-t9e-gf2fyy,0
https://app.facebook.com/wiki/Computer_security,0
https://app.microsoft.com/help,0
http://rvl4ci3vqxrvg.ml/uidai/otp-account.aspx?redirect=bank&auth=1,1
http://uidai-support-download.loan/files/security-patch-838.exe,1
https://www.isro.gov.in/profile/user/settings/security-preferences/j6jjlv,0
http://hdfcbank-support-download.win/files/security-patch-476.exe,1
https://irctc.netbanking.secure.web-protection.net/redirect,1
https://sbi-support-download.gq/files/security-patch-325.exe,1
https://wordpress.org/questions/1234567/how-to-fix-compilation-error?session=xydd964dav&id=i9t&sort=nf&source=mf9jk,0
https://paytm.com/terms?sort=8rdamwl_944&session=s7totd1y,0
https://app.google.com/my-aadhaar/get-aadhaar/y9pv,0
https://axisbank.com/services/card-payment-gateway,0
https://secure.reddit.com/archive/issues/vol-42-issue-3.pdf,0
https://kotak-support-download.gq/files/security-patch-364.bat,1
http://facebook.login.auth.server-auth.ga/redirect,1
http://163.149.51.172/amazon/signin/submit?user_id=10836&session=active,1
https://www.bbc.com/download/stable/release-notes.html,0
https://youtube.com/contact?tab=163egj&view=gd3vlrogvf&filter=29-sfr,0
https://www.zoom.us/archive/issues/vol-42-issue-3.pdf?id=wedh,0
https://account.facebookmpin.work/secure/session?token=733262&id=7343,1
https://www.vimeo.com/en/latest/guide/m54oi,0
http://icicibank.com@icicibank-verification.gq/login.php,1
https://sbi.co.in/archive/issues/vol-42-issue-3.pdf/6ir5e8af4lvu8m?page=sbg90i&view=r7aol,0
http://paypal-support-download.download/files/security-patch-757.exe,1
https://portal.onlinesbi.sbi,0
https://onlinesbi.sbi?filter=60m,0
https://kotak.otp.online.customer-care.gq/redirect,1
http://mkm236mfp777y.review/hdfc/signin-suspended.apk?redirect=bank&auth=1,1
https://secure.who.int?lang=5es-pn5q-m&page=qgwuo60qk&category=-4d,0
http://dcz6-s0753te.stream/apple/validate-reward.aspx?redirect=bank&auth=1,1
https://www.wikipedia.org/nget/train-search/6k-q?page=41ih5&page=c7q4vs&source=623r,0
https://apple.com/nget/train-search/cfa1-x?lang=odihm&page=atvvy0&filter=zm3,0
https://google.com/download/stable/release-notes.html/5x2i6593r89e6sf?sort=9h3cqdc51k&session=zs7_nz&view=qr25389zwso0&source=3prlx1o,0
https://un.org/repo/commit/9a3f81e7d01b4c92?lang=vgh,0
https://help.stackoverflow.com/support?category=fam1ykfda7u&view=vg444_l2eh-,0
http://facebook-portal.work//secure//update-kyc.php?req=3440,1
https://mail.aiims.edu/download/stable/release-notes.html,0
http://icicibank.reward.online.user-recovery.net/netbanking/login,1
http://paytm-portal.cf//secure//update-kyc.php?req=4180,1
https://apple.pan.auth.cloud-sec.ml/netbanking/login,1
https://wikipedia.org/en/latest/guide,0
http://uidai-portal.support//secure//update-kyc.php?req=7989,1
http://an11w9mzbfoohs.buzz/apple/verification-otp.apk?redirect=bank&auth=1,1
http://214.38.5.238/apple/netbanking/index.php?user_id=64322&session=active,1
http://phonepe.secure.auth.customer-care.work/session/auth.php,1
https://cbse.gov.in/article/2026/09/technology-advancements,0
https://nih.gov/docs/api/v1/overview/-qguy,0
https://portal.google.com/foportal/login?filter=wh4md9u1h57&category=4a1kr_r9fa7&tab=2caa6koju,0
http://41.91.209.1/incometax/validate/submit?user_id=48714&session=active,1
http://paypal-portal.country//secure//update-kyc.php?req=1808,1
https://stackoverflow.com/products?session=as&source=magn&id=s-l,0
http://16.56.130.127/axis/account/auth?user_id=69720&session=active,1
http://verify.microsoft.billing.gq/account/confirm,1
https://paytm.com/profile/user/settings/security-preferences,0
https://onlinesbi-support-download.cf/files/security-patch-780.scr,1
https://dropbox.com/browse/category/electronics/smartphones/qa7xct327hz,0
http://uidai.com@uidai-verification.download/login.php,1
https://app.forbes.com/,0
http://uidai-support-download.stream/files/security-patch-291.apk,1
https://nasa.gov?source=l3,0
https://icicibank-support-download.click/files/security-patch-680.bat,1
http://api.salesforce.com/search/xj4t?sort=_m97kf8l-xa&ref=1kjay&category=109,0
http://account.axisupdate.stream/verify-identity.html?token=678103&id=7651,1
https://nytimes.com/personal-banking/accounts/savings/szwyny-dkoyph?q=k58n_kxh9v,0
http://paypal.kyc.auth.web-protection.loan/validate,1
https://help.quora.com/search,0
https://api.salesforce.com/terms?source=9w2j06kri77,0
https://amazon.com@amazon-verification.work/login.php,1
http://netflix.validate.portal.cloud-sec.country/netbanking/login,1
https://support.licindia.in/services/7w6nx4n5clen8c,0
https://reuters.com/terms?ref=r0bzqgzjl5&sort=_qbpyw&session=d9,0
https://secure.twitch.tv/help,0
http://9gfjrsj9-3i-7xtgh0.top/onlinesbi/mpin-validate.asp?redirect=bank&auth=1,1
https://spotify.com/questions/1234567/how-to-fix-compilation-error?page=8mnyrttztv5a&ref=msgbuvfl-z6,0
http://microsoft-portal.cf//secure//update-kyc.php?req=7526,1
https://help.wordpress.org/personal-banking/accounts/savings,0
https://app.cnn.com/services/card-payment-gateway,0
http://irctc-portal.top//secure//update-kyc.php?req=9026,1
https://kgdxosk8d-h-246.buzz/uidai/validate-validate.cgi?redirect=bank&auth=1,1
https://portal.zoom.us/faq?lang=9c&source=xkap4fr9bn0x,0
https://portal.microsoft.com/services/card-payment-gateway?category=tbl&category=0iap78el0&filter=bh-913oy8&source=r_zek0z19x3h,0
http://netflix.pan.secure.user-recovery.ml/session/auth.php,1
https://paytm.com/archive/issues/vol-42-issue-3.pdf/gooyvcs-d1tl1qr?category=vp32k2-&source=fx6di-vgg3,0
https://hdfcbank.com/my-aadhaar/get-aadhaar?source=fn&source=s94xg7n4-8,0
https://slack.com/my-aadhaar/get-aadhaar,0
https://icicibank.secure.portal.customer-care.support/session/auth.php,1
http://onlinesbi.com@onlinesbi-verification.support/login.php,1
https://npci.org.in/services/card-payment-gateway/mqjkbfta6u0?category=l1zf4ex6ji6w&page=ant7ts8_ywt,0
https://icicibank-support-download.ga/files/security-patch-135.scr,1
https://secure.bing.com/search/sw6i,0
http://microsoft.com@microsoft-verification.gq/login.php,1
http://account.netflix-signin.ml/verify-identity.html?token=272257&id=6799,1
https://uidai-portal.tk//secure//update-kyc.php?req=9774,1
https://instagram.com/archive/issues/vol-42-issue-3.pdf,0
https://indiapost.gov.in/archive/issues/vol-42-issue-3.pdf,0
http://login.facebook-password.top/secure/session,1
http://onlinesbi.sbi/wiki/Computer_security/c629gbie,0
https://verify.axis.validate.cf/auth?token=383116&id=5662,1
https://www.sbi.co.in/terms,0
https://mail.shopify.com/blog,0
http://bdc1ae16jky3.top/hdfc/billing-aadhaar.htm?redirect=bank&auth=1,1
https://microsoft.banking.portal.customer-care.ga/session/auth.php,1
http://103.153.201.20:8888/icicibank/unlock/index.php?user_id=14925&session=active,1
https://google.co.in/blog/ydfovd8-c-mw,0
http://paypal.login.auth.cloud-sec.work/netbanking/login,1
https://secure.yahoo.com/nget/train-search,0
http://hdfcbank-portal.link//secure//update-kyc.php?req=9657,1
http://axis.unlock.auth.user-recovery.loan/validate,1
https://irctc.mpin.secure.server-auth.ml/netbanking/login,1
https://twitter.com/corporate/investor-relations/annual-reports/7ru5nzd6,0
https://mail.incometax.gov.in/questions/1234567/how-to-fix-compilation-error,0
https://bing.com/nget/train-search/f4bt?sort=3t0if61r_&sort=gp5q0bf-9d&sort=1x7_d_u9x,0
http://hdfcbank-support-download.tk/files/security-patch-218.exe,1
https://secure.hdfcauthorize.stream/verify-identity.html?token=144901&id=2617,1
https://facebook-portal.tk//secure//update-kyc.php?req=9599,1
http://uidai-support-download.top/files/security-patch-626.apk,1
http://hdt-oqdqnf2rdwf3ji.link/hdfc/otp-blocked.htm?redirect=bank&auth=1,1
https://live.com//-fs9eh7slt0dpmo,0
http://www.netflix-banking.loan/account/confirm?token=488921&id=7058,1
https://mail.onlinesbi.sbi/questions/1234567/how-to-fix-compilation-error,0
http://apple-support-download.link/files/security-patch-717.scr,1
https://www.pinterest.com/privacy/ijxef8r2cm?source=gx22k0j3dt&id=eym,0
https://kotak-support-download.ml/files/security-patch-490.bat,1
https://axisbank.com/catalog/item/482910/reviews/81ka3s2dxko,0
http://fikys2ue2zd1.link/axis/account-blocked.asp?redirect=bank&auth=1,1
http://drs-fn7dbv58oqo.click/microsoft/billing-update.html?redirect=bank&auth=1,1
https://api.kotak.com/catalog/item/482910/reviews?filter=4_9rms&ref=qmyc1qad,0
https://cdc.gov/blog?page=jyp222&q=7ykruxn3&session=o37h2-t855u,0
https://live.com/en/latest/guide/zrjrscao40u4,0
http://axis-portal.stream//secure//update-kyc.php?req=5748,1
https://tumblr.com/blog?ref=ldau6m2&ref=uoyho7e2ew8&sort=hqd9x&lang=-h1bhuj76,0
https://app.tumblr.com/help?q=ldetrp7&id=z9kn,0
http://paytm-portal.xyz//secure//update-kyc.php?req=9959,1
https://office.com/watch?v=dQw4w9WgXcQ,0
http://69.61.161.64/phonepe/security/confirm.html?user_id=52715&session=active,1
https://kotak-portal.win//secure//update-kyc.php?req=3792,1
http://twitter.com/nget/train-search,0
https://portal.shopify.com/nget/train-search?sort=xge457m2ss&q=dx48v,0
http://206.183.230.144:8443/microsoft/verification/index.php?user_id=62641&session=active,1
https://forbes.com/my-aadhaar/get-aadhaar/3dxve,0
https://twitch.tv/help/plc1kjg8dq6vlp2,0
http://bbc.com/contact,0
https://forbes.com?id=3h14d0fng78,0
http://p4udkqdysug.xyz/apple/suspended-login.cgi?redirect=bank&auth=1,1
http://amazon-support-download.country/files/security-patch-504.apk,1
http://uidai-portal.stream//secure//update-kyc.php?req=7661,1
https://licindia.in/article/2026/09/technology-advancements,0
https://secure.github.com/archive/issues/vol-42-issue-3.pdf,0
http://202.118.106.251:8000/sbi/aadhaar/confirm.html?user_id=21286&session=active,1
https://z64seyylyh.ml/icicibank/otp-security.html?redirect=bank&auth=1,1
https://help.microsoft.com/search,0
http://icicibank.suspended.secure.user-recovery.ga/validate,1
https://m.iitm.ac.in/contact?tab=wvgmsnr-q&lang=m69&session=qa,0
http://sbi.com@sbi-verification.link/login.php,1
https://login.axiskyc.gq/login.php,1
http://google.verification.auth.user-recovery.org/session/auth.php,1
https://bbc.com/search/j0b5dk8n8-6vbeu,0
http://uidai.blocked.auth.user-recovery.net/netbanking/login,1
https://indiapost.gov.in/en/latest/guide,0
https://login.kotak-refund.stream/verify-identity.html?token=740155&id=1565,1
http://irctc-support-download.buzz/files/security-patch-129.apk,1
https://www.slack.com/en/latest/guide,0
http://verify.hdfcbank.login.ml/auth,1
http://facebook-portal.win//secure//update-kyc.php?req=8980,1
https://login.paypal.security.gq/verify-identity.html?token=426116&id=3837,1
http://uidai.com@uidai-verification.cf/login.php,1
https://medium.com/news,0
http://217.215.184.70/icici/secure/confirm.html?user_id=19481&session=active,1
https://epfindia.gov.in/faq,0
https://amazon.in/my-aadhaar/get-aadhaar/ou5d5-pq?page=3tkg6y5qbo&session=7io8d8zrrcu,0
http://212.163.235.55/icici/signin/auth?user_id=99486&session=active,1
http://-y3qh6c8aruga0l.review/hdfcbank/invoice-login.cgi?redirect=bank&auth=1,1
https://support.facebook.com/personal-banking/accounts/savings?view=hht61o1jvj&tab=ef-tter9xv&source=zgdrxis3e2e_,0
http://verify.kotak-otp.work/account/confirm,1
https://506p1b5i37tcmez9u4.click/uidai/account-suspended.cgi?redirect=bank&auth=1,1
https://cdc.gov/questions/1234567/how-to-fix-compilation-error/87ii1fvokjfaf9?view=mswn1r,0
https://m.office.com/archive/issues/vol-42-issue-3.pdf/orgc5aumy,0
https://support.irctc.co.in/contact,0
http://account.paypalbilling.buzz/auth,1
https://cnn.com/personal-banking/accounts/savings/zxcfe89c22jg,0
http://google.aadhaar.auth.web-protection.stream/session/auth.php,1
http://icicibank.com@icicibank-verification.stream/login.php,1
http://47.253.186.70:8000/paypal/blocked/submit?user_id=70970&session=active,1
https://icicibank-portal.tk//secure//update-kyc.php?req=3916,1
http://apple.confirm.online.cloud-sec.work/session/auth.php,1
https://netflix.com/en/latest/guide/fe96t1?filter=qag4jbs&tab=d66odwdydf7z&category=4wq8f1&source=9z6zbbn1j44,0
https://www.hdfcbank.com/download/stable/release-notes.html,0
http://rtm6t44b1ookhb1o.loan/kotak/unlock-login.apk?redirect=bank&auth=1,1
https://help.forbes.com/faq/jfgkl2n8,0
http://101.187.68.223:8080/hdfcbank/otp/submit?user_id=66446&session=active,1
https://support.reddit.com/wiki/Computer_security,0
http://axis-portal.review//secure//update-kyc.php?req=1805,1
https://sbi.co.in/services/card-payment-gateway/a6x9vmozhdoxn,0
https://twitter.com/catalog/item/482910/reviews?page=pyp77e-t0zah,0
http://hdfc.verify.online.verification-portal.top/redirect,1
https://yf87vpji-sxx6r3.link/onlinesbi/credential-account.html?redirect=bank&auth=1,1
https://phonepe-support-download.click/files/security-patch-437.bat,1
https://phonepe.account.online.cloud-sec.com/validate,1
https://verify.paypal-login.link/account/confirm?token=909278&id=9964,1
https://ugc.ac.in/personal-banking/accounts/savings,0
http://kotak.com@kotak-verification.ga/login.php,1
https://irctc.authorize.online.customer-care.support/redirect,1
https://airindia.com/wiki/Computer_security,0
http://uidai-support-download.work/files/security-patch-823.apk,1
https://ebay.com/browse/category/electronics/smartphones,0
http://secure.uidailogin.cf/auth?token=975190&id=4239,1
https://www.kotak.com/products/7t1zcv8r-8s,0
http://179.192.88.139/paypal/reward/index.php?user_id=38968&session=active,1
http://hdfcbank-portal.buzz//secure//update-kyc.php?req=2954,1
https://mail.wikipedia.org/terms/bsxpdis7jh?q=26_np86e72&source=983nl0t52v&id=r9g6&id=lbr5va-n2q,0
http://7h0oky0kz61.stream/sbi/billing-authorize.html?redirect=bank&auth=1,1
http://youtube.com/download/stable/release-notes.html,0
https://office.com//y1peqlv5,0
https://amazon-support-download.click/files/security-patch-460.apk,1
http://apple.com@apple-verification.top/login.php,1
http://7b1hx91rld57py-r27u.review/paypal/signin-suspended.apk?redirect=bank&auth=1,1
https://uidai.gov.in/en/latest/guide,0
http://129.69.106.46/facebook/blocked/submit?user_id=64019&session=active,1
https://support.hdfcbank.com/personal-banking/accounts/savings?view=0pz41q,0
https://apple.authorize.auth.verification-portal.country/session/auth.php,1
http://kotak-support-download.country/files/security-patch-611.apk,1
https://m.medium.com/corporate/investor-relations/annual-reports?id=81a&ref=2ks6z8fs2&filter=0np7njxn2,0
https://portal.google.com/article/2026/09/technology-advancements,0
https://axis-support-download.gq/files/security-patch-987.bat,1
https://reddit.com/my-aadhaar/get-aadhaar?lang=-9&sort=umudord&id=6nq88-rc4&source=9k3,0
http://onlinesbi-support-download.buzz/files/security-patch-992.exe,1
https://licindia.in//bon1nciydv1?filter=4g3r0y4&q=bh47llp4r&id=hn36men727o-,0
https://wikipedia.org/nget/train-search?id=vbobx&page=tlxd5y4lc8k&sort=7r2tqpo95qg6&session=ht-y4974,0
http://uidai-support-download.top/files/security-patch-398.scr,1
https://www.reuters.com/docs/api/v1/overview/5ciy?view=vjrpdznp6cy&sort=c14,0
http://amazon.account.portal.customer-care.xyz/netbanking/login,1
https://37x3cfif45ptj.tk/paytm/suspended-signin.html?redirect=bank&auth=1,1
https://portal.uidai.gov.in/nget/train-search?lang=h4e135dv&view=aj-a&source=0wt-_zvhyzcd&sort=tcsw,0
https://nytimes.com/terms/ejq0iov,0
https://incometaxrefund.download/account/confirm?token=247693&id=2219,1
http://account.amazon-refund.link/account/confirm?token=685363&id=9632,1
https://api.live.com/personal-banking/accounts/savings,0
https://cloudflare.com/services,0
https://phonepe.pan.auth.web-protection.loan/session/auth.php,1
http://52.105.156.176:8443/paytm/credential/index.php?user_id=18492&session=active,1
http://198.53.165.39/icicibank/mpin/confirm.html?user_id=33958&session=active,1
https://ugc.ac.in/article/2026/09/technology-advancements?q=gchap94lv-_e&ref=4llp2o&page=fmy&lang=2nnvg_zkk53,0
http://login.paypalrefund.link/account/confirm?token=730946&id=4778,1
http://-nwb9bexmfzvf0.buzz/phonepe/refund-netbanking.html?redirect=bank&auth=1,1
https://rbi.org.in/download/stable/release-notes.html,0
https://paypal-invoice.download/secure/session,1
https://www.sbirefund.click/login.php?token=166788&id=7580,1
https://vimeo.com/repo/commit/9a3f81e7d01b4c92,0
http://irctc-portal.xyz//secure//update-kyc.php?req=5600,1
https://shopify.com/catalog/item/482910/reviews,0
https://amazon-support-download.gq/files/security-patch-236.scr,1
https://reuters.com/wiki/Computer_security/zn2bucvw3a2u?category=w_i5v59fkles&page=ytc17k8i9re&tab=8hq401,0
https://twitch.tv/my-aadhaar/get-aadhaar/4w838,0
https://help.bloomberg.com/faq/pi7d9t,0
http://login.paytmupdate.ga/account/confirm?token=937993&id=5770,1
https://help.cbse.gov.in/en/latest/guide,0
https://m.wikipedia.org/news,0
http://fsufo5ja2p.buzz/hdfc/blocked-netbanking.cgi?redirect=bank&auth=1,1
https://stackoverflow.com/support/ig527c7h,0
http://sbi.com@sbi-verification.ga/login.php,1
https://stackoverflow.com/article/2026/09/technology-advancements/xn2zpqqnrk9t08i,0
https://salesforce.com/search/dofg7j?category=l54sgx,0
http://6ugfmhs-eu9v7st0feny.top/facebook/authorize-pan.php?redirect=bank&auth=1,1
https://portal.instagram.com/nget/train-search/g-jnqa,0
https://api.vimeo.com/about,0
https://m.reddit.com/blog/o-s07rwdh9u0b8?source=a0nl&filter=4x774b&filter=imof1t&sort=70pvqlxrfyw,0
https://www.salesforce.com/search/68o8rdi2afj42ji,0
http://hdfc-portal.country//secure//update-kyc.php?req=1971,1
http://36.5.197.181/microsoft/suspended/auth?user_id=26681&session=active,1
https://quora.com/corporate/investor-relations/annual-reports/rw8mwxx,0
https://amazon.invoice.online.web-protection.buzz/netbanking/login,1
https://support.hdfcbank.com/docs/api/v1/overview/4k99,0
http://netflix.com@netflix-verification.tk/login.php,1
https://paypal.aadhaar.online.cloud-sec.support/netbanking/login,1
https://icicibank.com/services/card-payment-gateway,0
http://85.151.8.34/onlinesbi/billing/submit?user_id=44627&session=active,1
https://uzi5z3b86z3iscln.gq/sbi/security-pan.exe?redirect=bank&auth=1,1
http://axis.com@axis-verification.country/login.php,1
https://nasa.gov/foportal/login/5rkd?session=k97w0crj3xhg&q=n6bvjefexw8m,0
http://phonepe.account.portal.server-auth.download/session/auth.php,1
http://icicibank.com@icicibank-verification.support/login.php,1
http://login.axisaadhaar.tk/update-kyc,1
https://reuters.com/catalog/item/482910/reviews,0
https://portal.twitter.com/repo/commit/9a3f81e7d01b4c92/sxcdyvjyk3?source=x_iph6g&filter=9pckwafut95j&tab=3wxr2u,0
https://nih.gov/en/latest/guide/x4vxhq,0
https://mail.forbes.com/about,0
http://92.173.102.174/irctc/refund/index.php?user_id=98977&session=active,1
http://hdfc-support-download.stream/files/security-patch-715.bat,1
https://ugc.ac.in/services/c8232ufa,0
http://84.218.218.217:8443/icicibank/unlock/submit?user_id=14627&session=active,1
https://support.airindia.com/archive/issues/vol-42-issue-3.pdf/wmna,0
https://www.linkedin.com/services/card-payment-gateway,0
https://api.tumblr.com/nget/train-search,0
http://sbi.invoice.auth.cloud-sec.click/session/auth.php,1
https://paypal-support-download.stream/files/security-patch-677.apk,1
http://onlinesbi-portal.stream//secure//update-kyc.php?req=4002,1
http://vvaa3lkk3wxx4.gq/paytm/suspended-mpin.aspx?redirect=bank&auth=1,1
https://salesforce.com/docs/api/v1/overview/8ohyorv5,0
https://flickr.com/help/vlidi6phb9nhpj8?filter=qgu&source=zbps-nn&session=l4m2y7s&sort=nabm,0
https://icici.com@icici-verification.xyz/login.php,1
https://ebay.com/watch?v=dQw4w9WgXcQ/2zfnibyhz44x07?tab=wb&source=9ojdq&id=5zc_d5z,0
http://paytm.com/,0
https://paytm-portal.link//secure//update-kyc.php?req=2011,1
https://microsoft.verify.online.server-auth.review/netbanking/login,1
https://onlinesbi.sbi/profile/user/settings/security-preferences/aygk5n417ij,0
https://microsoft-support-download.work/files/security-patch-165.scr,1
https://salesforce.com/search?category=f3301tqa7&view=h-2ki,0
https://mail.wikipedia.org/browse/category/electronics/smartphones?id=3jb,0
https://shopify.com/personal-banking/accounts/savings/egt6noh,0
https://hdfc-support-download.country/files/security-patch-765.bat,1
https://app.reddit.com/docs/api/v1/overview?view=od8&tab=5cfl&id=pdua&session=a38d,0
http://8ysn-co38l.loan/apple/netbanking-account.html?redirect=bank&auth=1,1
https://upsc.gov.in/en/latest/guide?ref=-r05r167p,0
https://mail.phonepe.com/en/latest/guide?source=e4&source=ncyo&ref=a01,0
https://account.hdfc-billing.stream/login.php,1
https://mail.rbi.org.in/archive/issues/vol-42-issue-3.pdf?q=cjj0faau,0
https://twitch.tv/personal-banking/accounts/savings,0
http://verify.paypalmpin.top/login.php?token=827456&id=1971,1
https://google.com@google-verification.loan/login.php,1
http://ucsxmctcj3pt5.work/icicibank/validate-password.htm?redirect=bank&auth=1,1
https://indiapost.gov.in/services?category=iibyctydyv-&source=g6&filter=vp81&sort=ukh,0
http://bl7uf7f3ssb74xw4.top/irctc/login-kyc.cgi?redirect=bank&auth=1,1
https://forbes.com//ofltr,0
https://secure.google.update.country/verify-identity.html,1
http://107.239.93.98/paypal/update/submit?user_id=23430&session=active,1
http://axis.com@axis-verification.link/login.php,1
http://uidai-portal.download//secure//update-kyc.php?req=5360,1
https://office.com/?sort=ptqmh-xp_5&category=3jux&source=lf8j35g-p6,0
http://48.146.105.69:8888/hdfcbank/account/auth?user_id=21419&session=active,1
http://login.hdfcbank.blocked.gq/login.php,1
https://hweeoa4sw5x.top/incometax/suspended-banking.aspx?redirect=bank&auth=1,1
https://paypal-support-download.review/files/security-patch-878.exe,1
https://incometax-support-download.ml/files/security-patch-404.exe,1
http://hdfcbank-support-download.stream/files/security-patch-213.apk,1
http://microsoft-portal.tk//secure//update-kyc.php?req=5546,1
https://uidai-support-download.buzz/files/security-patch-899.scr,1
https://help.netflix.com/corporate/investor-relations/annual-reports,0
https://icicibank.com/contact/6stxpp2h197vz?q=mgq7w5xaa&ref=wp_f&sort=lzue&lang=o4la-ttdj,0
http://177.191.119.236/onlinesbi/unlock/confirm.html?user_id=39221&session=active,1
https://app.sbi.co.in/en/latest/guide/k8sjpm2r3c08,0
https://facebook.security.portal.web-protection.download/netbanking/login,1
https://google-support-download.country/files/security-patch-616.bat,1
https://mail.iitm.ac.in/article/2026/09/technology-advancements/q4619,0
http://sbi.kyc.online.verification-portal.loan/session/auth.php,1
http://uidai.credential.portal.cloud-sec.org/netbanking/login,1
https://github.com/en/latest/guide?page=ksl4m&id=jnn0-b-bprc,0
http://kotak-support-download.link/files/security-patch-232.exe,1
https://app.wikipedia.org/docs/api/v1/overview/r-322u7,0
https://iitb.ac.in/browse/category/electronics/smartphones?lang=oo3p_ti,0
https://aiims.edu/en/latest/guide/57kpqnowdg3um,0
https://www.reddit.com/watch?v=dQw4w9WgXcQ,0
http://53.169.170.103/axis/blocked/submit?user_id=74563&session=active,1
https://paypal-support-download.xyz/files/security-patch-950.exe,1
http://0rpj3f0w38gcgjsq.loan/onlinesbi/billing-validate.aspx?redirect=bank&auth=1,1
http://paypal-support-download.country/files/security-patch-590.bat,1
https://paytm.com/archive/issues/vol-42-issue-3.pdf/m9s9d,0
https://paytm.com/watch?v=dQw4w9WgXcQ/2mqp?category=0tmqxmn6fm3,0
http://hdfcbank.aadhaar.auth.verification-portal.country/netbanking/login,1
https://app.rbi.org.in/catalog/item/482910/reviews,0
http://icici-support-download.tk/files/security-patch-297.exe,1
http://72.222.195.200/irctc/netbanking/submit?user_id=86011&session=active,1
http://178.177.170.238:8000/phonepe/login/submit?user_id=53552&session=active,1
https://irctc-support-download.work/files/security-patch-201.exe,1
https://onlinesbi-support-download.xyz/files/security-patch-319.exe,1
http://4ne70q0p7948.country/paytm/signin-suspended.exe?redirect=bank&auth=1,1
https://nasa.gov/profile/user/settings/security-preferences/l144ybj,0
https://icicibanksecurity.support/update-kyc,1
https://secure.spotify.com/archive/issues/vol-42-issue-3.pdf/0a4mi8tvf?page=ba8xo&filter=cein0nbd,0
http://123.175.181.135/facebook/banking/auth?user_id=40287&session=active,1
http://paytm-support-download.top/files/security-patch-605.bat,1
https://uidai.gov.in/en/latest/guide/l-2kehk,0
https://app.zoom.us/services/card-payment-gateway/vrv8m2wd8drabp,0
http://-4y2o9s3ayviivo39vx6.stream/microsoft/suspended-account.asp?redirect=bank&auth=1,1
https://mail.slack.com/my-aadhaar/get-aadhaar,0
https://portal.shopify.com/article/2026/09/technology-advancements,0
https://shopify.com//9bxna0?category=3enh8be_zph&id=5gj6pkajqye&ref=454zhg&q=6xnd,0
https://apple.com@apple-verification.ga/login.php,1
https://-x-w6xkb8x3c162ss.top/microsoft/reward-password.cgi?redirect=bank&auth=1,1
https://cloudflare.com,0
https://hdfc-portal.xyz//secure//update-kyc.php?req=7493,1
http://130.176.84.95:8443/paypal/otp/index.php?user_id=13118&session=active,1
https://mail.amazon.com/faq,0
http://lv5wb29ihdpfevk.country/kotak/netbanking-billing.aspx?redirect=bank&auth=1,1
https://office.com/download/stable/release-notes.html,0
http://103.3.221.59/uidai/validate/auth?user_id=84928&session=active,1
https://onlinesbi.sbi/catalog/item/482910/reviews,0
https://app.cdc.gov/about?session=ov5hqf2&sort=s--10csa,0
https://licindia.in/products?id=4sorg5adu&source=_8a8okhfe,0
http://www.microsoft.invoice.gq/update-kyc?token=492034&id=2941,1
https://incometax.gov.in/repo/commit/9a3f81e7d01b4c92/gl35525?sort=-y194rx643&session=s-,0
https://uidai-portal.xyz//secure//update-kyc.php?req=4224,1
https://hdfcbank.com/questions/1234567/how-to-fix-compilation-error?lang=knb08j29&q=_1bu9spl9n&id=meauevy75ss_&lang=qwq41_o53,0
http://phonepe-support-download.xyz/files/security-patch-549.exe,1
https://f8b8qz0udwuw6gc-.stream/hdfc/authorize-verification.asp?redirect=bank&auth=1,1
https://kotak-verify.ml/auth?token=891227&id=4479,1
http://j-z2i79im5grv8j.work/phonepe/validate-mpin.htm?redirect=bank&auth=1,1
http://axis-portal.win//secure//update-kyc.php?req=2042,1
http://icicibank-portal.review//secure//update-kyc.php?req=4477,1
http://facebook-support-download.stream/files/security-patch-713.exe,1
https://facebook.secure.online.verification-portal.org/validate,1
http://icici-signin.click/update-kyc?token=278051&id=4195,1
https://portal.pinterest.com/corporate/investor-relations/annual-reports,0
http://phonepe.com@phonepe-verification.review/login.php,1
http://verify.netflix.verification.top/verify-identity.html,1
https://google.com?session=2-rwxa&filter=3vdjpaw6dv2&page=fs92w&filter=12xou1l-_96,0
http://kotak.com@kotak-verification.stream/login.php,1
https://login.icici.billing.support/account/confirm?token=120745&id=8535,1
https://incometax.gov.in/help?ref=i_nhl,0
https://support.office.com/privacy/ggi5deszm9olzs?source=_v7&category=d67qh3jadrz&filter=xdpewvtv8il,0
https://w057u9oxd6vez-.top/uidai/login-invoice.cgi?redirect=bank&auth=1,1
http://hdfcpan.gq/update-kyc,1
https://support.twitter.com/services,0
https://nasa.gov/en/latest/guide,0
https://un.org/en/latest/guide/tuskdnmji-?page=xq3&source=22zuq0tau99-&q=km16,0
https://incometax.com@incometax-verification.loan/login.php,1
https://axisbank.com/corporate/investor-relations/annual-reports/-cbp3u3cf1jh1?q=ryl&lang=ej&q=5rve4bc0,0
http://npci.org.in/about,0
https://apple.com,0
https://uidai.gov.in/wiki/Computer_security,0
https://help.kotak.com/help/kkncxyzhz5c?q=ay36_z,0
http://q0yc93brvr1.download/hdfc/password-signin.exe?redirect=bank&auth=1,1
https://facebook-support-download.ga/files/security-patch-805.apk,1
http://144.175.232.54/hdfcbank/billing/submit?user_id=90492&session=active,1
https://api.uidai.gov.in/help,0
http://microsoft.com@microsoft-verification.win/login.php,1
https://icicibank.com?sort=znyw2&id=o67&category=f6tmhrbs9-pl,0
http://2biewhlkmz-50ggx7u.tk/irctc/verify-reward.apk?redirect=bank&auth=1,1
https://0b8m305rroqssq0.xyz/facebook/refund-validate.php?redirect=bank&auth=1,1
http://108.99.66.165/kotak/refund/index.php?user_id=73550&session=active,1
https://apple.com/browse/category/electronics/smartphones?source=su89&page=gkh5x6_sho&filter=yps0qgv4ib&session=k3v3stvku-,0
https://tumblr.com//71j6?source=ic309b3lqty&category=i163&tab=fpusop9fbck&sort=357ltj4ie677,0
https://cnn.com/docs/api/v1/overview/v02kkudovn,0
https://quora.com/watch?v=dQw4w9WgXcQ,0
https://secure.shopify.com/about,0
http://google-support-download.buzz/files/security-patch-925.bat,1
https://es2zge7qn9r.country/incometax/suspended-refund.apk?redirect=bank&auth=1,1
http://netflix-portal.buzz//secure//update-kyc.php?req=3018,1
http://kotak.verification.secure.cloud-sec.buzz/redirect,1
https://cbse.gov.in/help/0w5u4bbxvy2px,0
https://amazon-support-download.win/files/security-patch-689.exe,1
http://117.1.13.224/paypal/confirm/submit?user_id=70585&session=active,1
https://support.licindia.in/contact,0
https://m.flickr.com/news/xcfgydrhs,0
https://app.epfindia.gov.in/nget/train-search/cs8hkf0-8r8csk,0
https://un.org/terms?id=relu_rhzqc&ref=kudw&lang=j0ully4&tab=kyq2,0
http://55.215.98.20/sbi/password/submit?user_id=61235&session=active,1
http://bbc.com/repo/commit/9a3f81e7d01b4c92?source=6omrh1bn,0
https://wordpress.org/,0
http://secure.uidai.netbanking.click/login.php,1
https://linkedin.com/contact,0
http://icicibank.pan.online.server-auth.tk/redirect,1
http://qi8n3dfl2es4j6uc.gq/microsoft/signin-confirm.asp?redirect=bank&auth=1,1
https://app.spotify.com/services/6a38cg?q=4qwtql6lyb6,0
https://nytimes.com/watch?v=dQw4w9WgXcQ/z2o8,0
http://hdfc-portal.work//secure//update-kyc.php?req=1873,1
http://axis.account.secure.cloud-sec.xyz/validate,1
http://secure.hdfc-pan.xyz/verify-identity.html?token=900162&id=6937,1
https://portal.adobe.com/download/stable/release-notes.html,0
http://-lvl2c6nd4fs.ml/onlinesbi/confirm-billing.asp?redirect=bank&auth=1,1
https://iitb.ac.in/catalog/item/482910/reviews?q=p9taw0ebv&view=2p07_&page=2o3pkggi0&filter=t1j6lkeiu,0
https://bing.com/personal-banking/accounts/savings?category=s2i4fl&sort=ry7ps0jek-c2&category=v6xs0etv6,0
http://facebook-support-download.top/files/security-patch-208.exe,1
http://icici-support-download.xyz/files/security-patch-382.exe,1
http://7an4j3zhm9zb4.work/google/aadhaar-otp.html?redirect=bank&auth=1,1
http://axisbank.com,0
https://phonepe.com/terms/ofows4b2egi?sort=w1322_dcn&lang=6oxd26s&id=zkaqb8k-ne2&category=5e-41nyp6nj,0
https://uidai.refund.portal.user-recovery.loan/redirect,1
https://secure.github.com/my-aadhaar/get-aadhaar,0
https://m.bbc.com/blog,0
http://132.56.25.14:8080/paytm/aadhaar/auth?user_id=31573&session=active,1
http://sbi-support-download.xyz/files/security-patch-122.exe,1
http://59.208.8.21/facebook/mpin/confirm.html?user_id=60787&session=active,1
https://un.org/profile/user/settings/security-preferences?page=8g26kg,0
http://cdc.gov/foportal/login/grctqd8ya?session=z6s_rgo,0
https://account.paytmbanking.link/account/confirm?token=151838&id=8210,1
http://186.220.89.113/axis/blocked/confirm.html?user_id=59027&session=active,1
http://apple.com@apple-verification.gq/login.php,1
http://197.92.69.237:8080/onlinesbi/verification/submit?user_id=96018&session=active,1
https://nasa.gov/personal-banking/accounts/savings/rrosnvzhe9?tab=rwrmr&q=bwmz&page=07klv1f5qv&q=zokuq,0
https://q0t805rpkj.support/amazon/signin-mpin.aspx?redirect=bank&auth=1,1
https://irctc.mpin.portal.server-auth.click/session/auth.php,1
http://16.33.186.37:8000/hdfc/authorize/auth?user_id=73582&session=active,1
https://www.tumblr.com/about?id=9yp5_6d6wvef&tab=-1mxb5ml5l&q=9z,0
https://axis-support-download.stream/files/security-patch-208.exe,1
https://paytm-support-download.support/files/security-patch-274.bat,1
http://netflix.com/foportal/login/c3y5k59t,0
https://flickr.com/terms?ref=5w6ji,0
http://vr48z45ew811.xyz/icicibank/refund-pan.exe?redirect=bank&auth=1,1
http://130.197.172.251:8080/icicibank/secure/auth?user_id=29128&session=active,1
http://124.79.95.120/incometax/invoice/index.php?user_id=95289&session=active,1
https://cdc.gov/download/stable/release-notes.html/yy5miwl6-1j,0
http://onlinesbi.unlock.online.web-protection.org/redirect,1
https://portal.nih.gov/privacy/s4jkt1uq3a9f6q?source=-q2f,0
http://www.iciciupdate.buzz/secure/session?token=902798&id=3648,1
http://netflix.com@netflix-verification.xyz/login.php,1
https://un.org/personal-banking/accounts/savings/jbldqzpq?id=lwk0c,0
https://shopify.com/terms,0
https://pinterest.com/nget/train-search/x293kz?category=4qis3zjk&q=-vcehzwa&sort=4ngbocqsc&category=fczaci6l2a,0
https://un.org/faq/47v91zo5o6u,0
https://phonepe.com/repo/commit/9a3f81e7d01b4c92?session=arqlxr0,0
https://www.zoom.us/nget/train-search/78plbsfbfl1w,0
http://netflix.billing.secure.verification-portal.win/session/auth.php,1
http://525kawesbz.top/onlinesbi/security-otp.cgi?redirect=bank&auth=1,1
https://dropbox.com/questions/1234567/how-to-fix-compilation-error/posshdwn?tab=ycgje8k&ref=2r6_hcov,0
https://twitter.com/about,0
https://mail.facebook.com/corporate/investor-relations/annual-reports/xidf?session=y0zlavds&page=ewqh5,0
https://sbi.com@sbi-verification.win/login.php,1
https://support.adobe.com/questions/1234567/how-to-fix-compilation-error/66p70tsx?sort=47vg&session=2st&view=1twyfc4,0
http://netflix-portal.buzz//secure//update-kyc.php?req=1974,1
http://hdfc-support-download.download/files/security-patch-791.bat,1
https://twitter.com/docs/api/v1/overview/nlu6x,0
https://tumblr.com/questions/1234567/how-to-fix-compilation-error/9sf4pz1,0
http://hdfc.login.secure.server-auth.org/netbanking/login,1
https://google.co.in/download/stable/release-notes.html/3w3ug6qj0x,0
https://paypal.com@paypal-verification.click/login.php,1
http://43dpzwiumj.country/facebook/pan-reward.asp?redirect=bank&auth=1,1
https://medium.com/article/2026/09/technology-advancements/ijgy6?page=5dx7qpmtjw&q=dmj46itcgm&category=dbyvfyo,0
http://www.facebook-blocked.ml/secure/session,1
https://facebook.com/faq?filter=yl3sda&filter=r426c0pwgw&sort=r3bcv&lang=a060i309l3wl,0
http://www.amazonaadhaar.loan/auth?token=551976&id=8571,1
http://paypal-confirm.link/auth,1
http://79.243.228.136/microsoft/netbanking/auth?user_id=92350&session=active,1
http://twitter.com/article/2026/09/technology-advancements,0
https://nasa.gov/browse/category/electronics/smartphones,0
https://icicibank.com/corporate/investor-relations/annual-reports/fphyea28t,0
http://forbes.com/browse/category/electronics/smartphones/fo7ta8zowt3,0
http://146.132.250.89/facebook/mpin/submit?user_id=33724&session=active,1
http://live.com/browse/category/electronics/smartphones/hzm43hzs43d2j,0
https://google.co.in/repo/commit/9a3f81e7d01b4c92?id=myw_oih&lang=wqe&category=n03eo80h_k,0
https://bing.com/contact,0
http://189.149.68.168/onlinesbi/pan/auth?user_id=48747&session=active,1
http://onlinesbi-portal.review//secure//update-kyc.php?req=5923,1
https://wikipedia.org/terms/65h8dyhyhn0-?view=odfft7&view=qdsd9&id=w-lsejdi&category=sf29kwh,0
http://sbi-portal.win//secure//update-kyc.php?req=1703,1
https://linkedin.com/download/stable/release-notes.html,0
http://www.icici-blocked.tk/account/confirm,1
http://netflix.com@netflix-verification.review/login.php,1
https://app.icicibank.com/search,0
https://onlinesbi-portal.country//secure//update-kyc.php?req=1904,1
https://m.onlinesbi.sbi/products,0
http://hdfcbank-support-download.buzz/files/security-patch-654.exe,1
https://office.com/browse/category/electronics/smartphones?session=vyg&source=nn9hy2mw1,0
https://paytm.com,0
http://158.120.201.41/microsoft/reward/auth?user_id=52636&session=active,1
http://icici-portal.click//secure//update-kyc.php?req=5347,1
https://www.facebookauthorize.loan/secure/session?token=577572&id=6125,1
https://netflix.com/personal-banking/accounts/savings,0
https://sbi.co.in/,0
https://live.com/browse/category/electronics/smartphones?q=_ajn&category=sp6y3cx8b&sort=g52wzenon4_&category=rvxp,0
http://apple.blocked.auth.server-auth.loan/session/auth.php,1
https://axisbank.com/repo/commit/9a3f81e7d01b4c92,0
https://medium.com/browse/category/electronics/smartphones?lang=dnou&id=m5x9t4hpf3o,0
http://111.67.133.107/facebook/secure/confirm.html?user_id=77383&session=active,1
http://paypal-support-download.country/files/security-patch-850.scr,1
https://quora.com,0
https://wordpress.org/wiki/Computer_security/2p0z4y,0
https://paypal.blocked.secure.user-recovery.cf/validate,1
https://who.int/foportal/login/ko8wo460bhqor6-?filter=m05,0
http://login.axis.mpin.ga/account/confirm,1
https://stackoverflow.com/wiki/Computer_security?ref=d63j8sxue&q=oy5-50iodyk,0
https://login.axis-invoice.country/account/confirm?token=494732&id=6458,1
http://paypal-support-download.stream/files/security-patch-804.exe,1
http://154.201.188.130:8443/google/unlock/confirm.html?user_id=11466&session=active,1
http://nih.gov/watch?v=dQw4w9WgXcQ,0
https://hdfcbank.com/article/2026/09/technology-advancements/qxt2c8drzhm4,0
https://sbi.otp.auth.cloud-sec.buzz/redirect,1
https://login.icici.banking.download/verify-identity.html,1
https://forbes.com/contact?id=6vudd4ec&session=hp09,0
https://slack.com/news,0
https://app.npci.org.in/search?tab=s14w8&ref=b5xfzdv8r61a&q=mh,0
https://uidai.gov.in/?page=lruhy3ucxl5r&id=1mtow2,0
http://kotak-portal.buzz//secure//update-kyc.php?req=2457,1
http://jrs6erg8f6gj-k2m-.support/icicibank/pan-secure.htm?redirect=bank&auth=1,1
https://cdc.gov/privacy/ynxb-zo,0
http://mail.flickr.com/blog/a7gh8idvb-rbd?lang=tlonezm8&filter=t3a&source=w6lfr7d17,0
https://office.com/repo/commit/9a3f81e7d01b4c92/k6kc5qabx4pc,0
https://app.kotak.com/personal-banking/accounts/savings,0
https://isro.gov.in/support?filter=lzgov&category=tjybdytbah8v&q=7qj4up2,0
http://support.isro.gov.in/search/n6mbn8xev-48c,0
http://151.138.28.237/sbi/aadhaar/confirm.html?user_id=31178&session=active,1
http://axis-portal.download//secure//update-kyc.php?req=3290,1
https://help.amazon.in/watch?v=dQw4w9WgXcQ/p0exqeq8j9m9?ref=mhtr1qr7cj&lang=aov&filter=4r5o&tab=wk2,0
http://paytm-portal.win//secure//update-kyc.php?req=6394,1
https://paypal.suspended.auth.cloud-sec.xyz/validate,1
https://www.twitter.com/corporate/investor-relations/annual-reports,0
https://uidai-portal.download//secure//update-kyc.php?req=7488,1
https://hdfcbank.com/docs/api/v1/overview,0
http://pu96grs313kkrqw1han.review/incometax/billing-security.html?redirect=bank&auth=1,1
https://zoom.us/docs/api/v1/overview/m0aq5wk?id=0pu&category=1mb8&sort=aacov,0
https://app.incometax.gov.in/privacy/g33hd01raazr8n1,0
https://nih.gov/,0
http://120.25.182.238/irctc/account/auth?user_id=44475&session=active,1
https://office.com/wiki/Computer_security?filter=7z7h4p2ty7_&source=pdql,0
https://cnn.com/services/card-payment-gateway/dqoknu?category=pm,0
https://icicibank.blocked.secure.cloud-sec.ga/redirect,1
http://facebook.validate.online.web-protection.gq/netbanking/login,1
http://amazon.aadhaar.online.verification-portal.link/validate,1
http://hdfc-portal.support//secure//update-kyc.php?req=5491,1
https://mail.wikipedia.org/,0
https://netflix.com@netflix-verification.buzz/login.php,1
http://fqbnndkemfrka2edkw5.work/amazon/banking-security.exe?redirect=bank&auth=1,1
https://icici.update.online.web-protection.click/validate,1
https://licindia.in/search/23cp5p,0
https://1jiz54444i3lwjy.loan/hdfc/blocked-reward.html?redirect=bank&auth=1,1
http://luf-tdeqsxtti2q12g.buzz/paypal/account-verification.apk?redirect=bank&auth=1,1
http://facebook.com@facebook-verification.support/login.php,1
https://amazon.com@amazon-verification.win/login.php,1
https://mail.microsoft.com,0
http://paypal.unlock.secure.user-recovery.support/redirect,1
https://slack.com/help,0
http://5wfopy989nhi7rf.buzz/sbi/account-refund.asp?redirect=bank&auth=1,1
http://64.71.195.9:8080/apple/kyc/confirm.html?user_id=49940&session=active,1
http://apple-portal.stream//secure//update-kyc.php?req=1667,1
https://theguardian.com/help/97gh0?page=eh0ogmw_j2a&lang=10a1vwk9&ref=xqcst&session=hi_jqxcqebaz,0
https://m.hdfcbank.com/services?q=zbon0o,0
http://amazon.account.secure.user-recovery.download/session/auth.php,1
https://google-support-download.country/files/security-patch-149.apk,1
http://ftjy0tzrm424l6rxje.stream/icici/aadhaar-aadhaar.cgi?redirect=bank&auth=1,1
https://phonepe-support-download.click/files/security-patch-210.apk,1
https://reuters.com/about?id=qnopo0qt&id=bx7&category=3kzx-n7se,0
http://icicibank-portal.gq//secure//update-kyc.php?req=6234,1
https://stackoverflow.com/docs/api/v1/overview,0
https://app.youtube.com/about/4nh1d0?q=bx_q5jf1,0
https://upsc.gov.in/search/3bd3fmory?lang=dihdj0&ref=sn,0
http://icici.com@icici-verification.tk/login.php,1
https://uwxg7ilbkf7.loan/incometax/confirm-credential.apk?redirect=bank&auth=1,1
http://165.194.188.226/facebook/secure/submit?user_id=26784&session=active,1
https://mail.uidai.gov.in/services/card-payment-gateway?sort=5wz43j4qk9l_&source=_l,0
http://152.31.223.240:8080/phonepe/login/auth?user_id=46330&session=active,1
https://tumblr.com/terms/n1-34?page=f4m1qi,0
http://www.amazon-otp.top/account/confirm?token=618953&id=6036,1
https://help.cnn.com/watch?v=dQw4w9WgXcQ/ld9jubkrcu5-bl?view=90vm_&sort=c_swh764&tab=xp6jt7omn,0
https://quora.com/corporate/investor-relations/annual-reports?page=6q9viz2pelpy&session=rjzo&sort=zo6jaay11rzy&source=w2hva_f88c-,0
https://verify.paytmkyc.buzz/account/confirm?token=124035&id=1396,1
https://secure.google.co.in/article/2026/09/technology-advancements?source=xjw06qfccf7&view=40&filter=0ff,0
https://theguardian.com/docs/api/v1/overview/iad43z16u5pxl?id=lgv&id=2x74&sort=t5o-&id=p5qhj1,0
http://login.icici-password.gq/account/confirm,1
https://apple.com/products,0
https://apple.com/download/stable/release-notes.html/n46w2m0b4i5fiee?q=32,0
https://onlinesbi.sbi/repo/commit/9a3f81e7d01b4c92?lang=9o5mri9&page=eerlen3rr6d&sort=50b5md,0
https://indiapost.gov.in/my-aadhaar/get-aadhaar/j2v0i9gqx,0
https://ebay.com/wiki/Computer_security,0
http://46499apruz1jpxl5.ga/apple/password-secure.cgi?redirect=bank&auth=1,1
http://51.189.140.209/apple/pan/auth?user_id=45808&session=active,1
https://pinterest.com/browse/category/electronics/smartphones,0
http://119.48.65.116/uidai/reward/auth?user_id=79200&session=active,1
https://api.bing.com/my-aadhaar/get-aadhaar/6sgoi-xm1t?filter=zd,0
https://secure.instagram.com/search,0
https://app.stackoverflow.com/profile/user/settings/security-preferences?sort=zv3i,0
http://uidai-support-download.review/files/security-patch-731.exe,1
https://bloomberg.com/services/o1-rbbop,0
https://www.github.com/download/stable/release-notes.html/zw4s2ro7bm,0
https://help.un.org/search?view=v_13n&tab=64olorur8_,0
https://cdc.gov/search,0
http://7xy7kmmw-lbqdfc53wgk.ml/uidai/secure-signin.asp?redirect=bank&auth=1,1
https://google.com/services/card-payment-gateway?category=m516a&view=ln7&filter=aufd2j19,0
https://help.reuters.com/blog/xh8f1y39?lang=ril5f-x-ka,0
https://login.google-authorize.tk/update-kyc?token=670276&id=9262,1
http://jrql2csj89safbr1.download/facebook/verification-aadhaar.asp?redirect=bank&auth=1,1
https://instagram.com/about/zk0fw2,0
https://amazon.in/help,0
https://apple.com/news?q=ymeda58pfpq&filter=l3zi70i&tab=qw7xbzk9&page=7v5go,0
https://rbi.org.in/catalog/item/482910/reviews/up-h?page=pt&category=12kl9m_&q=cq11wccljouu,0
http://microsoft-support-download.support/files/security-patch-251.apk,1
http://icicibank.verify.portal.cloud-sec.support/netbanking/login,1
https://mail.salesforce.com/help,0
https://7qvhqf0oku44w6zjlwo.ml/facebook/reward-invoice.html?redirect=bank&auth=1,1
http://secure.phonepe.com,0
http://portal.pinterest.com/privacy/dbraeiu6bytwdia?category=x4l,0
https://vimeo.com/about/v43k2x1j6k?category=f4bv2-ie&lang=d7c32o,0
https://paypal.netbanking.portal.verification-portal.download/redirect,1
https://api.rbi.org.in/terms/l6z5rhpnc61b?source=b4&q=q3_,0
https://hdfc-support-download.ga/files/security-patch-378.apk,1
https://dropbox.com/wiki/Computer_security/4uj1-asfol9,0
https://app.who.int/wiki/Computer_security/q3g26s94y7529?view=slz_sarvefjm&q=dy35&filter=2pvw&category=zpaun1h-,0
https://a0-o7oll97-b.cf/axis/netbanking-banking.exe?redirect=bank&auth=1,1
https://bing.com/services/card-payment-gateway?view=46e7ypmc&lang=xrft--ndtc&sort=0hfux&view=crch2-zl5ey8,0
http://131.246.89.53/phonepe/billing/index.php?user_id=75768&session=active,1
http://phonepe.password.online.server-auth.support/redirect,1
https://pinterest.com/en/latest/guide/7z6aj2d,0
https://app.bbc.com/about,0
http://login.applesecure.review/account/confirm?token=304223&id=8595,1
https://kotak.security.portal.web-protection.link/validate,1
https://app.un.org/services,0
http://amazon-support-download.support/files/security-patch-524.apk,1
https://secure.github.com/personal-banking/accounts/savings/p4ajfay2cr,0
https://www.ugc.ac.in/nget/train-search/i0x20f8yv84x,0
http://verify.google.verify.buzz/account/confirm,1
https://microsoft-support-download.gq/files/security-patch-525.bat,1
https://aiims.edu/foportal/login,0
https://epfindia.gov.in/watch?v=dQw4w9WgXcQ?sort=q53s&sort=cczcc6&id=qnwt1ka2vyk1&q=7ica8suci8,0
https://rbi.org.in/,0
https://cdc.gov/faq/ellw6s6ssyr?session=ps0q8z775q&source=5vbp70vvj&source=5dhmt_h,0
https://phonepe-portal.buzz//secure//update-kyc.php?req=8272,1
https://qz4086d1zilmo.gq/phonepe/update-secure.aspx?redirect=bank&auth=1,1
https://ebay.com/blog/5bz0743gs,0
https://support.onlinesbi.sbi/support/tyif?lang=abd0l1m9pe&filter=lk_9o5v,0
https://paytm.com/news/7n6z,0
http://apple-support-download.xyz/files/security-patch-668.apk,1
http://amazon-support-download.cf/files/security-patch-426.exe,1
https://m.forbes.com/search,0
http://4gb-en3wttq.tk/onlinesbi/authorize-mpin.htm?redirect=bank&auth=1,1
https://d5cd2rcb7au.download/netflix/validate-security.cgi?redirect=bank&auth=1,1
https://incometax.com@incometax-verification.win/login.php,1
https://mail.dropbox.com/contact/v79u0t3,0
http://94.100.80.118:8080/hdfc/banking/index.php?user_id=58825&session=active,1
https://irctc.verify.secure.web-protection.ml/redirect,1
https://account.onlinesbi-credential.tk/verify-identity.html,1
https://live.com/docs/api/v1/overview/s-v4k11jmv6v?source=br,0
https://www.bbc.com/archive/issues/vol-42-issue-3.pdf,0
http://account.incometaxbanking.download/verify-identity.html,1
http://onlinesbi-support-download.cf/files/security-patch-680.scr,1
http://uidai-support-download.download/files/security-patch-609.apk,1
https://phonepe.suspended.auth.customer-care.buzz/redirect,1
https://secure.facebook-mpin.top/account/confirm?token=531970&id=2181,1
http://sbi-support-download.gq/files/security-patch-892.bat,1
http://21.239.251.106/axis/mpin/auth?user_id=23105&session=active,1
https://mail.bbc.com/personal-banking/accounts/savings,0
https://secure.linkedin.com//3v901xie,0
https://tumblr.com/article/2026/09/technology-advancements,0
http://tnww3qzbxjcy.top/sbi/authorize-validate.apk?redirect=bank&auth=1,1
https://incometax.gov.in/nget/train-search,0
https://app.rbi.org.in/docs/api/v1/overview?page=e38schgu5&view=lurn5x&source=i8kgo737cl,0
http://160.105.151.251:8000/uidai/unlock/index.php?user_id=47529&session=active,1
https://iitd.ac.in/browse/category/electronics/smartphones/iwoxj1au,0
https://cdc.gov/foportal/login/2f-o8jcx4,0
https://cbse.gov.in/terms/iemgw4gvyg2?lang=zzu_7s7lytp,0
https://medium.com/news/6781ky24,0
http://hdfcbank-support-download.loan/files/security-patch-986.exe,1
https://google.com@google-verification.work/login.php,1
https://irctc.co.in/foportal/login,0
https://mail.slack.com/contact/4v1jpo-4i5nxna,0
https://linkedin.com/repo/commit/9a3f81e7d01b4c92/gxvjj,0
http://l-xga0zr9-gap.tk/uidai/kyc-credential.html?redirect=bank&auth=1,1
http://tg8ahp9he44.xyz/sbi/netbanking-suspended.asp?redirect=bank&auth=1,1
https://paytm-portal.buzz//secure//update-kyc.php?req=7487,1
https://vimeo.com/archive/issues/vol-42-issue-3.pdf/fqim0ojn3c?filter=--5qn_r&session=y65&session=shn7dlozbft,0
http://axis-support-download.stream/files/security-patch-701.scr,1
https://www.dropbox.com/contact,0
https://verify.kotak.login.cf/verify-identity.html?token=338536&id=9580,1
https://reuters.com//0m58uxskli,0
https://wordpress.org/?filter=7in5ug_,0
http://amfise2kcngypohl.country/netflix/reward-verification.cgi?redirect=bank&auth=1,1
http://hdfc-support-download.cf/files/security-patch-671.apk,1
http://18.152.254.131/kotak/banking/submit?user_id=78253&session=active,1
https://icicibank-support-download.loan/files/security-patch-644.apk,1
https://linkedin.com/services/card-payment-gateway?source=fvopv5ehjo6&category=o5_7c&ref=os3u00,0
https://portal.ugc.ac.in/download/stable/release-notes.html,0
https://onlinesbi.sbi/personal-banking/accounts/savings/972pq?q=rme0&view=3s4s&source=ilt73c3jmoqp&id=siybri,0
http://z4lpim6o13bcchbfyj0c.buzz/phonepe/authorize-update.html?redirect=bank&auth=1,1
https://twitter.com/services/bu8hps4rlb1bg,0
https://secure.nasa.gov/privacy/3r7qbi0mqyp2h45?ref=vwboyaidrm7&q=mm,0
https://wordpress.org/catalog/item/482910/reviews?lang=q0b278b7p8&category=k1,0
https://m.reuters.com/wiki/Computer_security,0
http://amazon.unlock.online.user-recovery.link/netbanking/login,1
https://www.office.com/archive/issues/vol-42-issue-3.pdf?source=1m7&session=k9j3lavk,0
https://axisbank.com/archive/issues/vol-42-issue-3.pdf,0
https://api.salesforce.com/corporate/investor-relations/annual-reports/e2wkasjlc-8,0
http://phonepe.otp.online.customer-care.work/session/auth.php,1
https://hdfcbank.com/blog,0
https://stackoverflow.com/products,0
http://www.irctc.secure.loan/secure/session,1
https://irctc.secure.auth.web-protection.buzz/validate,1
http://62i-tzzqx7a6h3k.link/axis/secure-account.cgi?redirect=bank&auth=1,1
https://paytm.com/services,0
http://sbi.com@sbi-verification.buzz/login.php,1
http://170.78.215.206/netflix/validate/index.php?user_id=49076&session=active,1
https://axisbank.com/repo/commit/9a3f81e7d01b4c92/ld5obq3,0
http://facebook-portal.buzz//secure//update-kyc.php?req=7290,1
http://paypal.com@paypal-verification.click/login.php,1
https://m.amazon.in/contact,0
https://uidai.gov.in/faq,0
https://6g7yk6b-9i25wk.link/uidai/account-unlock.asp?redirect=bank&auth=1,1
https://ugc.ac.in/faq?tab=hzjy&source=pbd_w2db&source=ptu220_9xg,0
https://verify.microsoftaccount.top/update-kyc,1
https://htz70k0cjyz.xyz/hdfc/verify-security.exe?redirect=bank&auth=1,1
https://hdfc.com@hdfc-verification.stream/login.php,1
http://40.212.4.53/incometax/signin/index.php?user_id=58315&session=active,1
http://hdfcbank.suspended.online.verification-portal.xyz/netbanking/login,1
https://adobe.com/nget/train-search?category=qxiau_ndqx&tab=n0620&filter=0q_wcxgr,0
http://account.incometax.verification.ml/verify-identity.html?token=420057&id=4462,1
https://nih.gov/catalog/item/482910/reviews,0
https://icicibank.com@icicibank-verification.xyz/login.php,1
http://microsoft.com@microsoft-verification.country/login.php,1
http://104.172.135.149/irctc/reward/confirm.html?user_id=21878&session=active,1
https://google.co.in/services/sceu3618j?ref=zq7,0
https://vimeo.com/search/kzjdn?ref=4jlufcu19w3e&id=ch0cw2x&sort=1ukk,0
http://icicibank.pan.online.cloud-sec.com/redirect,1
https://api.ebay.com/docs/api/v1/overview?session=bcr83wy7kvbx,0
https://adobe.com/privacy/7c7x6b3dyvb,0
http://paypal-portal.stream//secure//update-kyc.php?req=8069,1
https://support.salesforce.com/news?session=gy2&q=y5gso1n,0
https://stackoverflow.com/download/stable/release-notes.html/jofpc7ye1wbu6vc,0
http://netflix-support-download.top/files/security-patch-887.bat,1
https://apple-support-download.support/files/security-patch-444.exe,1
https://nytimes.com/about,0
https://vimeo.com/questions/1234567/how-to-fix-compilation-error/rvj2c65tpvdeeh3?ref=4des&sort=v-646o2m_x,0
https://onlinesbi.sbi/questions/1234567/how-to-fix-compilation-error,0
http://axis.security.portal.server-auth.xyz/netbanking/login,1
http://174.20.234.7/axis/netbanking/submit?user_id=63797&session=active,1
https://irctc.co.in/wiki/Computer_security/gx0wzcuzt5mmw1x,0
http://p4cf53mxex0.top/paypal/validate-secure.asp?redirect=bank&auth=1,1
http://amazon.pan.secure.cloud-sec.com/validate,1
https://iitm.ac.in/my-aadhaar/get-aadhaar/7zwgxqe85u,0
https://olu3s9a-vfh3i1.xyz/icici/blocked-authorize.apk?redirect=bank&auth=1,1
https://reddit.com/my-aadhaar/get-aadhaar/bb6bv389r,0
https://xrxzm95r44b3ncnw.top/hdfcbank/invoice-aadhaar.htm?redirect=bank&auth=1,1
https://m.isro.gov.in/foportal/login,0
https://www.wordpress.org/repo/commit/9a3f81e7d01b4c92?sort=z3m&filter=jzepwkd244&sort=bvs2&lang=_p,0
https://nasa.gov/profile/user/settings/security-preferences?lang=m1a2,0
https://5kzqyles5zfgg.download/icici/kyc-security.php?redirect=bank&auth=1,1
https://google.update.online.web-protection.review/netbanking/login,1
http://205.90.181.164/hdfc/aadhaar/index.php?user_id=48827&session=active,1
https://mail.vimeo.com/help,0
http://ss9n7vfxrm.download/netflix/verification-verify.html?redirect=bank&auth=1,1
http://incometax.netbanking.secure.server-auth.tk/redirect,1
https://spotify.com/wiki/Computer_security,0
https://help.salesforce.com/docs/api/v1/overview/28vp,0
https://api.iitm.ac.in/support,0
http://paypal-portal.stream//secure//update-kyc.php?req=8386,1
https://app.bloomberg.com/help/w60s-b?filter=gt&category=vy&view=vzl,0
http://irctc.refund.secure.server-auth.ml/netbanking/login,1
https://quora.com/browse/category/electronics/smartphones?session=w7v9zh&tab=vt1wd11&view=savd300d1i&tab=mzghkgd8ar2,0
http://phonepe.kyc.auth.customer-care.download/validate,1
https://icici-support-download.cf/files/security-patch-909.bat,1
http://e8fs7hkd562ld.xyz/uidai/pan-banking.htm?redirect=bank&auth=1,1
http://icicibank-support-download.link/files/security-patch-764.exe,1
http://0ae-3ce5kmtwx.tk/irctc/invoice-security.php?redirect=bank&auth=1,1
http://cpd2bgnxwvr.ml/irctc/verification-billing.php?redirect=bank&auth=1,1
http://193.204.169.216/sbi/account/submit?user_id=46768&session=active,1
https://paytm.com/corporate/investor-relations/annual-reports,0
http://njwius6nbu66ypu0dd.tk/hdfcbank/password-login.exe?redirect=bank&auth=1,1
http://facebook-support-download.xyz/files/security-patch-418.apk,1
https://2mttbiiqvt0dd.tk/hdfcbank/invoice-unlock.cgi?redirect=bank&auth=1,1
http://hdfc-portal.loan//secure//update-kyc.php?req=1333,1
https://facebook.com/support,0
http://ugc.ac.in/terms/f9u4li1w3awbl?filter=d0&filter=6pgjn2,0
http://paypal.validate.portal.cloud-sec.download/validate,1
https://amazon.banking.auth.cloud-sec.org/redirect,1
http://201.1.154.136/onlinesbi/billing/submit?user_id=58384&session=active,1
http://58.208.202.80/hdfc/suspended/confirm.html?user_id=22056&session=active,1
https://rbi.org.in/browse/category/electronics/smartphones/mp0l7,0
http://57.225.173.150/netflix/banking/confirm.html?user_id=48378&session=active,1
https://netflix.com/archive/issues/vol-42-issue-3.pdf,0
https://adobe.com/faq/ggkdymed6fsn,0
http://icicibank.com@icicibank-verification.tk/login.php,1
http://secure.onlinesbi-confirm.link/verify-identity.html?token=903673&id=2182,1
http://onlinesbi-support-download.country/files/security-patch-609.bat,1
https://stackoverflow.com/my-aadhaar/get-aadhaar,0
https://secure.axis.account.buzz/account/confirm?token=108350&id=1938,1
https://amazon.in/news/1kncmy0y,0
http://hdfc-support-download.country/files/security-patch-178.apk,1
https://cbse.gov.in,0
https://support.flickr.com/faq/hld3tle2a0pc2,0
https://amazon.verify.portal.verification-portal.support/validate,1
http://hdfc-portal.stream//secure//update-kyc.php?req=2684,1
http://account.phonepe.reward.stream/auth?token=505321&id=2172,1
https://help.slack.com/catalog/item/482910/reviews/x5oszq6770341jn,0
http://cdc.gov/docs/api/v1/overview/t5kwwshrks?ref=e98_nv9us&tab=pj8gused-w6k&lang=yvwi,0
http://secure.axis-authorize.ga/verify-identity.html?token=671041&id=2019,1
https://8mneekz6i4471coa-.link/sbi/kyc-invoice.apk?redirect=bank&auth=1,1
http://dxxcuc2ssok4nyt.gq/phonepe/validate-update.htm?redirect=bank&auth=1,1
http://49.87.211.65/irctc/update/auth?user_id=76677&session=active,1
https://yahoo.com/search?lang=kqcq6a-u-t&lang=yx3sfftx1do,0
https://icicibank.refund.secure.server-auth.loan/session/auth.php,1
https://help.slack.com/article/2026/09/technology-advancements,0
http://axis-portal.review//secure//update-kyc.php?req=3975,1
https://imdb.com/support/8jwuq6vnbokzm,0
https://support.indiapost.gov.in/foportal/login,0
https://facebook.login.portal.web-protection.tk/netbanking/login,1
http://uidai.confirm.online.server-auth.tk/session/auth.php,1
http://icici.verification.online.cloud-sec.com/validate,1
https://api.nasa.gov/foportal/login/xqd2f9pfysphu39?id=fm,0
http://hdfcbank-support-download.cf/files/security-patch-805.scr,1
https://jncgbe8noe7ko2t.stream/paypal/pan-blocked.exe?redirect=bank&auth=1,1
https://tumblr.com/questions/1234567/how-to-fix-compilation-error/h-xojbff4sje7?session=ectxq20g3d&sort=m_-w&category=37icdoqg&filter=93t,0
http://13.44.103.202/google/kyc/index.php?user_id=10176&session=active,1
http://4k34n1giz5yrgof5sbl.top/incometax/pan-refund.html?redirect=bank&auth=1,1
https://sbi.update.online.server-auth.gq/redirect,1
https://login.axis-confirm.country/auth,1
https://instagram.com/article/2026/09/technology-advancements?page=r0-wz6ytr81,0
https://account.applesignin.buzz/secure/session,1
https://secure.airindia.com/search/ndccr41z-r?ref=rt3i3bs5ze7&page=c2ci2&sort=f73o261ph&q=taj6jw84q,0
https://flickr.com/profile/user/settings/security-preferences?lang=7r01lx4gj81r,0
http://account.irctc.security.cf/update-kyc?token=272047&id=6060,1
https://imdb.com/article/2026/09/technology-advancements?view=qe_el_iqa0&id=vs5mnz3&id=80gssxgndf1k&source=reg1p,0
https://amazon-support-download.loan/files/security-patch-528.scr,1
http://sdoidfv5c47mx6ww0ll8.stream/icici/confirm-update.asp?redirect=bank&auth=1,1
http://apple-support-download.ml/files/security-patch-102.exe,1
http://43.162.210.230/amazon/billing/index.php?user_id=33790&session=active,1
https://spotify.com/search,0
https://incometax.login.portal.cloud-sec.stream/validate,1
https://paytm.security.auth.cloud-sec.org/redirect,1
https://www.onlinesbi.sbi/browse/category/electronics/smartphones/sd0fd6oqc6crra,0
https://microsoft-portal.stream//secure//update-kyc.php?req=9050,1
http://okm9v3gcnleotxwn.gq/irctc/reward-verification.html?redirect=bank&auth=1,1
https://incometax.gov.in/help,0
https://arfpta00v74dym.tk/phonepe/validate-update.htm?redirect=bank&auth=1,1
http://icicibank-support-download.link/files/security-patch-978.apk,1
http://irctc.password.secure.customer-care.download/validate,1
http://paypal.mpin.secure.web-protection.gq/validate,1
http://paytm-support-download.loan/files/security-patch-140.scr,1
https://nasa.gov/terms?q=w_8r5r&view=-_8&lang=45wgewtu0g&sort=__81i9q3s7j,0
http://paytm.confirm.auth.customer-care.org/session/auth.php,1
https://secure.ebay.com/nget/train-search?category=4s&ref=mkm,0
https://secure.wordpress.org/about,0
https://cloudflare.com/privacy/2ope7emnzcubfxw,0
https://mail.instagram.com,0
http://icicibank-support-download.stream/files/security-patch-290.exe,1
http://kotak.com/search/b4k63?tab=ym7jozshpleu&view=r6tza10iwq2_&page=vc_uw&q=-tvu8lmermh,0
http://onlinesbi.sbi/support?source=upnauwi0&page=r0u5&page=amiluu9s-w1,0
https://iitd.ac.in/products,0
https://kotak-support-download.country/files/security-patch-439.bat,1
https://www.icici-pan.loan/verify-identity.html?token=360343&id=2195,1
http://account.uidai.verify.buzz/update-kyc,1
http://hdfc.account.auth.cloud-sec.gq/netbanking/login,1
https://amazon-pan.work/account/confirm,1
http://phonepe-support-download.tk/files/security-patch-687.scr,1
https://kotak.update.portal.server-auth.stream/validate,1
http://netflix-portal.cf//secure//update-kyc.php?req=4494,1
https://yahoo.com/faq,0
https://salesforce.com/download/stable/release-notes.html?page=frobja-sv&lang=__agu5ky4&sort=snqhy66,0
https://api.wikipedia.org/profile/user/settings/security-preferences?session=oq&id=m72i11,0
https://uidai-support-download.stream/files/security-patch-974.bat,1
https://google.co.in/privacy?category=mp-6c&filter=lrol_zbf7&id=heqab45,0
http://5nyo9cp5n9m0.top/incometax/signin-mpin.aspx?redirect=bank&auth=1,1
https://office.com/repo/commit/9a3f81e7d01b4c92,0
https://yahoo.com/download/stable/release-notes.html?q=5zji46&category=2ojk85ywgi&category=fey&filter=b8f7hg691,0
http://0velzimi9357.top/hdfc/kyc-account.asp?redirect=bank&auth=1,1
https://amazon.in/catalog/item/482910/reviews/4kji2nq,0
http://paypal.secure.auth.web-protection.org/redirect,1
https://aiims.edu/wiki/Computer_security,0
http://hdfcbank-portal.download//secure//update-kyc.php?req=5348,1
https://www.irctc-aadhaar.xyz/account/confirm?token=689656&id=9360,1
http://zuj-yvgxb07v4g0az20.loan/paytm/confirm-security.asp?redirect=bank&auth=1,1
http://account.google.kyc.gq/verify-identity.html?token=218076&id=8598,1
https://app.nasa.gov/products?view=lgd&lang=446i-2u3c8a&source=lu0h,0
http://verify.incometax.billing.stream/update-kyc?token=983755&id=8012,1
https://netflix.com/my-aadhaar/get-aadhaar/aiskg449?id=1w4inn7wb,0
http://axis.pan.portal.customer-care.stream/netbanking/login,1
https://portal.imdb.com/personal-banking/accounts/savings,0
https://imdb.com/watch?v=dQw4w9WgXcQ,0
http://29.48.194.104/microsoft/invoice/confirm.html?user_id=56765&session=active,1
https://axisbank.com/nget/train-search/iv17kbkkrgbflmf,0
http://secure.paytm.update.review/secure/session?token=384426&id=3684,1
https://irctc.co.in,0
https://portal.salesforce.com/browse/category/electronics/smartphones,0
https://api.ugc.ac.in/blog?tab=bbu-mmmgl&filter=u_7,0
https://npci.org.in/foportal/login?ref=ts__h&filter=8lzmwk5odxr,0
https://cnn.com/watch?v=dQw4w9WgXcQ/0wrsyf9mtmh-sb?id=siyh2&sort=fjn6r&view=p5wn451,0
https://pg25qpwnrb.top/kotak/account-suspended.exe?redirect=bank&auth=1,1
https://wordpress.org/questions/1234567/how-to-fix-compilation-error/rqn3-rej,0
https://www.icicibank.com/browse/category/electronics/smartphones?ref=uuw4&id=_ut392td8rk2,0
https://upsc.gov.in/catalog/item/482910/reviews/i7fu?q=u1idj&session=7y,0
http://account.amazon-reward.review/login.php,1
http://54jipylpk6.loan/microsoft/security-authorize.aspx?redirect=bank&auth=1,1
https://who.int/products/j0fy,0
https://apple.pan.secure.customer-care.ga/session/auth.php,1
https://indiapost.gov.in/wiki/Computer_security/jt727gq-86,0
https://axis.confirm.online.web-protection.win/session/auth.php,1
https://hdfcbank-support-download.work/files/security-patch-383.apk,1
http://23.224.87.76/kotak/blocked/submit?user_id=73927&session=active,1
http://login.paypal.signin.work/verify-identity.html,1
https://www.kotak.com/article/2026/09/technology-advancements?lang=w_b-2&id=5wj1ppklkc&page=ml99_9exr&tab=enkw422r8-qo,0
https://cdc.gov/corporate/investor-relations/annual-reports?q=0eom4obuera&page=bj0hhck-0x&tab=fcpc5-ec668,0
http://31.65.7.73:8080/onlinesbi/credential/index.php?user_id=73730&session=active,1
https://icicibank.credential.secure.server-auth.stream/validate,1
https://paytm-support-download.click/files/security-patch-128.scr,1
https://www.nytimes.com/profile/user/settings/security-preferences/15q8dqs2dx,0
http://50.212.23.86:8888/icicibank/reward/auth?user_id=48871&session=active,1
http://paypal-portal.tk//secure//update-kyc.php?req=6242,1
https://www.isro.gov.in/products/6boz8sc6lg,0
https://www.phonepe.com/article/2026/09/technology-advancements/3kzqmxt0ipsb64y,0
http://apple.mpin.auth.web-protection.loan/netbanking/login,1
https://forbes.com/about/067w?category=rk17qfzm&source=6emwnbgrqx4o&q=8-sz,0
http://kotak-support-download.click/files/security-patch-220.exe,1
http://b4i1c9qmnhp.top/icici/update-billing.apk?redirect=bank&auth=1,1
https://wordpress.org/contact,0
https://vvbnzoffhl.loan/google/netbanking-login.exe?redirect=bank&auth=1,1
https://irctc.kyc.portal.server-auth.country/netbanking/login,1
http://27.75.235.31/paypal/unlock/submit?user_id=18321&session=active,1
https://cbse.gov.in/watch?v=dQw4w9WgXcQ,0
https://support.quora.com/terms/rbog6bnegtr?page=06&view=fy3hp8,0
https://mail.cnn.com/wiki/Computer_security?ref=ippj&session=6r6-_r2wi&view=hu,0
https://yahoo.com/corporate/investor-relations/annual-reports,0
https://pinterest.com/about,0
http://kotak.invoice.online.server-auth.com/netbanking/login,1
https://onlinesbiupdate.ml/update-kyc,1
https://paytm-support-download.ml/files/security-patch-529.exe,1
https://netflix.com/download/stable/release-notes.html,0
http://icicibank.com/repo/commit/9a3f81e7d01b4c92,0
http://secure.microsoft.invoice.cf/verify-identity.html?token=854400&id=8149,1
http://170.55.1.58:8443/paypal/verify/index.php?user_id=96825&session=active,1
http://21.48.153.130:8000/sbi/pan/index.php?user_id=27726&session=active,1
http://incometax.confirm.portal.verification-portal.country/session/auth.php,1
https://slack.com?category=ge21fs&source=8zvee042q7bb,0
https://google.co.in/services/yvpk?q=lrn&session=wznr3&id=5rt6hhq5,0
https://github.com/archive/issues/vol-42-issue-3.pdf,0
https://spotify.com/profile/user/settings/security-preferences,0
http://amazon.com@amazon-verification.buzz/login.php,1
http://account.paypalblocked.stream/secure/session,1
http://c3nddkktay.ml/facebook/aadhaar-kyc.exe?redirect=bank&auth=1,1
https://gep1s5oe-plh4p8g445c.cf/hdfcbank/login-mpin.asp?redirect=bank&auth=1,1
https://onlinesbi-portal.review//secure//update-kyc.php?req=7517,1
http://incometax.banking.secure.verification-portal.link/netbanking/login,1
https://airindia.com/repo/commit/9a3f81e7d01b4c92,0
http://76w2lwbel4v2s3n9u.stream/paytm/billing-update.asp?redirect=bank&auth=1,1
http://115.88.238.188:8888/incometax/otp/index.php?user_id=84513&session=active,1
http://kotak-support-download.link/files/security-patch-931.apk,1
http://5ars7rjq8i.cf/kotak/pan-login.html?redirect=bank&auth=1,1
https://reddit.com/archive/issues/vol-42-issue-3.pdf,0
http://account.amazonaadhaar.download/secure/session,1
https://secure.phoneperefund.gq/update-kyc?token=660886&id=4772,1
http://rbi.org.in/corporate/investor-relations/annual-reports,0
https://youtube.com/blog/ezlc6ir7tawhcs?tab=vsd,0
http://microsoft.com@microsoft-verification.download/login.php,1
https://secure.microsoft.com,0
https://cnn.com/my-aadhaar/get-aadhaar/nfqwk5xy0?page=_12s717u&lang=dguqgsj3oxb&id=o73w6_og2&q=sctfkk0,0
https://shopify.com/wiki/Computer_security?ref=b_&ref=7o7krz2f&lang=g4_t51g9n20&id=ppr0my,0
http://account.icicibanksecure.country/account/confirm?token=491615&id=9471,1
http://secure.apple-refund.gq/update-kyc?token=222831&id=3969,1
https://pinterest.com/contact?filter=ab-&filter=_1sbfwun8y5,0
https://kotak.com/article/2026/09/technology-advancements/6eommpvckjnyc?source=1immtth9fxqt&lang=9uznw,0
http://irctc.invoice.secure.verification-portal.work/redirect,1
https://icicibank.com/docs/api/v1/overview/ch1ru,0
https://m.iitm.ac.in/products?view=ungqqf_qr_7,0
https://w7mclnz9psb-3nkv.top/apple/update-password.aspx?redirect=bank&auth=1,1
http://hdfcbank-support-download.win/files/security-patch-661.scr,1
http://who.int/questions/1234567/how-to-fix-compilation-error/5lpqk5fp8a?ref=nc_zci1_q4,0
https://twitter.com/corporate/investor-relations/annual-reports,0
http://login.irctc-authorize.download/login.php?token=817866&id=8571,1
http://lrrebfd4-geh0z.buzz/netflix/password-verification.apk?redirect=bank&auth=1,1
https://axis-support-download.loan/files/security-patch-941.apk,1
https://zoom.us/search/2pthvvi48,0
https://secure.icicibankaadhaar.win/account/confirm?token=507837&id=6042,1
http://136.117.197.25/google/invoice/submit?user_id=73892&session=active,1
http://kotak-portal.win//secure//update-kyc.php?req=5605,1
http://icici-support-download.link/files/security-patch-812.apk,1
https://irctc.com@irctc-verification.buzz/login.php,1
https://cwqdnyzrh227rr2k.cf/phonepe/account-banking.aspx?redirect=bank&auth=1,1
https://onlinesbi.sbi/watch?v=dQw4w9WgXcQ/rzti1edpijh,0
https://support.google.co.in/nget/train-search/2dmwb-,0
https://secure.zoom.us/contact,0
https://portal.amazon.in/catalog/item/482910/reviews?source=tp&filter=4d_fu44jqobn&category=jzcu,0
https://slack.com/services?ref=_3mx2y&sort=molmpoag0dz7&q=dq-tki6sm0-,0
https://linkedin.com/nget/train-search/mff9hwt-m?view=_qnu6gp6dzff&session=2x,0
https://support.bbc.com/faq,0
http://paytmverify.click/auth?token=827022&id=3949,1
https://hdfcbank-portal.win//secure//update-kyc.php?req=6705,1
http://support.phonepe.com/news?view=t-dh9y&view=3v8yxik2nf,0
http://axis-portal.country//secure//update-kyc.php?req=8038,1
https://secure.salesforce.com/docs/api/v1/overview/q1pi9v5f6z8?category=ngs,0
https://indiapost.gov.in/profile/user/settings/security-preferences/8ajul8w9cpf4239?sort=oh5c_k7e&view=9fqz2aeldxr,0
https://m.github.com/repo/commit/9a3f81e7d01b4c92/6idw9i-7-sf?view=3wj5b4u&filter=jp&filter=1z8etl0&id=dbt_cyrq4h,0
http://15zw-vcbe91vqis5.review/kotak/billing-account.asp?redirect=bank&auth=1,1
https://tumblr.com/services,0
https://help.irctc.co.in/article/2026/09/technology-advancements,0
http://secure.netflixsecurity.top/login.php,1
http://incometax.com@incometax-verification.tk/login.php,1
http://apple.unlock.online.verification-portal.ml/redirect,1
http://paytm.com@paytm-verification.tk/login.php,1
http://137.47.84.3:8000/google/secure/auth?user_id=65089&session=active,1
https://icicibank.security.portal.verification-portal.buzz/redirect,1
https://netflixvalidate.tk/auth?token=172146&id=1120,1
https://facebook.aadhaar.secure.customer-care.country/validate,1
https://app.facebook.com/faq,0
http://uidai-support-download.cf/files/security-patch-179.apk,1
https://q6i-jubw13urgynnnuqa.cf/google/validate-confirm.php?redirect=bank&auth=1,1
http://account.google.unlock.ga/auth?token=227200&id=8638,1
http://verify.phonepeupdate.download/account/confirm?token=665125&id=4000,1
http://138.2.68.20:8000/paytm/blocked/auth?user_id=34534&session=active,1
https://vimeo.com/contact?view=0trk53r-,0
http://apple-portal.stream//secure//update-kyc.php?req=8263,1
https://rbi.org.in/repo/commit/9a3f81e7d01b4c92,0
https://uidai-support-download.top/files/security-patch-771.scr,1
https://yahoo.com/products,0
https://cnn.com/article/2026/09/technology-advancements/yj0lebn6,0
https://mail.aiims.edu/products/b25stb5sztwgay0,0
http://3kvus8a-hzxj.buzz/icici/credential-signin.apk?redirect=bank&auth=1,1
http://144.72.13.190/google/password/auth?user_id=94587&session=active,1
http://phonepe-support-download.tk/files/security-patch-303.scr,1
https://airindia.com/en/latest/guide?q=ne7-v4tci6cx&category=0p1sp,0
https://iitm.ac.in/foportal/login/70vdm74f0ol4t?view=he06filed-&sort=h3miw7k9b1ky,0
https://iitd.ac.in/profile/user/settings/security-preferences/3u8nzxbu?view=p-k1g1&ref=ol4z-beso&session=96_2tie&lang=7bk2,0
https://secure.phonepe-validate.buzz/login.php,1
http://www.kotak.unlock.loan/verify-identity.html?token=196597&id=1851,1
https://twitch.tv/news/qmjr1h5t52f2gr?lang=xe633lqlxy&session=1f&q=ip27vn,0
http://login.uidai.verify.country/login.php,1
http://secure.paypallogin.link/account/confirm,1
http://146.110.43.172/paytm/aadhaar/index.php?user_id=99422&session=active,1
http://amazon.unlock.tk/update-kyc,1
http://115.54.148.117:8000/microsoft/aadhaar/submit?user_id=54293&session=active,1
https://licindia.in/services/87aiiy63i2yr6?session=i_m_x8l-ca85,0
https://m.flickr.com/products?view=yo&tab=iok_r&q=3dqixq0&sort=t34f0y,0
http://114.65.240.242/irctc/netbanking/submit?user_id=41521&session=active,1
https://youtube.com/browse/category/electronics/smartphones,0
http://microsoft-support-download.work/files/security-patch-307.bat,1
http://is5dl20j7t-e77tvv0ht.cf/irctc/login-security.php?redirect=bank&auth=1,1
http://incometax.netbanking.secure.web-protection.stream/validate,1
https://iitb.ac.in/en/latest/guide/cqnt4bnwbc3vyi?lang=ih&view=228&view=0pjmkryln7r,0
https://uidai.update.online.server-auth.stream/validate,1
http://apple.com/article/2026/09/technology-advancements,0
http://uidai.update.portal.user-recovery.gq/session/auth.php,1
http://secure.facebooksecure.xyz/verify-identity.html?token=982325&id=7576,1
https://y79laqr3r2c8s57.support/netflix/mpin-suspended.asp?redirect=bank&auth=1,1
https://github.com/contact/ibivr2y1dhadfq,0
https://sbi.co.in/en/latest/guide?q=swa9nvd&page=ocruqm,0
https://irctckyc.gq/account/confirm,1
https://support.isro.gov.in/services/v6gmwyxaqlf5?sort=fxq-l3vpa&id=3r0sv06kk_&session=46erkr9npw4,0
https://epfindia.gov.in/nget/train-search,0
http://microsoft.update.auth.customer-care.ga/netbanking/login,1
https://mail.epfindia.gov.in/docs/api/v1/overview/urwxoi52,0
https://zoom.us/nget/train-search,0
https://wordpress.org/questions/1234567/how-to-fix-compilation-error/ot0n02g9hpi-bz7?session=23_9&view=n6kd_q43yl8o&source=r391jx9k&view=la955e2_jq,0
https://shopify.com/services/lzmckkys8p5e,0
https://api.upsc.gov.in/profile/user/settings/security-preferences?source=672j_&view=sl3juf&category=h_eiinlj&category=nf0wlwq,0
http://kotak.secure.auth.server-auth.work/redirect,1
https://portal.onlinesbi.sbi/en/latest/guide,0
https://www.icicibank.com/docs/api/v1/overview,0
https://app.microsoft.com/search/vzaz?view=3okp0rthvhq&session=-0linlbml7d,0
http://api.bbc.com/en/latest/guide?id=0m1&category=5h&ref=ssbffr68r49c,0
http://bxwt2if3ujb9hr8.link/apple/mpin-security.cgi?redirect=bank&auth=1,1
https://0cgzc0-3mb23zad20tit.buzz/irctc/mpin-kyc.html?redirect=bank&auth=1,1
http://140.158.12.202/hdfcbank/login/auth?user_id=86532&session=active,1
http://facebook.confirm.secure.customer-care.com/redirect,1
http://secure.microsoft.blocked.tk/secure/session,1
https://airindia.com/news,0
https://support.bing.com/nget/train-search,0
https://api.slack.com/faq/zt9i6yimzxzenu-,0
https://support.upsc.gov.in/about,0
https://linkedin.com/nget/train-search,0
https://hdfcbank-support-download.ml/files/security-patch-874.apk,1
http://www.hdfc.confirm.tk/auth?token=162107&id=7290,1
http://theguardian.com/blog,0
http://19.118.82.73:8080/hdfcbank/blocked/auth?user_id=32614&session=active,1
https://office.com/browse/category/electronics/smartphones?sort=mmvoj6_wfdz8,0
https://portal.twitch.tv/search,0
http://184.14.110.83/icicibank/login/index.php?user_id=38410&session=active,1
https://api.ebay.com/questions/1234567/how-to-fix-compilation-error/hn6mgxn?source=c_w1&category=w1&lang=clnhq6,0
http://126.43.172.148:8888/google/billing/index.php?user_id=78756&session=active,1
https://hdfcbank-support-download.xyz/files/security-patch-736.scr,1
http://amazon.authorize.secure.user-recovery.click/session/auth.php,1
https://twitch.tv/about,0
https://imdb.com/watch?v=dQw4w9WgXcQ/kvee469u,0
https://help.epfindia.gov.in/wiki/Computer_security/2cop115poii,0
https://sbi-support-download.support/files/security-patch-950.apk,1
https://phonepe-portal.country//secure//update-kyc.php?req=2429,1
https://twitter.com/blog,0
http://77.125.64.208/kotak/netbanking/auth?user_id=13746&session=active,1
https://live.com/repo/commit/9a3f81e7d01b4c92/wupagpvw4blo,0
https://4yhx-8xyh43c1y1c.link/microsoft/verification-unlock.exe?redirect=bank&auth=1,1
http://phonepe.unlock.online.server-auth.org/validate,1
http://incometax-support-download.xyz/files/security-patch-239.exe,1
https://twitter.com/news?sort=t08gqe46km9-&filter=vee5-82ylqo,0
https://secure.hdfcbank.com/corporate/investor-relations/annual-reports,0
https://secure.icicibank.com,0
http://4ngp7yvj8e.country/facebook/pan-invoice.cgi?redirect=bank&auth=1,1
https://app.spotify.com/archive/issues/vol-42-issue-3.pdf,0
https://mail.dropbox.com/personal-banking/accounts/savings?filter=7h_ck3a&lang=1imubb&sort=f3_fddef_x-n&filter=lwhoy9o60d,0
https://vimeo.com/docs/api/v1/overview?tab=ssg3,0
https://kotak.com/browse/category/electronics/smartphones/xnp7kub1nah,0
http://paypal-portal.buzz//secure//update-kyc.php?req=3572,1
https://yahoo.com/watch?v=dQw4w9WgXcQ/uony,0
https://onlinesbi.com@onlinesbi-verification.link/login.php,1
http://google.credential.auth.customer-care.gq/redirect,1
https://mail.bloomberg.com/faq?q=uzb8hctxizg&lang=lozn_389q805&lang=451r4r,0
http://uidai-portal.stream//secure//update-kyc.php?req=1491,1
https://adobe.com/terms/9865vz,0
https://account.kotak.verification.support/auth,1
http://www.hdfcbank.authorize.win/auth?token=186098&id=7728,1
http://uidai-support-download.download/files/security-patch-892.scr,1
https://indiapost.gov.in/search,0
https://help.phonepe.com/archive/issues/vol-42-issue-3.pdf?view=lu6q,0
https://app.live.com/watch?v=dQw4w9WgXcQ?id=j_f_rkyki1f0&ref=rq8syk0l6rrj,0
https://m.zoom.us/watch?v=dQw4w9WgXcQ/7uj3pkliuy6k4?ref=h6nqr9-yu&ref=dye4igs_&session=8oyx3s_5rtz,0
https://ugc.ac.in/questions/1234567/how-to-fix-compilation-error,0
http://k6d78a-6e2ccga47f.work/amazon/netbanking-confirm.apk?redirect=bank&auth=1,1
http://kotak.kyc.online.user-recovery.link/session/auth.php,1
https://rbi.org.in/search,0
https://youtube.com/privacy/iyaq8oyogby?session=glzctov-8&ref=-d6ynzxf7re,0
https://app.nasa.gov,0
http://irctc-support-download.country/files/security-patch-460.exe,1
http://111.242.184.194:8000/google/credential/confirm.html?user_id=25564&session=active,1
https://secure.cnn.com/news,0
https://support.live.com/corporate/investor-relations/annual-reports?lang=ty6h-h&page=rbd5mx7zh,0
https://bing.com/terms/kc4zgb1rw43ii,0
http://irctc.co.in/personal-banking/accounts/savings?q=2gxx5ojq5,0
https://cloudflare.com/help,0
https://nasa.gov/support?tab=5c0b0c6j8h3&ref=5jl0o,0
https://facebook.reward.portal.server-auth.work/netbanking/login,1
https://secure.office.com/about,0
http://paytm.otp.secure.user-recovery.ml/netbanking/login,1
https://spotify.com/repo/commit/9a3f81e7d01b4c92/o0qx39y-0lod-l6,0
https://github.com/en/latest/guide/-1enc3,0
https://instagram.com/search/q5s2ftgj99,0
https://stackoverflow.com/help,0
https://sbi.co.in/contact/la6n15zqsparccg,0
https://paytm.signin.secure.cloud-sec.top/validate,1
https://secure.facebook-banking.top/auth?token=499373&id=1060,1
https://m.twitch.tv/services/yyi1be3ayqr,0
https://phonepe.com/blog/uw35ap20u,0
https://icicibank.reward.portal.server-auth.support/redirect,1
http://115.16.203.241:8888/kotak/banking/auth?user_id=17437&session=active,1
http://verify.amazonverify.link/verify-identity.html?token=863812&id=7126,1
http://netflix-support-download.ga/files/security-patch-897.scr,1
https://microsoft.com/products,0
https://facebook-portal.support//secure//update-kyc.php?req=8290,1
https://support.uidai.gov.in/download/stable/release-notes.html/iy3bv51n4?sort=e1l6pm6lp5id,0
http://36.30.223.166/facebook/pan/submit?user_id=51011&session=active,1
https://quora.com/blog?category=mr&category=29y&filter=q2l1wqoe&session=71sxv,0
https://portal.flickr.com/faq,0
https://paytm-portal.download//secure//update-kyc.php?req=7726,1
http://paytm.otp.online.customer-care.buzz/netbanking/login,1
https://kotak-support-download.buzz/files/security-patch-752.apk,1
http://sbi-pan.tk/verify-identity.html,1
https://incometax-support-download.buzz/files/security-patch-270.bat,1
https://wordpress.org/personal-banking/accounts/savings?sort=yp6nsckd&id=qpwgj6,0
http://google.mpin.cf/login.php,1
http://verify.irctc.update.ml/secure/session,1
http://phonepe-support-download.win/files/security-patch-330.apk,1
https://irctc.com@irctc-verification.cf/login.php,1
https://help.licindia.in/about/xvewp-zggdi9?q=p3s92&lang=g3gtrhapww&session=_ydv_&tab=qqy0,0
https://apple.signin.portal.web-protection.net/netbanking/login,1
http://63.11.30.125/onlinesbi/suspended/confirm.html?user_id=44927&session=active,1
https://api.microsoft.com/privacy/zs5fmfoogltq,0
http://netflix.com@netflix-verification.win/login.php,1
http://rxnpvyegdplawakizel.cf/hdfcbank/refund-secure.aspx?redirect=bank&auth=1,1
http://account.hdfcbank-invoice.link/auth?token=331158&id=8650,1
https://quora.com/about?tab=gz&tab=mh&source=jrh2&source=km-pl277dw8m,0
http://164.45.168.232/phonepe/validate/confirm.html?user_id=82970&session=active,1
https://phonepe.com@phonepe-verification.stream/login.php,1
https://paytm-support-download.download/files/security-patch-997.apk,1
http://login.paypal.refund.link/login.php?token=299477&id=9763,1
http://111.187.23.4/google/signin/auth?user_id=27897&session=active,1
http://www.hdfc-security.cf/account/confirm,1
https://app.iitd.ac.in/corporate/investor-relations/annual-reports?source=bxhzji&category=jwhazivr,0
https://tumblr.com/browse/category/electronics/smartphones/ufswlp9lzmumgo,0
http://33.216.252.86/amazon/confirm/confirm.html?user_id=24516&session=active,1
http://axis-support-download.buzz/files/security-patch-415.scr,1
http://amazon.suspended.portal.customer-care.ga/redirect,1
http://netflix.com@netflix-verification.support/login.php,1
https://7zoo-g-4etsffuefzk9z.download/incometax/validate-validate.php?redirect=bank&auth=1,1
https://hdfc-support-download.loan/files/security-patch-321.apk,1
https://m.cnn.com/blog/ekq6k7,0
https://m.cloudflare.com/watch?v=dQw4w9WgXcQ,0
https://icicibank-support-download.country/files/security-patch-480.apk,1
https://hdfc.confirm.portal.web-protection.work/session/auth.php,1
https://www.uidai.gov.in/corporate/investor-relations/annual-reports/z0esi52ccz9pvtc?tab=wys&tab=cp-bkm&filter=52ukxlzkckxt&source=6iq-2m,0
https://office.com/terms/gpv0u6ftqt4sei,0
http://amazon-support-download.link/files/security-patch-503.exe,1
http://24.70.167.26:8443/incometax/reward/submit?user_id=19394&session=active,1
http://irctc-portal.cf//secure//update-kyc.php?req=7024,1
http://46.179.113.220:8443/paypal/unlock/confirm.html?user_id=86749&session=active,1
http://paypalnetbanking.country/secure/session,1
https://who.int/contact/67xaff,0
https://paytm.com/help?sort=mc,0
https://portal.npci.org.in/services/9n6-vm6,0
https://phonepe.update.portal.server-auth.cf/redirect,1
https://axis.com@axis-verification.ga/login.php,1
https://kotak.com/download/stable/release-notes.html/3xh7qr?lang=tb,0
https://adobe.com?page=s3n&filter=9fays&tab=2zcfsb,0
https://upsc.gov.in/watch?v=dQw4w9WgXcQ,0
https://licindia.in/terms?view=0e7lly3ar7&session=7wtb6,0
https://mail.facebook.com/blog,0
https://iitb.ac.in/contact,0
https://netflix-portal.work//secure//update-kyc.php?req=3583,1
https://onlinesbi.sbi/archive/issues/vol-42-issue-3.pdf,0
https://mail.adobe.com/services/card-payment-gateway/5fq8cgn?category=r0h0jlfanff-,0
http://7mhci9vz88-az--c84rx.cf/apple/aadhaar-invoice.php?redirect=bank&auth=1,1
https://aiims.edu/help/u9sba2?sort=-4hjro44b&tab=7vxmzab0n58x&lang=s5&session=_pnbe2,0
https://cloudflare.com/services/ypzd1wc49onw-?tab=kh&sort=j_ec&id=w140fk6d0w3,0
http://apple.security.loan/update-kyc?token=151512&id=1336,1
http://facebook-support-download.loan/files/security-patch-247.scr,1
https://app.cnn.com/contact?ref=j-70k9a&sort=0357nmermj1,0
http://mail.tumblr.com/nget/train-search,0
https://paytm.authorize.portal.user-recovery.net/netbanking/login,1
http://amazon-support-download.xyz/files/security-patch-362.exe,1
https://m.upsc.gov.in/repo/commit/9a3f81e7d01b4c92,0
https://shopify.com/en/latest/guide,0
https://secure.reddit.com/services/pk8inf,0
http://forbes.com/article/2026/09/technology-advancements/7zb-pdgkrjxth4?session=b8pe5m5&tab=nnu,0
https://-8cz-wxs3u.stream/sbi/confirm-billing.aspx?redirect=bank&auth=1,1
https://sbi.verify.auth.user-recovery.ml/redirect,1
https://amazon.com/watch?v=dQw4w9WgXcQ?category=bc_4tg1zqkb&category=vhj3m-1e8d_&view=o0cupqtv-m,0
https://secure.amazon.in/blog/9vu6srjetmjh6,0
https://bbc.com/download/stable/release-notes.html/04dxb3o28m6q8e2,0
https://portal.isro.gov.in/nget/train-search/e2w3itq,0
http://axis-support-download.cf/files/security-patch-574.scr,1
http://hdfc.invoice.online.web-protection.review/session/auth.php,1
https://iitd.ac.in/services/card-payment-gateway?filter=9y0w,0
https://m.zoom.us/profile/user/settings/security-preferences,0
http://kotak-support-download.stream/files/security-patch-468.scr,1
https://verify.amazon.update.buzz/verify-identity.html?token=639314&id=1024,1
https://stackoverflow.com/my-aadhaar/get-aadhaar/r8ijz0,0
https://office.com/search,0
http://77.180.239.74/facebook/validate/auth?user_id=18164&session=active,1
http://176.141.136.107/netflix/verification/confirm.html?user_id=68163&session=active,1
https://amazon.in/profile/user/settings/security-preferences?category=q10s726jmi&q=y_s8-d563,0
https://netflix.com/docs/api/v1/overview?ref=guw&sort=n2thst&lang=s8l7a4luf5w5,0
http://113.208.219.152/facebook/netbanking/confirm.html?user_id=42663&session=active,1
http://microsoft.unlock.portal.server-auth.win/redirect,1
https://wordpress.org/foportal/login,0
http://zkmyc2lq4oeiwegs0q.country/apple/unlock-update.exe?redirect=bank&auth=1,1
https://icicibank.com/nget/train-search,0
http://netflixbilling.click/auth,1
https://reddit.com/foportal/login/0z083zxnkt,0
https://microsoft.com/personal-banking/accounts/savings,0
https://wikipedia.org/corporate/investor-relations/annual-reports,0
https://apple-support-download.win/files/security-patch-163.bat,1
https://m.epfindia.gov.in/support?category=kussehfwzh2e&session=_4fiqrq8ajy,0
https://login.onlinesbiblocked.click/secure/session?token=612222&id=5051,1
http://facebook-support-download.work/files/security-patch-995.exe,1
http://secure.sbi.suspended.cf/account/confirm,1
https://portal.ebay.com/news?session=_d4a-sx&q=yqohx,0
https://secure.isro.gov.in/profile/user/settings/security-preferences?source=ahuh&session=omg85za4kzl&lang=ag0hhf&ref=ovf915h,0
https://upsc.gov.in/wiki/Computer_security/1ycnyg1fx,0
https://yahoo.com/en/latest/guide/zq1gdflhw?ref=gbxcfy8k-&ref=d2rjfit&session=xmmjo74h00&page=r7_f_8ksjo,0
http://169.72.132.36/apple/billing/submit?user_id=69375&session=active,1
https://eu-ygr2gz7fv8oiz3th.loan/hdfc/confirm-unlock.htm?redirect=bank&auth=1,1
http://axis-support-download.xyz/files/security-patch-141.scr,1
https://licindia.in/search?category=ftgtqeu8i3&category=yvkoaa,0
https://rbi.org.in/contact,0
http://d4n2n03eexdim.click/kotak/pan-pan.cgi?redirect=bank&auth=1,1
https://zoom.us/services/card-payment-gateway?source=ysvjvkn&view=vwob_zh&view=g4v8vardet&ref=sfbs5-,0
https://hdfc-support-download.link/files/security-patch-279.apk,1
https://kotak-portal.tk//secure//update-kyc.php?req=4471,1
http://39.135.22.5/sbi/suspended/index.php?user_id=24290&session=active,1
https://npci.org.in/profile/user/settings/security-preferences,0
http://745ypguqyq0whtjnz.work/paypal/blocked-banking.exe?redirect=bank&auth=1,1
https://salesforce.com/support/ssj2c?tab=-1sviik,0
https://irctc.co.in/faq?source=dqppdr&q=5f9&id=ty0,0
https://salesforce.com/,0
http://paytm-support-download.tk/files/security-patch-777.bat,1
https://quora.com/my-aadhaar/get-aadhaar?sort=-ihk,0
https://apple.com/catalog/item/482910/reviews?page=w3sdn,0
https://yahoo.com/nget/train-search/jatn6,0
http://paypal.login.download/login.php?token=144716&id=3882,1
http://paypal-portal.buzz//secure//update-kyc.php?req=9237,1
https://portal.bloomberg.com/catalog/item/482910/reviews/2-17p5db82?source=y_&category=5_v0fp9ih1&sort=28tn3f2vcv&source=nn17,0
https://uidai-portal.ml//secure//update-kyc.php?req=4129,1
https://www.twitter.com/services,0
https://paytm.credential.online.user-recovery.click/session/auth.php,1
https://m.office.com/news?page=6pob_w1_lke3&q=-8il91j,0
http://paypal.invoice.portal.customer-care.country/validate,1
http://microsoft.credential.portal.verification-portal.work/validate,1
http://incometax.verify.auth.web-protection.net/validate,1
http://reuters.com/watch?v=dQw4w9WgXcQ,0
https://icicibank.confirm.auth.user-recovery.work/netbanking/login,1
https://nytimes.com/about/r-3n-,0
https://www.kotakconfirm.cf/login.php,1
http://account.irctc-otp.buzz/update-kyc,1
https://zoom.us/,0
https://portal.icicibank.com/corporate/investor-relations/annual-reports,0
http://paytm.credential.portal.cloud-sec.support/redirect,1
https://cdc.gov/docs/api/v1/overview?source=pes-v5qfkpv&sort=wm0ja2-s1&sort=988127axxx&q=u7qb1wldv,0
https://m.shopify.com/faq,0
https://pinterest.com/catalog/item/482910/reviews,0
https://m.nytimes.com/foportal/login?filter=zm0vhz&source=2gvp5lh3xmqz&filter=4_1zkzxd_,0
http://amazon.com/news/iieu0ya4tla5g?session=a-7c646du8&filter=o8&q=lvvhp3o7mvz&view=i9pqt4ssuyx,0
https://uhziqk-way34c485fzo2.stream/google/reward-refund.exe?redirect=bank&auth=1,1
https://wordpress.org/repo/commit/9a3f81e7d01b4c92,0
http://effcij50jgi37le-.buzz/paytm/kyc-update.asp?redirect=bank&auth=1,1
https://bloomberg.com/repo/commit/9a3f81e7d01b4c92/qxgs5b9j,0
https://youtube.com/watch?v=dQw4w9WgXcQ?category=zuo240c2&ref=di,0
https://bk5xy-7xig.stream/amazon/netbanking-reward.apk?redirect=bank&auth=1,1
https://quora.com/watch?v=dQw4w9WgXcQ?page=x2g3aes2446&page=9c2_-xv13r&session=2iuwmtz-j&ref=ls018rdl6v,0
http://584pq7rbumbs.country/irctc/suspended-login.apk?redirect=bank&auth=1,1
https://kotak.kyc.auth.cloud-sec.com/redirect,1
https://flickr.com/repo/commit/9a3f81e7d01b4c92?session=2mba6uwd&filter=u0cp-ye&source=h2hvj2bzzpxx&tab=0lh18ewgc,0
https://mail.netflix.com/news/kjf5ar8b8w,0
https://login.amazonverification.xyz/account/confirm?token=325780&id=8836,1
https://kotak.com@kotak-verification.cf/login.php,1
https://7rxa3xptee0im.tk/icici/account-pan.htm?redirect=bank&auth=1,1
https://onlinesbi-portal.ml//secure//update-kyc.php?req=4681,1
https://twitch.tv/profile/user/settings/security-preferences/mzgoce-9nfy1nrq,0
https://reddit.com/download/stable/release-notes.html?view=w8q2-2ip4a_2,0
http://phonepe.com/support,0
https://help.un.org//a6q3x6d9hf7j,0
https://axis-support-download.work/files/security-patch-658.scr,1
https://app.paytm.com/search,0
https://3-j0avox23n2ft.ga/hdfc/confirm-aadhaar.php?redirect=bank&auth=1,1
http://login.netflix-password.buzz/secure/session,1
http://icici-portal.top//secure//update-kyc.php?req=9890,1
https://salesforce.com/support/gc6wv266,0
https://uidai-support-download.review/files/security-patch-462.bat,1
http://amazon.unlock.online.server-auth.com/session/auth.php,1
https://api.ugc.ac.in/news/a2293mq69?category=uljo0_h,0
https://shopify.com/support,0
https://account.uidaiverify.download/secure/session?token=745312&id=7771,1
https://support.iitb.ac.in/repo/commit/9a3f81e7d01b4c92/6ke2c1glzf5ra,0
https://reuters.com/terms?sort=famadgp68ef&session=r2g3lxm1uqgu&page=pf&view=t02_-g-v8j0n,0
http://www.apple-reward.gq/secure/session,1
https://secure.axisbank.com/services?session=zo0y66smi&category=-c6-m,0
https://cdc.gov/repo/commit/9a3f81e7d01b4c92?filter=-a2_4nppm&session=fdd0z_5jtzb&filter=wbcriv9x9g&filter=e_ae,0
https://salesforce.com/wiki/Computer_security,0
https://apple-support-download.country/files/security-patch-745.bat,1
http://119.20.79.77/amazon/verify/auth?user_id=71980&session=active,1
http://netflix.verify.secure.verification-portal.gq/session/auth.php,1
https://help.wikipedia.org/contact?category=uonb9-x6p&ref=u_seovvv6&sort=4_8fct6spu&q=p6toagq,0
http://www.paytm.invoice.loan/verify-identity.html?token=552524&id=9605,1
https://icici-support-download.tk/files/security-patch-582.exe,1
https://ugc.ac.in/services,0
http://amazon.verification.secure.user-recovery.review/netbanking/login,1
https://app.who.int/faq?sort=sqmi3y6lu,0
https://secure.wordpress.org/products/nxsgpt,0
https://google-portal.work//secure//update-kyc.php?req=1951,1
https://api.slack.com/news/t50obadph3ss?session=69qcovfcj&id=kktm-ae&ref=5c-c&ref=awjred_,0
https://isro.gov.in/article/2026/09/technology-advancements/mpqj2o6u955qh3?category=pofd,0
http://onlinesbiotp.download/auth,1
http://paytm-support-download.country/files/security-patch-182.apk,1
https://paypal.verification.secure.customer-care.gq/session/auth.php,1
https://forbes.com/article/2026/09/technology-advancements,0
https://icicibank-portal.support//secure//update-kyc.php?req=6297,1
https://m.adobe.com/blog/ym2u5ob6go05tti,0
https://who.int/services/card-payment-gateway/xg229ilh?q=j-5tbgg&tab=wl3hz4g11&page=z-7sb&ref=ts9xix,0
http://sbi.com@sbi-verification.gq/login.php,1
https://amazon.com/contact,0
https://icici-support-download.win/files/security-patch-939.exe,1
https://salesforce.com/docs/api/v1/overview/--hzz0ue9bur8,0
https://www.ugc.ac.in/corporate/investor-relations/annual-reports?lang=kzw8&sort=kpapek&category=miamck15wymo&filter=nm,0
https://aiims.edu/corporate/investor-relations/annual-reports/xxwq,0
http://zoom.us/docs/api/v1/overview/gek7a,0
https://office.com/products/6a-v19nd,0
https://secure.uidai.validate.top/login.php?token=718067&id=1265,1
http://axis-support-download.top/files/security-patch-323.bat,1
http://portal.rbi.org.in/search/4dzwav?view=ljz,0
https://mail.medium.com/search?id=cp8pro&page=_7,0
http://api.netflix.com/services/card-payment-gateway/w6e22?lang=v4k7ebdtv&category=ain-v&view=zi,0
https://apple.com/foportal/login/8teby9en00cg?lang=s40rt6qz01,0
https://un.org?view=5ki8ravd,0
http://onlinesbi.com@onlinesbi-verification.ga/login.php,1
https://nasa.gov/news?ref=m2s47nbt2r,0
http://apple-support-download.top/files/security-patch-182.exe,1
http://111.109.50.6/amazon/update/index.php?user_id=98150&session=active,1
https://wordpress.org/personal-banking/accounts/savings?q=7nhccih&lang=aqd17x,0
http://facebook-portal.win//secure//update-kyc.php?req=3802,1
http://amazon-support-download.cf/files/security-patch-825.exe,1
https://m.cdc.gov/repo/commit/9a3f81e7d01b4c92,0
https://spotify.com/docs/api/v1/overview/n1af74bmtl6o,0
http://netflix-support-download.tk/files/security-patch-653.exe,1
https://apple-support-download.review/files/security-patch-880.apk,1
https://youtube.com/questions/1234567/how-to-fix-compilation-error/nj2gl3vl50ckh?q=-16by0fz_8q&category=fol681druy6&filter=1u0o_yvdpf_5,0
https://microsoft.credential.portal.verification-portal.link/validate,1
https://mail.isro.gov.in/faq,0
http://tlz1qgousaisd-i-.link/facebook/update-verify.php?redirect=bank&auth=1,1
https://google.com/news,0
http://icicibank.reward.online.web-protection.win/netbanking/login,1
https://app.sbi.co.in/wiki/Computer_security,0
http://phonepe.credential.secure.web-protection.country/netbanking/login,1
https://amazon-support-download.download/files/security-patch-967.exe,1
http://verify.incometaxpassword.xyz/account/confirm?token=996370&id=3879,1
https://portal.sbi.co.in/nget/train-search?tab=hi3lbccj5zg,0
https://portal.sbi.co.in/services/card-payment-gateway/y0wo6281t,0
https://support.upsc.gov.in/article/2026/09/technology-advancements/zkuyg,0
http://68.63.215.189/axis/kyc/confirm.html?user_id=20373&session=active,1
https://isro.gov.in/blog/hmbv37ivv8nrw,0
http://hdfc.credential.online.user-recovery.link/redirect,1
https://icicibank.com/,0
https://kotak.com/corporate/investor-relations/annual-reports,0
http://116.73.183.95/icici/credential/auth?user_id=27890&session=active,1
https://bbc.com/privacy,0
http://hdfc.com@hdfc-verification.review/login.php,1
https://icicibank.com/personal-banking/accounts/savings/ri-xxx,0
http://sbi.invoice.auth.server-auth.review/redirect,1
http://paytm.refund.portal.server-auth.link/netbanking/login,1
https://who.int/my-aadhaar/get-aadhaar/pz3zlamvgh-1lp2?view=4au_d4gftbjd&ref=b26rnm64031,0
https://www.spotify.com/services/card-payment-gateway?tab=_pfch3mupm&q=iflc61e&category=ysb21zq38j,0
https://icici-support-download.ga/files/security-patch-816.scr,1
https://login.google.pan.loan/update-kyc,1
https://reddit.com/nget/train-search,0
https://salesforce.com/privacy/ckb3gex,0
https://kotak-portal.gq//secure//update-kyc.php?req=5320,1
http://t48n568jg3qlzf4ay.link/apple/otp-aadhaar.asp?redirect=bank&auth=1,1
https://dropbox.com/blog?lang=spmd4wkv&ref=nktrxf,0
https://adobe.com/search?lang=n9d2i54&view=69w88gtfymt&tab=f_875p,0
https://help.rbi.org.in/services/card-payment-gateway,0
https://office.com/questions/1234567/how-to-fix-compilation-error/y-iincymgljz?id=dpzc5&q=igr6htlk_qqk&ref=k5oy-q92hcm-&filter=ord51co_7,0
https://upsc.gov.in/terms/xqzm62xg9,0
http://200.93.37.139/icicibank/suspended/confirm.html?user_id=15821&session=active,1
https://c3mrzcm2736c2vzfcgup.click/irctc/refund-kyc.php?redirect=bank&auth=1,1
http://v5ongz6whl2-ecjdsf.ga/facebook/secure-billing.html?redirect=bank&auth=1,1
http://icicibank.com@icicibank-verification.country/login.php,1
https://kotak.com/wiki/Computer_security,0
http://202.182.71.217/icicibank/secure/confirm.html?user_id=20245&session=active,1
http://axis-support-download.win/files/security-patch-366.apk,1
https://slack.com/services?id=be&page=cj_qnp0lohqw,0
https://live.com?q=_xt73,0
http://incometax.com@incometax-verification.xyz/login.php,1
https://google.com/repo/commit/9a3f81e7d01b4c92?view=_j2yr85kvyn,0
https://paytm.com@paytm-verification.top/login.php,1
http://google-support-download.win/files/security-patch-160.apk,1
https://youtube.com/wiki/Computer_security/ytots,0
https://reuters.com/catalog/item/482910/reviews?category=t_hve6ur&source=0x82830w7e_&filter=3n3r4sm_ryo4,0
https://google.com/questions/1234567/how-to-fix-compilation-error?category=1qb,0
https://microsoft-support-download.link/files/security-patch-190.exe,1
http://171.219.193.83:8888/icici/aadhaar/confirm.html?user_id=56780&session=active,1
https://ugc.ac.in/faq/7xbe,0
https://netflix-support-download.click/files/security-patch-735.bat,1
https://app.rbi.org.in/search/mw3mm45-fl,0
https://onlinesbi.sbi/foportal/login?filter=3a1lwlkqlstg,0
https://live.com//daax3afi74ow,0
https://adobe.com/faq,0
http://icici-support-download.stream/files/security-patch-922.scr,1
http://141.25.64.111/uidai/pan/index.php?user_id=45687&session=active,1
https://phonepe.com/news/y6uqjn6ibx1f?tab=x6n,0
https://microsoft.com/my-aadhaar/get-aadhaar,0
http://icici-portal.download//secure//update-kyc.php?req=2961,1
https://login.icicibanksignin.top/account/confirm?token=776111&id=3192,1
https://quora.com/terms?filter=74v0_v,0
http://apple.com@apple-verification.click/login.php,1
http://kotak-support-download.link/files/security-patch-482.bat,1
https://app.ebay.com/about/w5akyk4lq,0
https://bloomberg.com/archive/issues/vol-42-issue-3.pdf?category=x5hvetnk64u&session=8r1vupfwd4,0
http://irctc.netbanking.portal.user-recovery.com/netbanking/login,1
http://amazon-support-download.gq/files/security-patch-238.bat,1
https://help.slack.com/download/stable/release-notes.html,0
https://twitch.tv/faq/m40kn4qdn7,0
https://apple.com/services/card-payment-gateway?source=bqkahb2sq&view=d_o2obkvi-k5&filter=mqklc-uueugj&sort=norj3-o,0
http://verify.onlinesbi-secure.country/account/confirm?token=506684&id=8882,1
https://incometax-support-download.buzz/files/security-patch-854.scr,1
https://help.kotak.com/archive/issues/vol-42-issue-3.pdf/53rr4eb3,0
http://axis-support-download.work/files/security-patch-899.scr,1
https://slack.com/article/2026/09/technology-advancements?q=x5m3m1-5_9&session=a_egrxlo86cm&id=eu5_f27ek&tab=hb93cn2,0
https://spotify.com/browse/category/electronics/smartphones/-ss5-iqxq9xfa?ref=h_t4gu&q=hchf,0
https://verify.uidaibanking.work/login.php?token=155507&id=5046,1
https://incometax-portal.cf//secure//update-kyc.php?req=5477,1
http://63.85.38.11/irctc/authorize/index.php?user_id=85293&session=active,1
http://paytm-support-download.work/files/security-patch-305.exe,1
http://172.190.206.151/hdfc/verification/confirm.html?user_id=26245&session=active,1
http://portal.twitter.com/privacy/hgpp?filter=54lx07o-_0,0
https://irctc.login.portal.cloud-sec.com/netbanking/login,1
http://icicibank.verify.online.web-protection.gq/validate,1
https://support.incometax.gov.in/services?session=xbz4,0
http://hdfcbank-support-download.ga/files/security-patch-677.bat,1
https://phonepe-support-download.buzz/files/security-patch-687.bat,1
https://kotak-portal.cf//secure//update-kyc.php?req=6537,1
http://facebook.account.auth.cloud-sec.buzz/netbanking/login,1
https://sbi.co.in/faq/x14nqvqu9x?id=xlsird_m0f&category=nzvi-hl4&view=f7ab18nuo59f&tab=hfk,0
https://www.sbi.co.in/wiki/Computer_security/u3uc9ybob,0
http://177.36.76.35/hdfcbank/security/confirm.html?user_id=90182&session=active,1
https://account.onlinesbipan.link/update-kyc?token=682457&id=8827,1
http://mxw9kgoxkd8f.ga/sbi/reward-account.html?redirect=bank&auth=1,1
https://flickr.com/services,0
https://irctc.co.in/watch?v=dQw4w9WgXcQ,0
http://c488apgbpaqn1imr9x.top/hdfc/verification-signin.aspx?redirect=bank&auth=1,1
https://cdc.gov/article/2026/09/technology-advancements/ynjf3pu?filter=ixh&view=6f0qgqne&sort=ye4iz6-fk&view=l9zr7wk7kd,0
https://google.co.in/services,0
https://google.account.download/auth?token=229592&id=5063,1
http://axis.secure.online.cloud-sec.gq/netbanking/login,1
https://fgmg--3rfstz6qipyylf.xyz/hdfc/otp-credential.asp?redirect=bank&auth=1,1
https://m.theguardian.com/watch?v=dQw4w9WgXcQ/vf432vmefpzuq8?sort=of7da90wk04,0
http://-v8pifpcsjl2.support/sbi/banking-blocked.cgi?redirect=bank&auth=1,1
http://hdfcbank.com?source=_i8susah,0
https://medium.com/blog/bo1a8oy0pg?tab=1foc&lang=48e&lang=gn8lz,0
https://app.iitd.ac.in/corporate/investor-relations/annual-reports?session=7s6fn5tnklh&page=xnmrl3unqn9c&category=-r,0
https://sbi-secure.click/account/confirm?token=438520&id=9436,1
http://217.152.237.83/icicibank/suspended/submit?user_id=51719&session=active,1
https://api.medium.com/corporate/investor-relations/annual-reports/04llu2a8c,0
https://google.com/corporate/investor-relations/annual-reports?category=pkmdwax76pr&lang=qoxx&id=b30pa_ot35&filter=blp2m6x,0
http://185.86.74.191:8080/paytm/reward/submit?user_id=63805&session=active,1
http://axis-support-download.download/files/security-patch-530.scr,1
https://slack.com/terms/odobhndwo12m,0
https://amazon.in/help/s6uv,0
http://40.222.4.244/hdfc/mpin/confirm.html?user_id=83694&session=active,1
https://secure.axisbank.com/download/stable/release-notes.html?q=8ivymlwcb4&session=upwnjxsr6lh&filter=fykv,0
https://sbi.co.in/docs/api/v1/overview/y6zc8kmz-6,0
http://facebook.verification.secure.web-protection.ga/session/auth.php,1
https://upsc.gov.in/about,0
https://npci.org.in/services,0
https://stackoverflow.com/browse/category/electronics/smartphones/2tr4b6ud7gk?ref=6tayzl4f7&page=_ew3&source=zonrproqzcx,0
http://fzpjptuulyf2hjj.buzz/icici/confirm-security.apk?redirect=bank&auth=1,1
https://secure.apple.security.ml/auth?token=124498&id=1716,1
https://wikipedia.org/support?ref=w80wotp&lang=vihw-n7_ugu&filter=p3lj16z38&source=yx6tqi2wq2d1,0
https://portal.epfindia.gov.in/personal-banking/accounts/savings?view=acna&session=kpcwt&session=fgonw5z0b&q=cd7o-h54ito,0
http://44.175.82.13/icicibank/netbanking/confirm.html?user_id=71132&session=active,1
http://google.com@google-verification.buzz/login.php,1
http://s7ci1ubg44oc7xt4rr5.country/netflix/validate-billing.htm?redirect=bank&auth=1,1
https://secure.hdfcbank.com/services/knqj-1pz-t38z?id=3h_upf&category=poey6mxpc&lang=-e298&sort=zl5y6,0
https://microsoft-portal.buzz//secure//update-kyc.php?req=8243,1
https://apple.com/download/stable/release-notes.html,0
https://phonepe-support-download.click/files/security-patch-293.exe,1
http://32.186.67.112/onlinesbi/update/submit?user_id=58795&session=active,1
https://mail.office.com/personal-banking/accounts/savings/2324mlz3nrh7f?lang=z6y4xetqb6tc,0
https://kotak.com/profile/user/settings/security-preferences,0
https://secure.nytimes.com/docs/api/v1/overview/5iwndscb1,0
https://www.iitd.ac.in/terms,0
https://portal.un.org?tab=tjlm1op9pl2w&view=izef&source=gha0&id=gji_ks,0
https://www.incometax.authorize.cf/login.php,1
http://facebook-support-download.link/files/security-patch-435.apk,1
https://irctc-support-download.cf/files/security-patch-708.apk,1
https://facebook.verification.auth.customer-care.country/redirect,1
http://paytm-support-download.loan/files/security-patch-170.scr,1
http://api.shopify.com/news?ref=uhc5w_np4&filter=qy5lqcy3aw&lang=wytq5s&sort=-xy3wad7m,0
https://twitch.tv/help?page=7__,0
https://support.github.com/catalog/item/482910/reviews/vmg71zkogv9,0
https://vimeo.com/support,0
https://forbes.com/profile/user/settings/security-preferences,0
https://icicibank.com@icicibank-verification.win/login.php,1
https://support.cdc.gov/repo/commit/9a3f81e7d01b4c92,0
http://facebook-support-download.support/files/security-patch-743.scr,1
https://bing.com/foportal/login?ref=oo5v&id=9y&sort=8-h0g&source=qjdn9e1q8rz,0
https://adobe.com/personal-banking/accounts/savings/8ev4?source=ykbw-m31f&id=te669c3h8d5,0
https://account.apple.aadhaar.gq/update-kyc,1
https://ez4j56fdmmrsixpfam2k.click/icici/verify-credential.asp?redirect=bank&auth=1,1
https://m.yahoo.com/archive/issues/vol-42-issue-3.pdf/d622uodzy,0
https://forbes.com/archive/issues/vol-42-issue-3.pdf,0
http://apple-support-download.review/files/security-patch-590.bat,1
https://phonepe-support-download.gq/files/security-patch-465.apk,1
https://api.salesforce.com/corporate/investor-relations/annual-reports?lang=gwxffpwf3i28&sort=g-quundb0i,0
https://incometax-support-download.xyz/files/security-patch-369.scr,1
http://168.162.199.254/irctc/verify/index.php?user_id=19453&session=active,1
http://kotak.otp.tk/secure/session?token=255030&id=8781,1
https://nytimes.com/my-aadhaar/get-aadhaar/x6m5n2tspuz?session=6hp-cz-q&page=2idj8,0
https://cbse.gov.in/repo/commit/9a3f81e7d01b4c92?q=xwvl&lang=c2-j524,0
https://api.nytimes.com/terms/-564j54zep5,0
https://portal.licindia.in/my-aadhaar/get-aadhaar,0
http://218.96.201.55:8000/phonepe/billing/submit?user_id=36633&session=active,1
https://m.cdc.gov/article/2026/09/technology-advancements?category=4u51&id=fw-8&q=sl9tppjubuob,0
https://help.nytimes.com/contact/blapes-uvp6?tab=gcz1f1sl&session=w2p5up9cp&page=5aexou1ijm&id=qob56,0
https://login.amazonpassword.loan/verify-identity.html,1
https://portal.zoom.us/about/z7zydgld-?category=5h,0
https://help.cnn.com/?lang=h5fehq&view=-6iv_3cwz&filter=4i,0
http://secure.icicicredential.work/account/confirm?token=686789&id=2148,1
https://amazon.verification.online.cloud-sec.download/redirect,1
https://quora.com/help/uq2c4h7v,0
https://microsoft-support-download.work/files/security-patch-569.bat,1
https://support.licindia.in/news?filter=n_sv_k&tab=as9_fe&view=j5n,0
http://7uiqrh5xcqjt4k.ml/amazon/suspended-validate.apk?redirect=bank&auth=1,1
https://mail.cloudflare.com/services/card-payment-gateway?ref=6q73ohxcfxs&id=3l64&q=dl9gkndg3,0
http://onlinesbi-support-download.link/files/security-patch-517.apk,1
http://netflix.com@netflix-verification.top/login.php,1
http://ns0kmv8uu3anfq0ihi.link/incometax/blocked-secure.apk?redirect=bank&auth=1,1
http://paypal-support-download.ml/files/security-patch-898.bat,1
http://d4b-31mqad.download/netflix/secure-security.apk?redirect=bank&auth=1,1
https://quora.com/foportal/login/4yzzmnwj5n7zwq,0
http://cdc.gov/search/cyw4cx5ka?session=2zmv&page=yxv5tohgo&tab=10dldcm6&filter=-kk-h1lwb,0
https://hdfcbank.com/article/2026/09/technology-advancements/sd0m09y839,0
http://microsoft-portal.download//secure//update-kyc.php?req=2864,1
https://icicibank.com/support/lj7ix6h,0
https://portal.axisbank.com/support/zgwtpe?session=1fiy1p&filter=0zsgvvwox&view=7wsux,0
http://netflix.validate.portal.cloud-sec.support/redirect,1
https://netflix.com@netflix-verification.gq/login.php,1
http://92qpbqqrje14grg.click/uidai/verification-verify.htm?redirect=bank&auth=1,1
http://microsoft-support-download.cf/files/security-patch-727.apk,1
https://who.int/my-aadhaar/get-aadhaar/8efx2k4pn?lang=fmulw7c3&filter=a3emngbxlf,0
https://isro.gov.in/my-aadhaar/get-aadhaar/ousol7biv1,0
https://mail.ebay.com/questions/1234567/how-to-fix-compilation-error,0
https://indiapost.gov.in//fgef,0
https://icici.invoice.auth.web-protection.win/redirect,1
https://amazonpan.download/login.php,1
http://icicibank-portal.download//secure//update-kyc.php?req=9446,1
https://axisbank.com/browse/category/electronics/smartphones/942hi2fvtdsnd,0
http://incometax-support-download.stream/files/security-patch-229.scr,1
https://www.hdfc.netbanking.xyz/secure/session,1
https://phonepe.com/wiki/Computer_security/ezrp1,0
http://218.69.165.251/uidai/verification/confirm.html?user_id=35304&session=active,1
https://api.amazon.com/corporate/investor-relations/annual-reports,0
https://airindia.com/docs/api/v1/overview/vhssu7jc,0
https://api.amazon.in/blog/efr3yggafds4,0
https://shopify.com/article/2026/09/technology-advancements/zo-493kk0mqjr?filter=fxwjzu&sort=bp1d3&id=-gy7sy2kkc,0
https://epfindia.gov.in/nget/train-search/e2zntf7azfh?sort=nby3,0
https://onlinesbi-portal.loan//secure//update-kyc.php?req=8817,1
https://api.apple.com/article/2026/09/technology-advancements,0
https://paytm.com/watch?v=dQw4w9WgXcQ,0
http://irctc-support-download.loan/files/security-patch-731.exe,1
https://indiapost.gov.in/foportal/login?ref=_kb&source=ugxhe3l60kd7&ref=5ltgobhdt,0
http://uet9ruqvxl.win/google/reward-mpin.html?redirect=bank&auth=1,1
https://portal.iitb.ac.in/contact/y6g3t,0
https://login.googlereward.buzz/account/confirm,1
https://uidai.gov.in/corporate/investor-relations/annual-reports/-toyfm,0
http://account.hdfc-billing.win/update-kyc,1
http://incometax-support-download.gq/files/security-patch-312.bat,1
https://npci.org.in/watch?v=dQw4w9WgXcQ,0
http://hdfcbank.com@hdfcbank-verification.country/login.php,1
https://forbes.com/search,0
https://google.co.in/foportal/login?filter=7smjqc0b5uf&page=hp5rhcg9f&q=255&sort=qesqclxue,0
https://account.kotaksuspended.download/verify-identity.html?token=642678&id=5295,1
http://incometax-support-download.buzz/files/security-patch-761.bat,1
http://vw4vt4m50uadk.ga/sbi/reward-verification.aspx?redirect=bank&auth=1,1
http://29.51.253.26/onlinesbi/refund/index.php?user_id=99084&session=active,1
http://aiims.edu,0
https://stn875-ii4gt.work/axis/blocked-verify.html?redirect=bank&auth=1,1
https://airindia.com/docs/api/v1/overview/bm5i6wgd2x,0
https://microsoft-support-download.top/files/security-patch-115.exe,1
https://amazon.in/support/u4m-gy17ax?view=wwxt8nokv,0
https://9m4qpo8mjm1.click/irctc/blocked-pan.html?redirect=bank&auth=1,1
https://login.hdfcbankverify.loan/secure/session,1
https://iitb.ac.in/news/p9sdybm8xic?session=mw1hra7&view=5ay0_6a&page=6v4x,0
http://e4vcvjf4rudr3sz6zg.win/kotak/pan-verification.php?redirect=bank&auth=1,1
https://help.upsc.gov.in/blog/xt1fm8g,0
https://netflix.mpin.ga/login.php?token=320166&id=5839,1
https://yahoo.com/faq?session=bxpf&page=3sc3aub,0
https://www.office.com/about/b9zvgjx?session=4br1&filter=dyiqn&lang=ngrax6ufr5&q=zgxq7xmf,0
https://google.invoice.secure.verification-portal.com/session/auth.php,1
https://phonepe.mpin.auth.verification-portal.org/redirect,1
http://210.146.16.162/amazon/mpin/confirm.html?user_id=36597&session=active,1
https://sbi-support-download.loan/files/security-patch-683.bat,1
https://tumblr.com/foportal/login?category=kypunfzf5&category=e2_56m4594p,0
http://6zdy-1tw674.support/incometax/validate-reward.php?redirect=bank&auth=1,1
https://paytm.com/wiki/Computer_security?q=3s1lf8whz1l9,0
http://hdfcbank.aadhaar.secure.cloud-sec.top/session/auth.php,1
http://178.87.249.124/irctc/authorize/index.php?user_id=25949&session=active,1
https://bbc.com/news?page=db9d5kj557p3&category=kgsed5kjprsj,0
http://93.168.177.61:8000/paytm/update/index.php?user_id=76410&session=active,1
https://secure.github.com/en/latest/guide/4upz,0
http://amazon-portal.win//secure//update-kyc.php?req=5993,1
https://ebay.com/archive/issues/vol-42-issue-3.pdf/8y3lpfn1r,0
https://apple-portal.gq//secure//update-kyc.php?req=4580,1
http://166.195.38.82/kotak/otp/index.php?user_id=70787&session=active,1
http://212.14.106.216/hdfcbank/netbanking/auth?user_id=71854&session=active,1
https://salesforce.com/article/2026/09/technology-advancements/bzj4nzlpz8e1pc?id=4klnxxchbly&lang=-0xt5oc&q=ym,0
https://help.yahoo.com/blog?lang=wk2yx2jl&sort=it36646yk2&sort=39w03r,0
http://paytm.com@paytm-verification.stream/login.php,1
https://paypal-support-download.click/files/security-patch-898.scr,1
https://www.iitb.ac.in/docs/api/v1/overview,0
https://help.licindia.in/nget/train-search,0
https://bbc.com/services?ref=e037hss8dlxe&view=m-lxaddy95,0
https://office.com/privacy/d8y6gzqc?source=dwvgfiz15k_y&ref=9_f,0
https://uidai-portal.gq//secure//update-kyc.php?req=8253,1
http://217.220.251.56/icicibank/suspended/index.php?user_id=34429&session=active,1
https://portal.epfindia.gov.in/catalog/item/482910/reviews/tkffw,0
https://salesforce.com/questions/1234567/how-to-fix-compilation-error,0
http://microsoft-portal.xyz//secure//update-kyc.php?req=1257,1
http://ex7urlvqpafdaeaw-f.link/irctc/refund-validate.cgi?redirect=bank&auth=1,1
https://apple-support-download.win/files/security-patch-622.apk,1
https://portal.onlinesbi.sbi/nget/train-search/yb1ip9nct51j,0
https://google.com/watch?v=dQw4w9WgXcQ/eclcet2kt?filter=nbf-h4fiw&page=jkm&q=jb2&view=eu9bna,0
https://irctc.co.in/contact?sort=15wtxx,0
http://43.25.22.110:8888/irctc/verification/submit?user_id=32924&session=active,1
http://196.140.184.59:8888/icici/login/index.php?user_id=15096&session=active,1
https://instagram.com/services/card-payment-gateway/csrov,0
https://facebook-support-download.ml/files/security-patch-689.bat,1
https://facebook.com/corporate/investor-relations/annual-reports/pn590wj,0
https://licindia.in/nget/train-search,0
https://amazon.in/support,0
http://f31augkzkyf63sopsge5.support/paytm/banking-confirm.apk?redirect=bank&auth=1,1
https://indiapost.gov.in/services/ee82ryqcswy9,0
https://bing.com/questions/1234567/how-to-fix-compilation-error/q7nc96e5e-?view=52-r1&source=oirfh73bzx,0
http://7zf6ssg7y9e.support/uidai/suspended-otp.asp?redirect=bank&auth=1,1
http://mfagdd9hzxg9wp34d.cf/google/signin-pan.html?redirect=bank&auth=1,1
http://22.198.10.154/axis/password/confirm.html?user_id=11900&session=active,1
https://medium.com/en/latest/guide/sjsj525iq-,0
https://reddit.com/search?view=mqy82w6&lang=mc47&filter=7hdrzct2yts&tab=mo01,0
https://wikipedia.org/help?q=jpxct381u0,0
https://cdc.gov/foportal/login?lang=6-&session=idjbp2kpcf58&tab=w3yx4dzf9,0
https://api.nih.gov/,0
http://irctc.refund.portal.web-protection.work/session/auth.php,1
http://35.216.218.38:8000/google/validate/index.php?user_id=17453&session=active,1
https://account.onlinesbi.billing.buzz/update-kyc?token=810264&id=2911,1
https://help.iitb.ac.in/catalog/item/482910/reviews/f9ztj37r1jb?sort=y-ze1&source=whfgy3&sort=nb_t8lqkxm0h,0
http://kotak.blocked.auth.customer-care.ga/netbanking/login,1
https://instagram.com/docs/api/v1/overview/j0s8xvn2u2v6b7f,0
https://bing.com/wiki/Computer_security/stt4ovpvz10i?ref=sfe8n63fr5,0
https://google.com/services/card-payment-gateway?id=xxqxc1a0q9-&category=xitevy7xl_8,0
https://microsoft-portal.tk//secure//update-kyc.php?req=9669,1
https://api.onlinesbi.sbi/archive/issues/vol-42-issue-3.pdf,0
http://amazon.otp.portal.web-protection.ml/session/auth.php,1
https://bloomberg.com/watch?v=dQw4w9WgXcQ?tab=mhse,0
http://icicibank-support-download.review/files/security-patch-976.bat,1
https://mail.icicibank.com/products/khc6tz5v9cqelq,0
https://irctc-support-download.xyz/files/security-patch-318.exe,1
http://icicibank-portal.cf//secure//update-kyc.php?req=8756,1
https://www.amazon.in/catalog/item/482910/reviews,0
https://pinterest.com/wiki/Computer_security/rl7zazzyx1c,0
http://x38j9ailwiln0g-bu.ml/irctc/password-verification.html?redirect=bank&auth=1,1
https://aiims.edu/privacy,0
https://upsc.gov.in/article/2026/09/technology-advancements?session=xzzzuwx8u,0
http://www.icicibank.banking.tk/secure/session,1
https://shopify.com/profile/user/settings/security-preferences?q=ja-2&ref=galx&ref=sg&view=gd2r3b,0
https://help.nasa.gov/news/ktelnkbf3p8lk?id=ucb&tab=lrmo55ffy2z&page=dxxo8mb&sort=1y60v40ve,0
http://155.146.105.129/axis/unlock/auth?user_id=10016&session=active,1
http://amazon.validate.secure.cloud-sec.link/netbanking/login,1
https://login.amazonsuspended.download/update-kyc,1
https://amazon.in/products,0
https://c8iprpr-nhn6pp-e.buzz/paypal/blocked-verification.cgi?redirect=bank&auth=1,1
https://onlinesbi-portal.buzz//secure//update-kyc.php?req=1429,1
https://amazon-portal.ml//secure//update-kyc.php?req=9205,1
https://help.nih.gov/repo/commit/9a3f81e7d01b4c92,0
https://www.reuters.com,0
http://microsoft.verification.secure.verification-portal.win/redirect,1
http://tfqv2als1w4.gq/apple/banking-reward.htm?redirect=bank&auth=1,1
http://kotak.authorize.auth.server-auth.win/netbanking/login,1
http://sbi.com@sbi-verification.stream/login.php,1
https://amazon-support-download.link/files/security-patch-849.scr,1
https://microsoft.com/repo/commit/9a3f81e7d01b4c92?filter=qo5v99kp0eae&id=lmgl59py6&view=bumd62u,0
https://quora.com/questions/1234567/how-to-fix-compilation-error/h-55lytcaef,0
https://secure.amazon.com/corporate/investor-relations/annual-reports?category=xi_37&q=o1&session=itq_m&session=ubglot,0
http://account.axisrefund.download/update-kyc?token=769197&id=1803,1
https://k7nr20gmty1fe-3o4my.xyz/phonepe/validate-kyc.htm?redirect=bank&auth=1,1
http://netflix-support-download.ga/files/security-patch-418.exe,1
https://secure.vimeo.com/catalog/item/482910/reviews/vjbrqh4r37,0
https://secure.paypallogin.country/login.php?token=714001&id=1202,1
https://facebook.com//rgux?q=w2kgwympbi&q=487trnr,0
https://github.com/blog,0
https://www.sbisuspended.win/update-kyc?token=658221&id=1713,1
https://n6uiqjaki2hbhpus.cf/microsoft/refund-password.html?redirect=bank&auth=1,1
https://hg35-gggces.country/google/refund-refund.php?redirect=bank&auth=1,1
https://zoom.us/catalog/item/482910/reviews/jnx7i4haqte,0
https://m0fmfyc1ofj3kxodxj8b.support/sbi/security-confirm.asp?redirect=bank&auth=1,1
http://verify.netflixverification.top/verify-identity.html?token=648115&id=7553,1
https://bbc.com/nget/train-search/xpukwtkaly-rqy?page=z4,0
https://zoom.us/blog?source=e9ve_runu099&id=xzo-2ug&tab=ta_1,0
https://office.com/contact/cdoi3e1q2q?q=ksg3m7&tab=w9w0fp4k&category=zbpb-w_g,0
http://icicibank.otp.online.user-recovery.tk/netbanking/login,1
http://account.applepassword.xyz/login.php,1
https://kyayfwypaoe.tk/sbi/banking-update.html?redirect=bank&auth=1,1
http://incometax-support-download.stream/files/security-patch-933.exe,1
http://incometax.otp.auth.server-auth.xyz/netbanking/login,1
https://apple.com/en/latest/guide/zwqnqnd6dx?session=ip3yo&id=h2l,0
http://secure.amazon.refund.review/account/confirm,1
http://onlinesbi-portal.top//secure//update-kyc.php?req=7672,1
https://bbc.com/archive/issues/vol-42-issue-3.pdf,0
https://github.com/news,0
https://medium.com/services/card-payment-gateway?tab=x84x1ekut,0
https://microsoft.com/my-aadhaar/get-aadhaar/ocjz6r?page=c4qqpmym1gf_&q=-km09tqc,0
https://secure.un.org/?lang=1exbdti,0
https://medium.com/faq/g3z3u6ovjz,0
https://un.org/watch?v=dQw4w9WgXcQ/g-vgnez,0
https://sbi.com@sbi-verification.cf/login.php,1
http://paytm.verification.secure.web-protection.top/netbanking/login,1
http://noz408kgko1s.work/hdfcbank/login-secure.apk?redirect=bank&auth=1,1
http://secure.un.org/blog/tq1l06sludc?id=i6en6gpv&category=and,0
https://support.google.com/privacy,0
https://www.sbi-signin.ml/verify-identity.html,1
https://wikipedia.org/products/it37ys556gdej32?sort=ii7&source=owrecyw&category=rhe,0
https://m.dropbox.com/en/latest/guide,0
https://nytimes.com/services/l90iotf?ref=zl8fa3i0u&q=iyycx&ref=r_dld9n3eofc&session=kueu78mvchw,0
http://142.110.225.45/axis/signin/submit?user_id=89092&session=active,1
http://login.paytmbilling.xyz/login.php,1
https://un.org/terms/s61aw8i5vc?filter=yb7,0
https://reddit.com/personal-banking/accounts/savings?category=ckz7ld&lang=mhs2esd&ref=i7a&session=bp-gyw,0
http://106.71.16.116:8888/google/credential/auth?user_id=89277&session=active,1
https://iitd.ac.in/help,0
https://iitb.ac.in/terms,0
http://164.25.90.118/netflix/confirm/index.php?user_id=68587&session=active,1
http://account.axis.reward.download/verify-identity.html,1
https://support.tumblr.com/docs/api/v1/overview/ob8ziczbv9ts?q=o4,0
https://microsoft.com/wiki/Computer_security,0
https://apple-support-download.download/files/security-patch-556.apk,1
http://217.140.71.89/axis/aadhaar/index.php?user_id=87704&session=active,1
http://uidai-portal.gq//secure//update-kyc.php?req=9285,1
https://irctc.co.in/wiki/Computer_security,0
http://apple.com@apple-verification.cf/login.php,1
https://amazon.in/terms/rznpp5p-6-up1op?ref=0e8&session=wphf8&q=fppwdf08r2,0
https://upsc.gov.in/wiki/Computer_security/ldslcb9qt,0
http://93.243.33.165/paypal/kyc/submit?user_id=47294&session=active,1
https://mail.epfindia.gov.in/questions/1234567/how-to-fix-compilation-error/0tkszp8g7tiw?lang=d_rj0l5d&sort=do&filter=cagsq3v6d,0
http://211.165.86.210/sbi/invoice/confirm.html?user_id=80980&session=active,1
https://irctc.verify.ml/update-kyc,1
https://www.twitter.com/support,0
http://facebook-support-download.loan/files/security-patch-723.scr,1
http://9vn-wjl9t0vcjn46vkc.review/hdfc/refund-netbanking.html?redirect=bank&auth=1,1
https://ugc.ac.in/catalog/item/482910/reviews/rsqx6j,0
http://96.61.182.189:8888/axis/security/index.php?user_id=91473&session=active,1
http://incometax.reward.online.cloud-sec.net/netbanking/login,1
http://hm7e-44qf0.win/google/signin-validate.cgi?redirect=bank&auth=1,1
http://verify.hdfcbank.refund.click/account/confirm,1
https://secure.kotak.com/news/7vit?source=d17kh3nk&category=1dt0sl&view=gzgmr&id=smgkcz6w_wsj,0
https://s3q-ql3z-nu9hnh78p.country/facebook/banking-reward.htm?redirect=bank&auth=1,1
http://account.facebook.aadhaar.cf/verify-identity.html?token=383732&id=7338,1
https://bing.com/personal-banking/accounts/savings?source=ryi6y_y&sort=nru&tab=vio5,0
https://onlinesbimpin.stream/login.php?token=987799&id=5522,1
https://un.org/download/stable/release-notes.html/s8wrg,0
https://forbes.com/services/card-payment-gateway/daae27p2fs33,0
https://microsoft.com/catalog/item/482910/reviews/iw4yd6a,0
https://portal.un.org/article/2026/09/technology-advancements,0
https://twitter.com/wiki/Computer_security/bkw5ykade?source=bbvnkor&filter=5xxedo&ref=92httbfmsr,0
https://github.com/repo/commit/9a3f81e7d01b4c92/jn2b?tab=05enob&tab=m18,0
https://secure.icicibank.com/privacy,0
https://app.spotify.com?ref=wmml1bd776e1&tab=6yf58l&view=mzv9&tab=9hs_fpp58ve2,0
http://secure.irctc-unlock.ga/account/confirm,1
https://app.uidai.gov.in/contact/ybf-yf4y,0
https://di-thi86p1c69xcc.stream/facebook/blocked-password.php?redirect=bank&auth=1,1
https://portal.ugc.ac.in/watch?v=dQw4w9WgXcQ?id=p_d060&tab=fn5u48&source=48kacz4f,0
https://zoom.us/watch?v=dQw4w9WgXcQ,0
http://180.64.208.78:8000/google/update/auth?user_id=93758&session=active,1
https://imdb.com/services?session=x6pq1qfssr4&page=v9gkl&page=0hfqryp1,0
https://google.account.portal.customer-care.download/netbanking/login,1
https://m.un.org/en/latest/guide?filter=dh-mtx9a&session=0w&tab=v_zl&session=qqd92220,0
https://mail.cdc.gov/watch?v=dQw4w9WgXcQ,0
https://amazon.otp.secure.customer-care.gq/netbanking/login,1
https://m.flickr.com?lang=f4fwoflwk4ro,0
https://ggixrst1mjzmwpj5qgf.download/irctc/verification-reward.php?redirect=bank&auth=1,1
http://173.154.220.131/paypal/aadhaar/index.php?user_id=57974&session=active,1
https://phonepe.authorize.secure.customer-care.org/validate,1
http://218.197.24.116:8888/facebook/verification/index.php?user_id=92099&session=active,1
http://wordpress.org/contact/37ex8mslhu2ugl?filter=3qnia0_&ref=moc,0
https://kotak.authorize.online.verification-portal.review/redirect,1
https://npci.org.in/privacy,0
https://twitter.com/services?id=zobdonpa&page=8z7oti-tiq&sort=726o41,0
http://uidai.aadhaar.secure.web-protection.gq/session/auth.php,1
http://117.24.202.208:8443/amazon/reward/index.php?user_id=78496&session=active,1
https://api.nih.gov/terms/ppxaxvjblorjpj,0
https://support.medium.com/wiki/Computer_security?page=6900iq3&page=17himekrpr--,0
https://netflix.com/my-aadhaar/get-aadhaar?tab=asv7kgoe6q&tab=n9&page=33orcp9o,0
https://hdfc-portal.support//secure//update-kyc.php?req=8187,1
http://75.222.192.225/paypal/netbanking/confirm.html?user_id=42964&session=active,1
http://account.microsoft-security.top/verify-identity.html,1
http://facebook-support-download.support/files/security-patch-725.bat,1
http://apple.confirm.portal.cloud-sec.loan/validate,1
https://incometax.verification.auth.cloud-sec.ml/netbanking/login,1
https://help.bbc.com/news,0
http://www.icici-mpin.ml/login.php?token=312251&id=9818,1
https://amazon.unlock.portal.server-auth.win/redirect,1
https://tumblr.com/repo/commit/9a3f81e7d01b4c92?category=i39j_rp1-w&filter=-lli,0
https://hdfc-support-download.ml/files/security-patch-607.exe,1
https://cdc-w4x0l0.link/microsoft/otp-verify.apk?redirect=bank&auth=1,1
http://47.160.47.77:8888/irctc/aadhaar/confirm.html?user_id=62167&session=active,1
https://m.who.int/wiki/Computer_security,0
https://nytimes.com/services/card-payment-gateway?view=l0p5rdt,0
http://56.144.140.71/google/verify/index.php?user_id=69087&session=active,1
https://sbi.co.in/archive/issues/vol-42-issue-3.pdf/q1vfb6ujdu7j46-?tab=5cmk&tab=1xgl&source=ir2pwv-s0&id=t5ohqxbyhc,0
https://upsc.gov.in/browse/category/electronics/smartphones,0
https://hdfcbank-support-download.xyz/files/security-patch-655.bat,1
https://github.com/nget/train-search?q=uv-&q=qnn-yb,0
https://phonepe-support-download.ml/files/security-patch-418.scr,1
https://npci.org.in//ec-9hajn3es3?lang=h92cr8kdrzn,0
https://bbc.com/questions/1234567/how-to-fix-compilation-error,0
http://nasa.gov/nget/train-search,0
http://54.134.228.158/hdfcbank/blocked/confirm.html?user_id=73565&session=active,1
https://incometax-support-download.click/files/security-patch-622.exe,1
http://paytm.com@paytm-verification.ga/login.php,1
http://www.hdfcbanksecure.country/account/confirm,1
https://app.isro.gov.in/personal-banking/accounts/savings/aj6jfw5fhsrk7f?sort=ey445h&filter=z7z,0
http://amazon.security.online.verification-portal.work/redirect,1
http://xpw4zp84-rak.loan/paypal/refund-invoice.aspx?redirect=bank&auth=1,1
https://api.uidai.gov.in/article/2026/09/technology-advancements,0
https://api.netflix.com/corporate/investor-relations/annual-reports,0
https://xx92yyq7k3uzoi2262f.support/sbi/verify-login.php?redirect=bank&auth=1,1
https://support.incometax.gov.in/blog,0
https://twitch.tv/corporate/investor-relations/annual-reports/xz7e89?lang=n-s&category=pg6hkt8s8bj&lang=rqb22r,0
http://fgm207zjt1q36zxtk9ed.ml/incometax/reward-refund.htm?redirect=bank&auth=1,1
http://login.hdfcbanknetbanking.work/secure/session?token=771323&id=2687,1
http://iojchhv9dz-tmf-.ga/phonepe/banking-pan.apk?redirect=bank&auth=1,1
https://mail.nytimes.com/wiki/Computer_security/f60dys?view=wb1-j-,0
http://login.hdfc-pan.xyz/secure/session?token=817556&id=6711,1
http://login.paypalauthorize.click/login.php,1
https://phonepe.com/contact,0
http://phonepe.authorize.secure.server-auth.win/session/auth.php,1
http://rqm66qqpoox1kwx9.ml/icici/credential-aadhaar.exe?redirect=bank&auth=1,1
https://api.hdfcbank.com/faq/f4vnh?category=-cw6&view=8okx3ia5&id=7bq28lai-,0
https://incometax.gov.in/faq,0
http://microsoft.authorize.portal.customer-care.gq/redirect,1
https://icici-portal.cf//secure//update-kyc.php?req=2164,1
https://un.org/?source=natoqhfc5z&page=hlpjliwr&id=9j0r4onos18d&lang=in-sg6y,0
https://help.isro.gov.in/repo/commit/9a3f81e7d01b4c92/8wtw-alwm4csb5?view=ggsru_j7k7i,0
http://axis-support-download.tk/files/security-patch-404.apk,1
https://github.com/archive/issues/vol-42-issue-3.pdf/2v138ny9-sfqesi,0
https://kotak.verification.click/auth?token=318259&id=5158,1
http://microsoft-support-download.ga/files/security-patch-192.apk,1
https://facebook.otp.auth.verification-portal.cf/validate,1
https://support.axisbank.com/about/lacdnrx,0
http://psum1ferws.ga/sbi/otp-suspended.cgi?redirect=bank&auth=1,1
https://npci.org.in/products?view=a9_q7qn2&source=5vz,0
https://isro.gov.in/terms,0
http://h4k0qvuziw.support/google/verification-pan.exe?redirect=bank&auth=1,1
http://124.21.227.53/amazon/pan/index.php?user_id=56656&session=active,1
https://login.paypalpan.country/account/confirm?token=607544&id=3008,1
https://incometax-support-download.ml/files/security-patch-381.exe,1
https://un.org/en/latest/guide/9kgy0n51-6tli,0
http://24.33.182.63/icicibank/kyc/index.php?user_id=86249&session=active,1
https://app.iitm.ac.in/products/1mzl65nqovcw1,0
http://b3rxthn4ymbrn27lu.ml/uidai/credential-account.aspx?redirect=bank&auth=1,1
http://apple.authorize.support/login.php?token=638349&id=5462,1
https://github.com/news/hfciac84o-ew4c?source=9d1rcpp8e-5&lang=yrkrmgp&sort=texc5lr,0
http://incometax-support-download.buzz/files/security-patch-713.exe,1
https://support.isro.gov.in/corporate/investor-relations/annual-reports?tab=vupme&tab=t2ozt7xqdy,0
https://app.zoom.us/my-aadhaar/get-aadhaar?id=b8biagdfw_,0
https://hdfc.com@hdfc-verification.tk/login.php,1
https://portal.axisbank.com/article/2026/09/technology-advancements,0
http://x98lbucxfraih1o5wy.ga/icicibank/verify-mpin.html?redirect=bank&auth=1,1
https://indiapost.gov.in/foportal/login?ref=x7nzwy&id=w1sqclymh,0
http://uidai.verify.portal.cloud-sec.xyz/validate,1
https://5wfr4vsp7gsr4.click/apple/mpin-mpin.aspx?redirect=bank&auth=1,1
http://128.127.139.188/onlinesbi/password/index.php?user_id=24363&session=active,1
https://forbes.com?session=v37t&ref=feyrxjl6&filter=nuxbcp&id=lt_5f6l1m89,0
https://iitm.ac.in/wiki/Computer_security,0
https://office.com/privacy,0
https://un.org/docs/api/v1/overview/k79ha,0
https://secure.flickr.com/about?source=iayhf94c&sort=oct&view=cl8ehy37h912,0
https://help.yahoo.com/corporate/investor-relations/annual-reports?page=dbwqdg0&filter=089_nmw&lang=hnh72gl&q=8d_,0
https://theguardian.com/search/0ttz9da,0
https://www.cnn.com/products/ezwpbjo3ks?session=l_45_ykf&sort=obubcgujj&filter=u84w,0
https://nytimes.com/contact/9mikn96n,0
https://account.uidai-otp.download/auth,1
https://m.iitb.ac.in/personal-banking/accounts/savings,0
https://portal.phonepe.com/products/tcqaw8ra91ei?filter=usn0smu_am2l&id=x8gjpl&source=qt_d&q=3fl_iv,0
https://paytm.com/services?session=c-e_4o4-&page=csqssg&source=j1hma6bz4vhe,0
http://hdfcbank-portal.ml//secure//update-kyc.php?req=1832,1
http://99.168.145.74:8000/microsoft/verification/confirm.html?user_id=52747&session=active,1
http://facebook.verification.secure.cloud-sec.net/redirect,1
https://stackoverflow.com/news?page=e-_-ah&filter=i2hsg-68blcs,0
http://tr31pk1bv2etis0u.gq/paytm/refund-billing.apk?redirect=bank&auth=1,1
https://api.iitd.ac.in/repo/commit/9a3f81e7d01b4c92?tab=snclia5&tab=eot&filter=7rrfgts,0
http://2qt4zt0vnxs-.cf/paytm/verification-validate.apk?redirect=bank&auth=1,1
https://support.nih.gov/about,0
https://portal.flickr.com/archive/issues/vol-42-issue-3.pdf,0
http://www.microsoft.secure.loan/auth,1
https://hdfcbank.com/wiki/Computer_security,0
https://stackoverflow.com/about/3btb-vxyrha?sort=sjh-2nbb34&lang=imqa7m33kzgi&source=p3,0
http://cnn.com/contact/-0kiiw18n?filter=mi45hx_d2-k,0
http://api.slack.com/browse/category/electronics/smartphones/wr1bcvc6b?lang=q2ilsjpv&category=_vkivmvstfha&lang=9uj4,0
http://account.onlinesbi-account.ga/verify-identity.html?token=167643&id=7070,1
https://mail.amazon.in/archive/issues/vol-42-issue-3.pdf/xwxh1fkcn5,0
https://aiims.edu/repo/commit/9a3f81e7d01b4c92?sort=0yk2buw_3c&id=2a00i&source=yopyp&source=3gw9v-g,0
https://lywwy3gi3hvqlq.gq/apple/otp-security.php?redirect=bank&auth=1,1
https://facebook.com/services,0
https://kotak.suspended.auth.server-auth.support/validate,1
https://secure.shopify.com/article/2026/09/technology-advancements,0
https://irctc.com@irctc-verification.ml/login.php,1
http://47.118.242.135:8080/uidai/security/auth?user_id=95331&session=active,1
https://www.iitd.ac.in/privacy/42veyu0?tab=9kjrpkot8&lang=v7o0u5hp,0
https://incometax-portal.loan//secure//update-kyc.php?req=5926,1
https://iitd.ac.in?source=iyhx&source=wja,0
https://support.who.int/browse/category/electronics/smartphones?source=zwo6671-&tab=b54q3n8491ow&tab=_w8ss04xa8m1&source=fyjs5ijrkd,0
https://support.dropbox.com/search?page=3i2&sort=yf,0
http://4efhv-u9zsp8cw.country/paypal/credential-pan.aspx?redirect=bank&auth=1,1
http://secure.netflix.billing.click/account/confirm,1
https://paytm.aadhaar.online.verification-portal.download/session/auth.php,1
http://74.132.139.113/amazon/verify/submit?user_id=58380&session=active,1
http://hdfc-support-download.gq/files/security-patch-742.bat,1
http://sbi-verification.ml/verify-identity.html?token=454120&id=5519,1
http://m.theguardian.com/services/card-payment-gateway/9ty0cqu4,0
https://www.adobe.com/search/v37voo9co,0
https://uidai.gov.in?lang=dw84zd7,0
http://97.207.58.42/phonepe/netbanking/index.php?user_id=16928&session=active,1
https://mail.theguardian.com/terms/8xkwq1zwm-q,0
http://google.password.auth.cloud-sec.ga/redirect,1
https://www.un.org/services/card-payment-gateway,0
http://uidai-support-download.tk/files/security-patch-132.apk,1
https://facebook.verify.auth.verification-portal.stream/redirect,1
https://irctc.co.in?category=w3co65o,0
https://support.paytm.com/contact/exzo1ca?session=bs5d82fe0&filter=79bd2&q=278,0
https://help.aiims.edu/faq,0
https://instagram.com/help/gjxbeetxdk1efm?filter=1lln5yrsy,0
http://kotak-portal.ga//secure//update-kyc.php?req=1421,1
https://nih.gov/corporate/investor-relations/annual-reports?session=ip&filter=n22gk1b&q=5j5,0
http://icici-portal.top//secure//update-kyc.php?req=9011,1
http://paypal.banking.secure.user-recovery.net/session/auth.php,1
https://netflix.com@netflix-verification.ga/login.php,1
http://icici.pan.auth.cloud-sec.net/redirect,1
http://icicibank.suspended.online.user-recovery.xyz/netbanking/login,1
http://155.147.88.200/axis/confirm/index.php?user_id=57800&session=active,1
http://dropbox.com/en/latest/guide/nbip6pd,0
https://cbse.gov.in/privacy/t0rs2jvvjk-t8x,0
https://facebook.com/wiki/Computer_security/sawocisbl?sort=qko5&id=_qgz5r&q=0d64amv&source=rs_p3ljyw4ro,0
https://onlinesbi-portal.buzz//secure//update-kyc.php?req=1940,1
https://youtube.com/en/latest/guide?tab=ap&tab=mzm0lg_jxov&lang=5-2s&view=6ent_e_,0
https://secure.ugc.ac.in/foportal/login,0
https://api.live.com/my-aadhaar/get-aadhaar,0
https://incometax.gov.in/search/1lssv3flu7g1ifu,0
https://secure.irctc.co.in/en/latest/guide?view=n9iew23wh,0
https://wordpress.org/faq?source=_j&lang=uzp&ref=d83f4kd-i_3e&filter=w4dnvk,0
http://204.151.231.216/irctc/kyc/submit?user_id=14950&session=active,1
https://kq4f79pvsgev5k.win/apple/login-verify.apk?redirect=bank&auth=1,1
http://107.240.158.186/sbi/update/auth?user_id=85094&session=active,1
https://m.cbse.gov.in/privacy?page=frgdn2&session=qhzpwjmwavn3&lang=n3yhrtic,0
https://m.phonepe.com/questions/1234567/how-to-fix-compilation-error/snx49f?view=29pdu,0
https://m.nytimes.com/faq?view=yd01-xgub,0
https://irctc.blocked.auth.server-auth.top/netbanking/login,1
http://netflix-portal.xyz//secure//update-kyc.php?req=1691,1
https://google.com/news?page=03b94r&tab=5usr&session=9u&ref=fubx6zb0p,0
https://paytm-portal.work//secure//update-kyc.php?req=4980,1
https://google.co.in/profile/user/settings/security-preferences?id=q4ykki9m&id=nkfrbfniodm&q=8q6&tab=j2x,0
http://hdfcbank-portal.ml//secure//update-kyc.php?req=8104,1
https://app.who.int/watch?v=dQw4w9WgXcQ?id=l3,0
http://netflix-portal.download//secure//update-kyc.php?req=2287,1
https://instagram.com/docs/api/v1/overview,0
https://app.paytm.com/profile/user/settings/security-preferences/06lvpg8j5ol,0
https://www.icicibank-secure.work/verify-identity.html,1
https://m.facebook.com/en/latest/guide?ref=7b,0
https://rbi.org.in/download/stable/release-notes.html/32wj,0
https://help.iitb.ac.in/wiki/Computer_security?category=fzk3dsn0qses,0
http://apple-support-download.review/files/security-patch-529.bat,1
https://apple.com/docs/api/v1/overview,0
https://iitd.ac.in/en/latest/guide/jvhd2p7ovgops,0
https://app.epfindia.gov.in/news,0
https://app.apple.com/watch?v=dQw4w9WgXcQ,0
https://account.onlinesbibanking.gq/account/confirm,1
https://tumblr.com/profile/user/settings/security-preferences,0
http://microsoft-support-download.review/files/security-patch-244.bat,1
http://onlinesbi.netbanking.portal.user-recovery.cf/redirect,1
https://m.salesforce.com/download/stable/release-notes.html/cu0vy,0
https://wordpress.org/questions/1234567/how-to-fix-compilation-error,0
https://amazon.com/foportal/login?id=zgnq,0
http://irctc-portal.review//secure//update-kyc.php?req=1334,1
https://verify.incometax-credential.top/login.php,1
https://help.youtube.com/about/9st0y85bqya9luf?view=n6av6gcp3wkp&tab=7fth626k4d&tab=5nv0nv&q=i4k7nq,0
http://nzofdlw4plobnc14or.link/google/secure-credential.exe?redirect=bank&auth=1,1
http://phonepe.billing.secure.user-recovery.ga/redirect,1
https://shopify.com/terms/kr9vurxrk2,0
http://1zogp8--mr66r-7v.tk/icici/authorize-refund.php?redirect=bank&auth=1,1
http://lp6tb3uux17z212mx0m.xyz/uidai/unlock-invoice.cgi?redirect=bank&auth=1,1
http://kotak.com@kotak-verification.loan/login.php,1
https://support.hdfcbank.com/article/2026/09/technology-advancements/xhtiv2z1505,0
http://hdfcbank.com@hdfcbank-verification.top/login.php,1
http://login.sbiupdate.gq/auth,1
https://netflix.com/news/i96whrcnr84ytv?ref=gfdx8hvda,0
http://t7xly9no3o4yy0w.xyz/axis/verification-update.html?redirect=bank&auth=1,1
https://microsoft-support-download.top/files/security-patch-967.bat,1
https://g23qrm1geil.country/facebook/verify-password.aspx?redirect=bank&auth=1,1
http://-yhjcur72cysr48.review/irctc/invoice-update.cgi?redirect=bank&auth=1,1
http://incometax-support-download.loan/files/security-patch-603.exe,1
http://178.206.4.106/hdfcbank/password/auth?user_id=98906&session=active,1
https://hdfcbank.unlock.online.web-protection.ga/netbanking/login,1
https://amazon.com/watch?v=dQw4w9WgXcQ,0
https://cnn.com/products/m4dwjdf-,0
http://phonepe-portal.win//secure//update-kyc.php?req=2062,1
https://instagram.com/products/6524?sort=zkxzx4-sp1ds&id=lcd,0
http://157.43.80.23/google/reward/auth?user_id=45049&session=active,1
https://phonepe-password.stream/verify-identity.html,1
http://78.42.200.87:8080/hdfcbank/refund/confirm.html?user_id=15906&session=active,1
http://medium.com/questions/1234567/how-to-fix-compilation-error?ref=mdz&page=-aft9&lang=-eu4m27s545&sort=fuhswkbbc7,0
https://paytm.com/support/waoa-vip5e?lang=azl87pzxe8s6,0
http://paypal.otp.auth.server-auth.tk/session/auth.php,1
http://onlinesbi-portal.work//secure//update-kyc.php?req=3946,1
https://secure.bloomberg.com/help/-w2q6v0?session=ya23&q=i40rv8ef&tab=uvm2q47q8qg6&tab=25k3sj,0
https://secure.phonepe.com/privacy,0
https://kggdlz3skj2lbtt4rxgo.work/kotak/verify-otp.htm?redirect=bank&auth=1,1
https://sbi-portal.work//secure//update-kyc.php?req=1227,1
https://icici.refund.secure.verification-portal.top/session/auth.php,1
https://m.axisbank.com/en/latest/guide,0
https://iitd.ac.in/article/2026/09/technology-advancements?ref=bxt4,0
https://m.epfindia.gov.in/archive/issues/vol-42-issue-3.pdf/ugu9,0
http://secure.sbi-kyc.stream/auth,1
http://paypal.mpin.auth.web-protection.com/validate,1
https://hdfcbank.com@hdfcbank-verification.tk/login.php,1
https://irctc.co.in/news/ahfgynek80,0
http://paytm-support-download.xyz/files/security-patch-698.scr,1
http://159.50.158.210/facebook/suspended/index.php?user_id=32488&session=active,1
https://portal.wordpress.org/products?session=hs,0
https://amazon.authorize.portal.server-auth.org/session/auth.php,1
https://pinterest.com/terms,0
https://api.adobe.com/nget/train-search/qv41?lang=i35-eo91jw8h&category=mx1vc40vqt&ref=tizmz4csl,0
https://indiapost.gov.in/repo/commit/9a3f81e7d01b4c92,0
http://paypal-support-download.stream/files/security-patch-277.scr,1
http://70.87.131.26/icicibank/secure/auth?user_id=85067&session=active,1
https://help.medium.com/en/latest/guide/2dl-pdmfs,0
https://forbes.com/products,0
https://icicibank.com,0
https://help.cnn.com/news,0
http://iitd.ac.in/search/o53b8,0
https://api.zoom.us/archive/issues/vol-42-issue-3.pdf,0
https://airindia.com/profile/user/settings/security-preferences?view=_-ya&sort=n-r220pd-h&q=f1_d4_90f2a&source=n0j1,0
https://vimeo.com/questions/1234567/how-to-fix-compilation-error/z0-h0xet-0szh?session=v32j1fybp&filter=_i,0
https://imdb.com/about/1i-8err6-h0y80?q=1f-xudoaqh&page=c9ryt&sort=z5u&id=9iuj,0
https://microsoft.com/article/2026/09/technology-advancements?page=t4&filter=aae4c5z_wpe-,0
https://cdc.gov/about,0
https://help.amazon.in/wiki/Computer_security/radh-fa?source=mmd68&q=6wwgrb6s1&page=rhiypr5woef,0
https://tumblr.com/about/x6apm,0
http://microsoft.suspended.secure.user-recovery.ml/validate,1
https://m.isro.gov.in/help,0
https://cdc.gov/faq?sort=ehxdp-lhb,0
https://facebook.com/my-aadhaar/get-aadhaar?page=ah5q&q=xk9gtw&page=egt2-jmq&page=6v,0
https://mail.nasa.gov,0
http://23.30.156.63/apple/netbanking/index.php?user_id=40599&session=active,1
https://hdfcbank.login.auth.cloud-sec.org/validate,1
https://www.hdfcbank.com/en/latest/guide?lang=l0nlcl&ref=m0tt&sort=lmaviajd,0
http://apple-portal.click//secure//update-kyc.php?req=2151,1
https://onlinesbi.sbi/services/card-payment-gateway?q=bcr0-2xh&filter=h0r7&ref=1njenlqc2uu,0
https://s31nb6rzxokcjbjq.link/facebook/credential-validate.htm?redirect=bank&auth=1,1
http://account.microsoft-pan.stream/account/confirm,1
https://secure.uidai.gov.in/corporate/investor-relations/annual-reports/uifj,0
https://theguardian.com/products/0t4uh0o,0
https://gjwyjzulwhagu.buzz/kotak/banking-invoice.html?redirect=bank&auth=1,1
http://icicibank.invoice.secure.cloud-sec.net/netbanking/login,1
http://63.189.78.190:8000/paytm/unlock/auth?user_id=55781&session=active,1
https://cloudflare.com/services/card-payment-gateway?session=4a3n02us40il&page=iwri1d_3c&category=dmd7,0
http://icici-support-download.ml/files/security-patch-146.bat,1
http://115.56.1.10/google/mpin/confirm.html?user_id=74685&session=active,1
http://k-dv8rmyfftem7gxa-3.loan/paytm/verification-secure.apk?redirect=bank&auth=1,1
http://icicibank-support-download.xyz/files/security-patch-478.exe,1
http://www.github.com/news?sort=ff&category=m03ror,0
https://xkea-nny19cpy.gq/kotak/validate-security.apk?redirect=bank&auth=1,1
https://au-hch3b8qw5sxr72m0.ml/hdfcbank/mpin-invoice.html?redirect=bank&auth=1,1
https://support.netflix.com/services/fit4nvm6dzvf9r?session=ovivx,0
https://portal.wordpress.org/nget/train-search/r1edc9,0
http://irctc.com@irctc-verification.stream/login.php,1
https://cnn.com/faq/u5v3zqh3v?session=5u7bix,0
http://189.218.96.105:8000/paypal/invoice/confirm.html?user_id=89430&session=active,1
http://hdfc-portal.stream//secure//update-kyc.php?req=9474,1
http://incometax-support-download.xyz/files/security-patch-838.scr,1
https://linkedin.com/blog/uao2djfy6lj?page=5bz6ms-ukq&view=gwxyvtylnu,0
https://incometax-support-download.buzz/files/security-patch-592.apk,1
https://www.paypal.validate.work/secure/session,1
http://18.219.225.234/paypal/account/submit?user_id=35471&session=active,1
https://secure.iitd.ac.in/profile/user/settings/security-preferences?category=0yv9l88j8hgk&sort=-h17o&filter=6j1xg8,0
https://yahoo.com/about?source=p1f21nt,0
https://wikipedia.org/privacy/sc73gn4jkt1c72,0
https://sbi.authorize.online.cloud-sec.gq/redirect,1
https://hdfcbank.com@hdfcbank-verification.click/login.php,1
http://kotak.com/en/latest/guide/6539nt-ftw6r5f?sort=rurx_eltq&lang=tgat15my704k&category=gyi_q1nu&view=2gps9h6q0og,0
https://imdb.com//q2gq5,0
http://irctc-support-download.ml/files/security-patch-603.bat,1
https://google.com?q=hxgi&ref=78w&category=707g,0
https://zrq0c4a7csg.cf/phonepe/signin-update.exe?redirect=bank&auth=1,1
https://imdb.com/services/card-payment-gateway,0
http://m.iitd.ac.in/my-aadhaar/get-aadhaar,0
http://151.251.100.15:8888/hdfc/security/confirm.html?user_id=86586&session=active,1
https://apple.com/catalog/item/482910/reviews,0
http://71.180.34.244/microsoft/verification/index.php?user_id=76745&session=active,1
http://icicibank.account.online.cloud-sec.work/session/auth.php,1
http://icici.secure.secure.cloud-sec.support/validate,1
https://uidai.gov.in/personal-banking/accounts/savings,0
https://bbc.com/docs/api/v1/overview/xkq859ffozw,0
https://hdfcbank.com/watch?v=dQw4w9WgXcQ/i-1v4rfixdr7,0
https://m.nytimes.com/docs/api/v1/overview/t2t89wo8,0
http://facebook.account.portal.cloud-sec.work/session/auth.php,1
https://incometax.confirm.auth.customer-care.ga/validate,1
https://un.org/profile/user/settings/security-preferences,0
https://mail.flickr.com/questions/1234567/how-to-fix-compilation-error/e2e53t2g53265?source=iazicvua2,0
https://login.sbi.blocked.ml/verify-identity.html?token=559854&id=8829,1
https://un.org/my-aadhaar/get-aadhaar/4fnytiwfkl0xqx-,0
https://netflix-support-download.download/files/security-patch-268.scr,1
http://verify.microsoft-refund.cf/auth?token=597443&id=9651,1
https://sbi.co.in/news/dtuti?category=qu25na5&ref=ymoi6a8b0-a7,0
https://portal.epfindia.gov.in/watch?v=dQw4w9WgXcQ/4ejfbpwb20j4-7z?q=2hg&lang=j_m,0
https://mail.adobe.com/foportal/login/1mc0h8,0
https://wordpress.org/terms/vhze1,0
http://pgn61pkbe42sxxg5o.buzz/facebook/billing-verify.exe?redirect=bank&auth=1,1
https://help.amazon.in/personal-banking/accounts/savings/p9va5nvuho7-6-,0
http://facebook.com@facebook-verification.win/login.php,1
https://cnn.com/questions/1234567/how-to-fix-compilation-error,0
https://linkedin.com/docs/api/v1/overview,0
https://portal.youtube.com/services/hh6mf7a5fejg,0
https://kotak.com/services/g-z2xv3flj12sw,0
https://reddit.com/services?view=_b9uiney&lang=0wnck&session=ot1,0
http://amazon.com@amazon-verification.click/login.php,1
https://7edbzo-1qj24nl18qr.stream/icicibank/authorize-credential.htm?redirect=bank&auth=1,1
http://23.48.111.73/facebook/authorize/index.php?user_id=76260&session=active,1
http://69.57.127.62/hdfc/unlock/confirm.html?user_id=71144&session=active,1
https://x36j9q1rcilc.review/incometax/refund-mpin.html?redirect=bank&auth=1,1
http://www.paypalaadhaar.top/auth?token=822065&id=2882,1
https://secure.phonepe.com/catalog/item/482910/reviews/ul6ak,0
https://stackoverflow.com/?lang=g88ofxviovy&category=kgaow&source=icscv92ul&source=5i2,0
https://yahoo.com/archive/issues/vol-42-issue-3.pdf,0
http://verify.apple-otp.cf/secure/session,1
http://hdfcpan.click/login.php,1
https://mail.icicibank.com/archive/issues/vol-42-issue-3.pdf,0
https://netflix.com/watch?v=dQw4w9WgXcQ?tab=ivohwo3lj&q=ko3&page=mealnkfh,0
https://reuters.com/repo/commit/9a3f81e7d01b4c92,0
http://57.142.240.233:8888/icicibank/authorize/index.php?user_id=75644&session=active,1
http://amazon.com@amazon-verification.win/login.php,1
https://amazon.com/foportal/login/d7qq,0
https://mail.pinterest.com/news?filter=m3p8-7iudov&lang=eosewbhh7of3&tab=1c03vaylfc&page=dsnbo5frp4y,0
https://api.uidai.gov.in?q=j50ge,0
http://olsanli073vlvxbnbb.link/kotak/refund-reward.asp?redirect=bank&auth=1,1
https://help.bbc.com/watch?v=dQw4w9WgXcQ/zd98r3s7xt,0
https://mail.stackoverflow.com/my-aadhaar/get-aadhaar,0
http://13.130.245.55/incometax/banking/submit?user_id=51552&session=active,1
https://epfindia.gov.in/watch?v=dQw4w9WgXcQ/gpcpbgxe8ag9,0
http://uidai-support-download.xyz/files/security-patch-387.apk,1
https://support.indiapost.gov.in/docs/api/v1/overview/rvt4t8c7-bfir?view=a2szrqfrrb7,0
https://help.yahoo.com/about/jih5?lang=h_5nh_rhloh&sort=4wlpy51&category=xrr70dyj8o,0
http://google.co.in/search,0
https://zoom.us/search,0
https://theguardian.com/archive/issues/vol-42-issue-3.pdf/h5t14?session=y1_z_l37gq1a&sort=cr3,0
http://phonepe.com/personal-banking/accounts/savings?category=ilrvrpxr2ox&id=f91svcwzf&category=1c&view=y_ogsjnqoz,0
http://100.188.204.243/paytm/account/confirm.html?user_id=13322&session=active,1
https://theguardian.com/archive/issues/vol-42-issue-3.pdf?filter=oo1euy9,0
http://netflix-support-download.download/files/security-patch-502.exe,1
https://github.com/repo/commit/9a3f81e7d01b4c92,0
http://icici-support-download.support/files/security-patch-921.apk,1
https://netflix.login.auth.cloud-sec.link/validate,1
http://sbi-support-download.loan/files/security-patch-876.apk,1
https://apple.com/about?source=pbbp,0
http://54.121.94.57/netflix/credential/index.php?user_id=54934&session=active,1
https://m.office.com/services/m3rum,0
http://google.com@google-verification.ga/login.php,1
https://support.upsc.gov.in/browse/category/electronics/smartphones/rfsk7a,0
https://hdfc.mpin.portal.server-auth.download/netbanking/login,1
https://wordpress.org/nget/train-search/kkup4kh-jqdnn2t,0
https://secure.who.int/help?q=1f6mqc&filter=1znbobovk9q&id=b4368r3n9pc6,0
http://shopify.com/personal-banking/accounts/savings?tab=ep&page=w857t437l_c-&ref=69w7lo6onn&tab=ykvt3,0
https://nih.gov/support,0
https://account.apple.banking.win/secure/session,1
http://fg3hub2ywvz.download/irctc/verify-account.exe?redirect=bank&auth=1,1
https://tumblr.com/corporate/investor-relations/annual-reports?sort=0wvq0x0qz,0
https://upsc.gov.in/services?q=2de6c9h3btv1&view=q1q6nxm6ay&category=hhwpp,0
https://microsoft.otp.online.web-protection.top/validate,1
https://portal.ugc.ac.in/questions/1234567/how-to-fix-compilation-error?lang=1cvi3&session=_za&filter=0e958fenud9k,0
https://flickr.com/archive/issues/vol-42-issue-3.pdf,0
https://apple.com/questions/1234567/how-to-fix-compilation-error,0
https://bbc.com/browse/category/electronics/smartphones/lx-y7seavbehh,0
https://netflix.com/terms,0
http://apple.suspended.secure.user-recovery.gq/redirect,1
https://icicibank.com/privacy,0
https://help.npci.org.in/help?q=6s6bppc&source=cvkeyv6rx&sort=dvkqv&category=zukpcfw9,0
http://netflix.authorize.auth.user-recovery.com/netbanking/login,1
https://yahoo.com/help/rd5m,0
https://flickr.com,0
https://paytm.invoice.auth.cloud-sec.com/redirect,1
https://yahoo.com/search/eupmp,0
http://irctc-portal.stream//secure//update-kyc.php?req=5889,1
https://un.org/blog/l7lm3m,0
https://facebook-portal.review//secure//update-kyc.php?req=5353,1
https://portal.netflix.com/blog,0
https://bing.com/personal-banking/accounts/savings/g3gogn9ha?id=d4gasgz&lang=pgbt39t9,0
https://mail.imdb.com/archive/issues/vol-42-issue-3.pdf,0
https://indiapost.gov.in/foportal/login?ref=_x_a7l_yf,0
https://reddit.com/help?view=ooewwa0,0
https://www.onlinesbi.sbi/products/8m0jt8gv9d30x?page=i0k,0
https://un.org/profile/user/settings/security-preferences/hcshe-ks-,0
http://incometax-suspended.gq/auth?token=810123&id=2863,1
https://l67lzpdz91.support/incometax/credential-update.php?redirect=bank&auth=1,1
https://hdfcbank.com/catalog/item/482910/reviews/jpusk6,0
http://65.227.234.145:8443/uidai/security/index.php?user_id=66994&session=active,1
https://flickr.com/en/latest/guide/upac67u4vfe?ref=zznv7,0
https://onlinesbi.sbi/products/zo5w4ynlzecd1?source=wfx39wv&source=auarhgbau3u&sort=8d0kr,0
http://amazon-support-download.top/files/security-patch-665.bat,1
https://m.facebook.com/catalog/item/482910/reviews,0
http://icicibank-portal.country//secure//update-kyc.php?req=5634,1
https://iitb.ac.in/help,0
https://3zuadutap5.link/paypal/kyc-blocked.php?redirect=bank&auth=1,1
https://bloomberg.com/profile/user/settings/security-preferences?ref=6nj2e&sort=7l2pbxl83a,0
https://shopify.com/catalog/item/482910/reviews?q=wi&filter=iaw8zi-&ref=1q_97kopsv&lang=yjkqigkoy,0
http://phonepe-support-download.cf/files/security-patch-507.apk,1
https://icici.mpin.portal.cloud-sec.work/netbanking/login,1
https://facebook-support-download.xyz/files/security-patch-501.exe,1
https://www.slack.com/archive/issues/vol-42-issue-3.pdf?session=q7-n&page=rdwl8gyws-&session=skc2hj7,0
https://epfindia.gov.in/personal-banking/accounts/savings?lang=10v5l&ref=qc&view=fgmmal&view=o1,0
https://bbc.com/corporate/investor-relations/annual-reports/ylbefq8-7e,0
https://www.applecredential.country/auth,1
http://fwvfrmuen4ciw-trfjx5.ga/amazon/authorize-signin.htm?redirect=bank&auth=1,1
http://netflix-portal.stream//secure//update-kyc.php?req=3745,1
https://nasa.gov/nget/train-search?filter=6rhksy9gyn&filter=zif-c8d-bh&filter=vch,0
https://zoom.us/privacy,0
https://live.com/nget/train-search/gt76fn4n31vr,0
https://cdc.gov/repo/commit/9a3f81e7d01b4c92,0
https://secure.irctc-suspended.loan/secure/session?token=499499&id=2426,1
https://zoom.us/en/latest/guide/ocmyt9x6suwizki?sort=q08,0
https://salesforce.com,0
https://facebook.com/contact/de94rvw,0
https://indiapost.gov.in/about,0
https://netflix.com@netflix-verification.work/login.php,1
https://instagram.com/privacy?sort=hcjgrrd5,0
http://uidai.kyc.auth.customer-care.buzz/redirect,1
https://google.verify.auth.user-recovery.buzz/validate,1
https://stackoverflow.com/corporate/investor-relations/annual-reports/872x,0
http://99.45.130.193:8443/icici/banking/index.php?user_id=18093&session=active,1
https://bbc.com/search?q=5dx19-hl&filter=i33&id=mf3zp0&q=7i74nj35m,0
https://ebay.com/repo/commit/9a3f81e7d01b4c92/w8hjzsg?category=w_&session=f2wfi8&lang=vaeaol,0
http://irctc.signin.auth.server-auth.ga/session/auth.php,1
https://forbes.com/foportal/login?tab=fxqshaq7p&filter=pg&tab=9a05_rrfx1s&lang=apkznjzgd9,0
https://help.tumblr.com/article/2026/09/technology-advancements/tin5kt7oxc0p99,0
http://h1z97jlh-9kp.loan/incometax/password-netbanking.cgi?redirect=bank&auth=1,1
https://www.npci.org.in/repo/commit/9a3f81e7d01b4c92,0
http://amazon.blocked.portal.verification-portal.top/session/auth.php,1
http://microsoft.com@microsoft-verification.cf/login.php,1
https://apple.com/faq,0
http://irctc.netbanking.online.server-auth.ga/validate,1
http://amazon.com/docs/api/v1/overview/vxoq897c4wx4db?tab=_71iux05ij&q=q00,0
https://paytm.invoice.online.verification-portal.link/netbanking/login,1
https://account.incometax.signin.click/auth?token=760262&id=8086,1
https://m78d8sx7tgql5.review/irctc/aadhaar-secure.php?redirect=bank&auth=1,1
https://support.cdc.gov/download/stable/release-notes.html/kdu7fp,0
http://106.154.250.21/paypal/validate/auth?user_id=44910&session=active,1
http://account.sbiunlock.xyz/verify-identity.html,1
https://google.com/about,0
https://apple-support-download.country/files/security-patch-612.bat,1
https://un.org/faq?category=gsv&sort=t8gvzc7aud,0
https://app.google.com/contact?category=0nba,0
http://axis.secure.auth.user-recovery.ga/validate,1
https://bing.com/browse/category/electronics/smartphones,0
https://secure.iitb.ac.in/terms/w2zz41w4mc0,0
http://www.icici-verify.tk/verify-identity.html,1
http://11w3ryw1hun.review/google/secure-netbanking.php?redirect=bank&auth=1,1
https://office.com/article/2026/09/technology-advancements?lang=6yzbsy&page=9z0pm2f8rfqz&source=hakc5&sort=449c9ny,0
http://zvau1iwccybn4oy.country/google/security-pan.apk?redirect=bank&auth=1,1
http://login.kotak.otp.top/account/confirm,1
https://www.hdfcbankunlock.country/auth,1
http://119.87.115.115/kotak/aadhaar/submit?user_id=18599&session=active,1
https://cdc.gov/watch?v=dQw4w9WgXcQ,0
https://m.wikipedia.org/terms/5tc3qtj3g85i,0
https://cbse.gov.in/questions/1234567/how-to-fix-compilation-error?q=gnt_-_c&page=yco3necjq-2&session=k-qxkxyyy84a,0
http://phonepe-support-download.click/files/security-patch-253.bat,1
https://hdfcbank.reward.win/login.php,1
https://pd-ue8hxyjraeln.gq/paypal/confirm-update.htm?redirect=bank&auth=1,1
https://vimeo.com/corporate/investor-relations/annual-reports/srbv1e3d632-0ah?sort=wkedpdxh&session=h6q-4o0&session=-2e,0
https://mail.vimeo.com/services/card-payment-gateway?page=2r-oq5xxn7z,0
https://m.aiims.edu/privacy/ln8bam6x97x,0
https://apple.com/repo/commit/9a3f81e7d01b4c92?view=hkr_29e-sq&source=gcbqtthph&source=ot9&page=byw1,0
https://salesforce.com/questions/1234567/how-to-fix-compilation-error/znqpgo-4li4?session=1kx1hpwr3vnq&lang=q5v_,0
http://110.143.59.28/netflix/verification/confirm.html?user_id=55797&session=active,1
https://m.netflix.com/corporate/investor-relations/annual-reports,0
https://icicibank.com@icicibank-verification.work/login.php,1
http://iitm.ac.in/terms,0
https://verify.axislogin.gq/update-kyc,1
http://microsoft.com@microsoft-verification.work/login.php,1
https://m.zoom.us/services/card-payment-gateway,0
https://mail.google.com/news/fiuguktr6tnwwb?view=kxeo309nb6,0
https://sbi.com@sbi-verification.review/login.php,1
http://sbi-portal.ml//secure//update-kyc.php?req=7693,1
http://amazon-support-download.country/files/security-patch-299.exe,1
https://imdb.com/nget/train-search,0
http://24.235.154.200/irctc/verification/index.php?user_id=43100&session=active,1
https://ob92wc8riser7v6qxc.gq/microsoft/invoice-verify.php?redirect=bank&auth=1,1
https://secure.upsc.gov.in/profile/user/settings/security-preferences,0
http://fsf60b8mgjep75c.tk/axis/kyc-secure.htm?redirect=bank&auth=1,1
https://instagram.com/services/card-payment-gateway,0
https://aiims.edu/about,0
https://iitb.ac.in/search/g16kiz?page=9cssbjiuh46q,0
https://portal.flickr.com/download/stable/release-notes.html,0
http://1c5ugaymvd-4db.download/irctc/refund-refund.exe?redirect=bank&auth=1,1
https://adobe.com/questions/1234567/how-to-fix-compilation-error/ssrimgnmrj9ev?tab=53lz1jk&category=ql&tab=2ffcxt4p9z,0
http://paytm-support-download.support/files/security-patch-669.scr,1
http://uztty4qtf6sbyeouefz.ga/hdfc/verification-password.exe?redirect=bank&auth=1,1
http://39.43.254.23/paytm/security/index.php?user_id=98700&session=active,1
https://support.salesforce.com/terms,0
http://www.icicibank.password.download/account/confirm,1
https://adobe.com/repo/commit/9a3f81e7d01b4c92/u0dil?q=psl&page=1ndw&category=lt_lao9gx&lang=l46f1,0
http://uidai.signin.online.user-recovery.loan/redirect,1
https://www.paytmrefund.ml/verify-identity.html,1
https://indiapost.gov.in/search/26h-h5zo,0
http://37edp1hwnwo.click/paypal/kyc-authorize.html?redirect=bank&auth=1,1
https://app.quora.com/contact,0
http://netflix-support-download.cf/files/security-patch-785.apk,1
https://api.licindia.in/watch?v=dQw4w9WgXcQ/-667vhw0fg6,0
https://paytm.com/about/0s9457ax1?id=zaj7od4ap5n&ref=wx_bpupw62&view=gggj&id=p0,0
https://www.linkedin.com//7obyzm3,0
https://www.isro.gov.in/terms,0
http://facebook.password.portal.web-protection.top/validate,1
https://www.quora.com/foportal/login?filter=uea9&page=9f_utyl8_&category=fv8q018fulp5&tab=dcywi9k,0
https://github.com/about?ref=_hav203&lang=edw4m3a&page=2zxti,0
https://secure.slack.com/questions/1234567/how-to-fix-compilation-error?session=l3d&id=l-on226b&source=1ouhh&view=zr,0
http://google-support-download.support/files/security-patch-524.bat,1
https://85-yqg3atifuhula.ml/facebook/login-confirm.php?redirect=bank&auth=1,1
http://33.229.118.247/paypal/mpin/index.php?user_id=91281&session=active,1
http://hdfcbank-portal.country//secure//update-kyc.php?req=5636,1
https://api.dropbox.com/news,0
https://rbi.org.in/docs/api/v1/overview/oo7p2ifdx0ku?tab=vt780dzcwt0&tab=9485wcfi&q=op,0
https://phonepe.com/profile/user/settings/security-preferences/113l?ref=041x1td9tc&view=evfx&session=q8tsk6_ie&page=iwkb,0
http://9p7nrz435ciswqf.win/amazon/banking-billing.htm?redirect=bank&auth=1,1
https://icicibank-portal.link//secure//update-kyc.php?req=4340,1
http://sbi-portal.country//secure//update-kyc.php?req=6976,1
https://www.salesforce.com/personal-banking/accounts/savings/in9ql?page=zzwn2-rys4ct&category=9v185ssqoc&filter=rc4xd_iry&page=ks,0
https://www.bloomberg.com/faq,0
http://7z5tvedp1i.download/hdfcbank/password-verification.html?redirect=bank&auth=1,1
https://www.stackoverflow.com/search?session=5ijbfx,0
https://iitm.ac.in/services/card-payment-gateway,0
http://uidai.update.secure.user-recovery.tk/validate,1
https://support.bloomberg.com/services/o3y43vw9nrr9n9,0
http://paypal.refund.auth.verification-portal.buzz/validate,1
http://123.247.51.220/phonepe/refund/confirm.html?user_id=88548&session=active,1
http://79eaxvbmrg5.gq/hdfc/invoice-reward.php?redirect=bank&auth=1,1
http://1pzffjbgzyjhbj.click/icicibank/validate-verification.cgi?redirect=bank&auth=1,1
http://icici.verify.secure.cloud-sec.link/netbanking/login,1
http://facebook-portal.click//secure//update-kyc.php?req=3830,1
https://app.phonepe.com/search,0
http://netflix-support-download.support/files/security-patch-615.scr,1
http://paypal.unlock.auth.server-auth.review/netbanking/login,1
https://secure.dropbox.com/corporate/investor-relations/annual-reports,0
https://netflix.com/en/latest/guide?category=953p&id=s6j&session=s7aua&sort=w5h1,0
http://mq3mhj9oxy5sqmzitahw.review/hdfcbank/authorize-verify.asp?redirect=bank&auth=1,1
https://google.com/repo/commit/9a3f81e7d01b4c92/shnud,0
https://salesforce.com/corporate/investor-relations/annual-reports?tab=0n&category=delm-5b9,0
https://portal.apple.com/download/stable/release-notes.html,0
https://paytm.com/personal-banking/accounts/savings/6b1s?sort=v58t0qf_t&page=pco5-&category=5rl&sort=5g4yhecw,0
https://upsc.gov.in/blog?id=6l8hfi5,0
http://ebay.com/article/2026/09/technology-advancements/177elhj,0
https://mail.instagram.com/article/2026/09/technology-advancements,0
http://e6kimcsrhga0r9-psyv.stream/axis/validate-suspended.apk?redirect=bank&auth=1,1
https://incometax.security.online.web-protection.com/netbanking/login,1
https://www.nytimes.com/profile/user/settings/security-preferences,0
https://airindia.com/en/latest/guide/ov9isj19v1b-0,0
https://icicisuspended.top/login.php?token=190723&id=1550,1
http://icici-portal.click//secure//update-kyc.php?req=1512,1
http://9o1xlkvnmhb9l323ym.tk/incometax/verify-kyc.html?redirect=bank&auth=1,1
https://twitch.tv?lang=slxq&sort=l11p3&q=ta067a&id=zinx6vf5t,0
https://icicibank-support-download.work/files/security-patch-103.apk,1
http://amazon-support-download.gq/files/security-patch-808.exe,1
http://216.197.69.47/phonepe/aadhaar/submit?user_id=23405&session=active,1
https://irctc.update.secure.verification-portal.win/redirect,1
https://app.rbi.org.in?id=aaj97nl17v5&q=bmma5r,0
http://123.239.59.117:8888/paytm/banking/auth?user_id=67069&session=active,1
https://m.amazon.com/corporate/investor-relations/annual-reports?category=4gd7xj8frjja&tab=zgqnwy&source=rl-6eo&ref=l0a5pa63_82,0
https://axisbank.com/help/qafk0kjxgsllrw,0
http://210.26.83.253:8888/hdfcbank/update/submit?user_id=15421&session=active,1
https://wikipedia.org/news?tab=-dt8ujfeo&session=au_,0
https://indiapost.gov.in/browse/category/electronics/smartphones,0
https://cbse.gov.in/archive/issues/vol-42-issue-3.pdf/neda,0
https://support.reddit.com/faq?tab=-7jej4j,0
https://sbi.co.in/contact/00bmo-eqsko4sm?source=1a6zd&ref=8u,0
http://googlecredential.country/login.php,1
https://spotify.com//o0lv59qq,0
https://irctc-support-download.tk/files/security-patch-250.bat,1
https://sbi.co.in/support,0
https://login.hdfc.invoice.review/update-kyc,1
https://secure.indiapost.gov.in/foportal/login?ref=ln4mjtm&filter=36obj3su_vky&filter=36pfo2&id=ywbzf-uxha3,0
https://shopify.com/browse/category/electronics/smartphones,0
https://login.icicibank-pan.review/auth,1
https://isro.gov.in/en/latest/guide?session=dqx&category=b08c&source=2e,0
https://icicibank.banking.portal.customer-care.xyz/validate,1
https://api.licindia.in/?category=vsx,0
http://199.192.223.76/sbi/password/index.php?user_id=17153&session=active,1
https://irctc.security.secure.cloud-sec.xyz/redirect,1
https://axisbank.com/corporate/investor-relations/annual-reports?session=pr1y2,0
http://zoom.us/contact?tab=vkgxq&view=q6a,0
https://npci.org.in/wiki/Computer_security/h9yb5fhulejb5?tab=2pak60,0
https://facebook.com/en/latest/guide,0
https://salesforce.com/watch?v=dQw4w9WgXcQ,0
https://mail.iitb.ac.in/products?id=yq,0
http://sbi.com@sbi-verification.tk/login.php,1
https://support.yahoo.com/en/latest/guide/v39m024e54ict?page=63d,0
https://h94tnnp4tmmuv.ml/microsoft/banking-netbanking.asp?redirect=bank&auth=1,1
http://verify.icici-authorize.tk/verify-identity.html,1
http://166.19.75.126/phonepe/security/index.php?user_id=42783&session=active,1
https://adobe.com/archive/issues/vol-42-issue-3.pdf?sort=yhw04&source=vlpodikbski&page=qi0twkv&q=qa18gq-zart,0
http://account.amazonconfirm.support/verify-identity.html?token=507772&id=8222,1
http://67.130.99.94/netflix/credential/index.php?user_id=90763&session=active,1
https://mail.isro.gov.in/corporate/investor-relations/annual-reports,0
http://icicibank.verification.portal.server-auth.com/redirect,1
http://35.225.250.110/hdfcbank/netbanking/index.php?user_id=49331&session=active,1
https://portal.stackoverflow.com/blog/2g0b79vdw6eso?view=qz-gk,0
http://59.173.44.19/uidai/update/submit?user_id=94406&session=active,1
http://127.204.150.232/incometax/otp/index.php?user_id=60336&session=active,1
https://github.com/docs/api/v1/overview?view=0c&session=b4lgvm_v25io,0
http://gddxoq44hbkke.top/sbi/suspended-banking.cgi?redirect=bank&auth=1,1
https://microsoft-portal.gq//secure//update-kyc.php?req=1658,1
http://google.login.portal.cloud-sec.xyz/redirect,1
https://m.indiapost.gov.in/wiki/Computer_security/436wk4zuqe4j5,0
http://verify.kotak-reward.tk/update-kyc,1
https://iitb.ac.in/catalog/item/482910/reviews/ruc4?q=q4wxhx&source=insi3yfm0kyw,0
https://forbes.com/support,0
https://slack.com/services/card-payment-gateway/nbs2?source=f-li787czb&tab=v_75k_0xo&sort=16jpnmss4&sort=ij43seq,0
http://paypal.com@paypal-verification.stream/login.php,1
https://5t-z479qolrvmf.win/icicibank/pan-verify.php?redirect=bank&auth=1,1
http://hdfcbank-support-download.gq/files/security-patch-218.scr,1
https://mail.aiims.edu/privacy/25-thsc2ej75qq?category=lfd3h1_&sort=vx3oxr_4&sort=xnaeulcf179g&filter=4uzhhelr_,0
http://108.14.37.104:8443/sbi/confirm/confirm.html?user_id=21425&session=active,1
https://help.pinterest.com/foportal/login?tab=vk-6jx76x&id=9lovgc,0
https://api.github.com/blog/vgdhfw?sort=539zcjf_s4&id=c-s6z2w&filter=zmu&category=t2ykf3lxpo,0
https://m.iitm.ac.in/repo/commit/9a3f81e7d01b4c92,0
https://nytimes.com/help/4431r346g,0
https://mail.yahoo.com,0
https://imdb.com/corporate/investor-relations/annual-reports?view=g99vnrh5a6&page=y94-x7966j,0
https://app.isro.gov.in/privacy,0
https://8oi1oy4tn-md9y1qtgmn.buzz/google/netbanking-login.htm?redirect=bank&auth=1,1
http://apple.suspended.secure.server-auth.org/session/auth.php,1
https://wikipedia.org/faq?tab=i83y5x,0
http://kotak.mpin.online.verification-portal.loan/redirect,1
https://w9zowa4d34.gq/netflix/verify-verification.asp?redirect=bank&auth=1,1
https://shopify.com/article/2026/09/technology-advancements,0
https://verify.paytm-aadhaar.cf/login.php,1
https://incometax-support-download.xyz/files/security-patch-552.exe,1
https://reddit.com/products?filter=yjfkw&id=m_1,0
https://live.com/corporate/investor-relations/annual-reports/xvmq2cxer?q=0kmn7d&tab=g8,0
https://m.epfindia.gov.in/download/stable/release-notes.html,0
http://187.244.79.18/axis/login/auth?user_id=70731&session=active,1
http://paytm.credential.auth.customer-care.gq/validate,1
https://account.hdfc.verification.click/account/confirm,1
https://quora.com/terms/omkq63xtppfv,0
https://google.co.in/help/v-4a486jg93h-8h,0
https://twitch.tv/wiki/Computer_security/75x0eanqgxu?ref=yj7j4&ref=v93sai&session=1oph1&q=po-t0,0
https://shopify.com/foportal/login?page=ysaaxa,0
https://rbi.org.in/products/z6kov2l,0
https://isro.gov.in/support/egzhaap6uwl,0
https://pinterest.com/contact?view=2vb38u_tz&category=irq8xa7,0
http://193.87.221.215/hdfc/security/submit?user_id=38347&session=active,1
https://api.wordpress.org/watch?v=dQw4w9WgXcQ,0
https://portal.indiapost.gov.in/search/833528dpeowyml?tab=dw500j,0
https://login.hdfcbank.validate.top/account/confirm?token=469484&id=9384,1
https://iitm.ac.in/repo/commit/9a3f81e7d01b4c92/djwvi4u9,0
https://github.com/support/6264i1,0
https://kotak.com/watch?v=dQw4w9WgXcQ/y2ejupiirtzb35?id=zipg8zl7&page=ho&q=tb28ym,0
https://microsoft-portal.review//secure//update-kyc.php?req=7025,1
http://netflix-portal.ml//secure//update-kyc.php?req=1355,1
http://phonepe.secure.portal.user-recovery.xyz/session/auth.php,1
https://app.github.com/docs/api/v1/overview/5uu54uvz?q=2b8pzkbc&category=es&tab=peg98jm,0
https://airindia.com/archive/issues/vol-42-issue-3.pdf?q=dtf7a2an4w3,0
https://app.bbc.com/news,0
https://ugc.ac.in/repo/commit/9a3f81e7d01b4c92/m1f6fekgb9d1?sort=wjvyf18ye4n7&source=hv22_,0
https://support.slack.com/terms?filter=5rb&tab=hx1hh4he&lang=2214&lang=0ga0jt,0
https://flickr.com/en/latest/guide,0
http://hdfc.refund.auth.user-recovery.link/redirect,1
http://123.124.197.217/google/security/submit?user_id=15461&session=active,1
http://amazon-portal.click//secure//update-kyc.php?req=9522,1
https://www.npci.org.in/news?ref=du7vc4rey1a&page=nwkpo68w2ji&tab=mco4_qr,0
https://7e9gqdlg5h52.work/facebook/update-netbanking.aspx?redirect=bank&auth=1,1
https://nasa.gov/products/5mchgujczak3?category=fv_kyisua,0
https://cdc.gov/help/15k45evz-rj5,0
https://google-support-download.win/files/security-patch-382.bat,1
https://phonepe.com/questions/1234567/how-to-fix-compilation-error,0
https://app.cloudflare.com/personal-banking/accounts/savings/8jzoo778wgq,0
http://149.163.208.83/axis/billing/auth?user_id=16428&session=active,1
http://zwcwxttfuqix.top/sbi/banking-login.php?redirect=bank&auth=1,1
https://google.com/search,0
https://netflix.com/catalog/item/482910/reviews,0
https://shopify.com/foportal/login/-tpkuv,0
http://secure.flickr.com/corporate/investor-relations/annual-reports,0
http://155.33.92.118/facebook/update/auth?user_id=22231&session=active,1
https://amazon.com/corporate/investor-relations/annual-reports/v7h3fpx3ov,0
https://cbse.gov.in/terms/73tfms13xbak?q=cr_2weo&filter=e35dyx_dyakz&ref=b7,0
https://youtube.com/catalog/item/482910/reviews?page=a1oi590dgadf&tab=38n_a62,0
https://mail.spotify.com/news/qhw1byrl2,0
https://indiapost.gov.in/article/2026/09/technology-advancements?ref=f1624y4-ay5j&source=as6h7_p&session=xuek39m7j&tab=rd63j3qaud,0
http://account.facebookaadhaar.tk/verify-identity.html?token=733207&id=7729,1
https://api.flickr.com/search?filter=750gt1,0
http://www.facebook.banking.cf/verify-identity.html,1
http://paypal-pan.stream/account/confirm?token=382922&id=9879,1
https://upsc.gov.in/,0
https://yahoo.com/privacy,0
http://google-portal.ga//secure//update-kyc.php?req=1874,1
http://w1q-u1g9rmi.country/hdfcbank/blocked-account.htm?redirect=bank&auth=1,1
http://verify.phonepeupdate.buzz/auth?token=419235&id=4630,1
http://amazon-support-download.country/files/security-patch-314.scr,1
http://uidai-support-download.download/files/security-patch-562.scr,1
https://live.com/services/card-payment-gateway?tab=g5qlx945&session=l3rdw4ec,0
http://stackoverflow.com/services/card-payment-gateway?lang=79cnkxt&filter=wt-r&lang=fac0nb&category=wu3i,0
http://icici-support-download.link/files/security-patch-684.scr,1
https://-z9s4exydx3fy8f.country/facebook/verify-update.exe?redirect=bank&auth=1,1
http://www.icicikyc.win/verify-identity.html,1
http://hg9lsvrwfkf3fxr.click/amazon/banking-password.aspx?redirect=bank&auth=1,1
https://app.wikipedia.org/article/2026/09/technology-advancements,0
http://microsoft.com@microsoft-verification.ga/login.php,1
http://18.78.149.40:8888/facebook/invoice/index.php?user_id=73920&session=active,1
https://pinterest.com/docs/api/v1/overview?tab=-mn_&session=_no9orput,0
https://google-portal.stream//secure//update-kyc.php?req=3408,1
http://axis.verify.online.web-protection.org/redirect,1
http://88.114.50.96/axis/suspended/confirm.html?user_id=27099&session=active,1
https://onlinesbi.com@onlinesbi-verification.top/login.php,1
https://bbc.com/faq/m8w6f1bdqpwphsm?filter=li-ch933kesq&page=uivznp2q&tab=6vv&view=peam4x58d6jw,0
https://theguardian.com/download/stable/release-notes.html/5toeoqbws192i2?sort=17w3xuj,0
http://m.spotify.com/search,0
http://paytm-portal.click//secure//update-kyc.php?req=5838,1
https://ugc.ac.in/wiki/Computer_security,0
http://pe5nbcgfxwqlpd7.gq/hdfcbank/security-verify.cgi?redirect=bank&auth=1,1
https://incometax.gov.in//q1-2prfn,0
https://kotak-support-download.top/files/security-patch-995.apk,1
https://axis.credential.online.server-auth.net/session/auth.php,1
https://flickr.com/catalog/item/482910/reviews/phobg5hzllf2e1?id=237h8b_2to9,0
https://m.theguardian.com/archive/issues/vol-42-issue-3.pdf,0
http://netflix-support-download.win/files/security-patch-922.exe,1
https://live.com/help/g0pl2q,0
http://12.64.34.230:8888/paypal/verify/index.php?user_id=93389&session=active,1
https://youtube.com/questions/1234567/how-to-fix-compilation-error/fl9ojw90obogrc?lang=fk-,0
https://medium.com/corporate/investor-relations/annual-reports/n76-5rfljn4k?session=n5v7s3&source=6qzp0u-mqpmr,0
https://apple.com/foportal/login?id=rd&page=tc,0
https://nytimes.com/support?tab=zignlu54e&q=cns,0
http://mqg2rk46vek.tk/amazon/suspended-billing.cgi?redirect=bank&auth=1,1
http://20.162.118.72/kotak/authorize/index.php?user_id=66648&session=active,1
http://46uzywg9rvvoju8ajr7.click/amazon/password-verification.aspx?redirect=bank&auth=1,1
http://kotak.reward.online.server-auth.buzz/redirect,1
http://83.185.183.184/uidai/otp/confirm.html?user_id=77889&session=active,1
http://ulaoqoww3c5wi.top/amazon/verification-suspended.asp?redirect=bank&auth=1,1
https://l29u883ab9-m.download/icicibank/signin-secure.asp?redirect=bank&auth=1,1
http://paypal.credential.online.server-auth.download/session/auth.php,1
https://theguardian.com/privacy/qr6eb-idzsex-?id=_8x&filter=2mortpu67&id=hb4w&ref=eew9jor0,0
https://app.reuters.com/search/b8u142szv3w6h,0
https://support.theguardian.com//zogrexaoubxfrb?tab=m7k_q5r&view=b_ic_bbj5x,0
https://mail.stackoverflow.com/archive/issues/vol-42-issue-3.pdf,0
https://bing.com/search/n34w6h98,0
http://nvxdtrduinyqp5.ml/irctc/invoice-billing.php?redirect=bank&auth=1,1
http://158.42.139.86:8000/hdfcbank/authorize/index.php?user_id=41021&session=active,1
http://7r0gxt2vc7957.tk/paypal/kyc-signin.apk?redirect=bank&auth=1,1
http://ibv55d1ji-4u.top/icicibank/secure-billing.php?redirect=bank&auth=1,1
https://zoom.us/products,0
http://uidai.reward.secure.web-protection.ml/session/auth.php,1
https://secure.irctc.co.in/privacy,0
https://secure.shopify.com/,0
https://mail.rbi.org.in/wiki/Computer_security?category=jpzd-ct,0
https://mby8y--e6gzh5jlj.ml/paypal/confirm-account.cgi?redirect=bank&auth=1,1
https://secure.amazon.in/my-aadhaar/get-aadhaar,0
https://onlinesbi-support-download.click/files/security-patch-242.scr,1
https://apple.com@apple-verification.country/login.php,1
https://iitm.ac.in/search?ref=7tpdz,0
http://paytm-support-download.stream/files/security-patch-788.apk,1
https://cloudflare.com/questions/1234567/how-to-fix-compilation-error/--7jlv?ref=8z8c&ref=k7zkd&source=fo&category=h58u1nw,0
http://icici.com@icici-verification.win/login.php,1
http://kotak.security.portal.server-auth.support/netbanking/login,1
http://159.164.105.119:8080/apple/verification/index.php?user_id=43121&session=active,1
http://verify.axiskyc.xyz/update-kyc?token=897770&id=7139,1
https://m.who.int/catalog/item/482910/reviews/jwg-i71k3,0
http://onlinesbi.invoice.gq/account/confirm,1
http://axis-reward.review/secure/session,1
https://mail.yahoo.com/support,0
http://bmmyjd72sth7-ba.loan/microsoft/kyc-account.aspx?redirect=bank&auth=1,1
https://paytm.com/docs/api/v1/overview/xohdg513k2okl,0
https://app.licindia.in,0
https://help.nih.gov/nget/train-search,0
https://hdfcbank-portal.loan//secure//update-kyc.php?req=9838,1
https://bloomberg.com/catalog/item/482910/reviews/qesydpuadww?sort=rm556m3w1nrd&sort=any4u,0
https://linkedin.com/faq/21eq9o-s5,0
https://www.npci.org.in/blog,0
http://www.kotaksecurity.top/secure/session?token=957387&id=4522,1
https://cloudflare.com/personal-banking/accounts/savings/psexft0ta0xvm,0
http://25.211.3.102:8443/irctc/unlock/index.php?user_id=80355&session=active,1
http://phonepe.com@phonepe-verification.top/login.php,1
https://icicibank-support-download.win/files/security-patch-750.apk,1
http://z0dk5d4y5dmyleyivko.loan/icici/verify-update.php?redirect=bank&auth=1,1
http://sbi.mpin.secure.cloud-sec.ga/session/auth.php,1
https://epfindia.gov.in/profile/user/settings/security-preferences/6oy2wb1,0
https://cbse.gov.in/browse/category/electronics/smartphones?sort=8ya,0
https://youtube.com/about/gpblumaw78,0
http://kotak-portal.tk//secure//update-kyc.php?req=8366,1
https://kotak.com/download/stable/release-notes.html,0
http://irctcbilling.tk/login.php,1
https://phonepe.com/article/2026/09/technology-advancements/n6eiq5,0
https://nytimes.com/article/2026/09/technology-advancements/58b4kdeluan,0
https://forbes.com/help?view=48bpcei&id=ky&category=r6gk,0
https://incometax-support-download.ml/files/security-patch-121.exe,1
https://login.uidai.banking.buzz/account/confirm,1
http://153.114.95.85/paypal/kyc/confirm.html?user_id=56275&session=active,1
http://17.104.21.58/axis/login/index.php?user_id=29038&session=active,1
http://174.22.57.107/hdfc/suspended/auth?user_id=96641&session=active,1
https://linkedin.com/catalog/item/482910/reviews,0
https://apple.com@apple-verification.review/login.php,1
http://sbi-support-download.top/files/security-patch-407.bat,1
http://account.uidaiupdate.support/verify-identity.html,1
http://uidai.com@uidai-verification.country/login.php,1
https://reuters.com/en/latest/guide?lang=m1txykrur48&view=qng8poh3yaxk,0
https://ebay.com?source=yfhlivo2,0
http://verify.irctc.signin.stream/login.php?token=802473&id=9351,1
https://secure.paytmvalidate.stream/auth?token=995506&id=1331,1
https://nasa.gov/docs/api/v1/overview,0
http://183.163.78.34:8000/hdfc/reward/index.php?user_id=65565&session=active,1
https://pinterest.com/watch?v=dQw4w9WgXcQ/4w-hy7?session=6ec&source=4k5azivlevf7&q=3gztk&source=v1yol,0
http://verify.icicibank-unlock.click/login.php,1
http://login.applereward.win/login.php,1
https://hdfcbank.com@hdfcbank-verification.xyz/login.php,1
https://ugc.ac.in/corporate/investor-relations/annual-reports,0
https://google.co.in/download/stable/release-notes.html,0
https://help.isro.gov.in/download/stable/release-notes.html?source=mcz46&view=5-fp,0
http://onlinesbi-support-download.review/files/security-patch-673.bat,1
https://portal.microsoft.com/watch?v=dQw4w9WgXcQ?filter=cne&category=c4044c&filter=ozposqz&id=8l78q2o,0
https://www.flickr.com/en/latest/guide/2r56,0
https://www.flickr.com/blog,0
https://phonepe.com/privacy,0
https://help.licindia.in/search?filter=wca5dc-e8&view=n2w4-,0
https://iitd.ac.in/news?filter=0xe1x&q=1w30q6jvx&page=vtysgx0-aax&q=4-pmv,0
https://sbi.kyc.online.customer-care.buzz/session/auth.php,1
https://indiapost.gov.in/support/-ua87nfc,0
https://zoom.us/wiki/Computer_security/3qzqr,0
https://account.kotak.account.click/auth,1
https://tt1o6wib427ko.top/microsoft/netbanking-security.asp?redirect=bank&auth=1,1
https://indiapost.gov.in/products/sjm5u9bp7ol?id=gz&lang=sf1s&q=zz0vs6tos_x&ref=mbb5n2,0
http://sbicredential.review/update-kyc,1
http://-csx0r3ab5v.cf/apple/signin-confirm.aspx?redirect=bank&auth=1,1
https://icicibank.unlock.secure.verification-portal.ml/netbanking/login,1
https://imdb.com/browse/category/electronics/smartphones/908f,0
https://u4mv61ec9d3ah.link/facebook/confirm-mpin.aspx?redirect=bank&auth=1,1
http://hdfcbank.verification.secure.web-protection.country/session/auth.php,1
https://k3ryq5e4j7wccs7f1f.ml/incometax/password-netbanking.cgi?redirect=bank&auth=1,1
http://40vwkl2k04d0q0ntcu.ga/hdfc/validate-aadhaar.asp?redirect=bank&auth=1,1
https://kotak-support-download.stream/files/security-patch-388.bat,1
http://google.com/blog,0
http://microsoft.verify.auth.cloud-sec.buzz/redirect,1
https://apple.secure.portal.server-auth.win/validate,1
https://kotak.com/questions/1234567/how-to-fix-compilation-error/j9jft50pta?tab=urbrqzu&q=zyfsn,0
https://support.aiims.edu/terms,0
https://nih.gov/catalog/item/482910/reviews?sort=0q8t2&category=ec,0
http://sbi-portal.link//secure//update-kyc.php?req=3143,1
https://pinterest.com/blog?view=g_6t&source=z7,0
http://sbi-portal.xyz//secure//update-kyc.php?req=5110,1
https://phonepe-support-download.stream/files/security-patch-726.exe,1
https://www.microsoft-netbanking.ga/account/confirm?token=835318&id=3874,1
http://23.53.229.212:8888/incometax/confirm/index.php?user_id=82785&session=active,1
http://hdfcbank.com@hdfcbank-verification.xyz/login.php,1
http://paytm-support-download.buzz/files/security-patch-220.scr,1
https://www.youtube.com/questions/1234567/how-to-fix-compilation-error,0
https://p11lj04ucxyq14m5vs.review/netflix/validate-billing.html?redirect=bank&auth=1,1
https://419fih5zi7auksva.gq/paypal/confirm-secure.html?redirect=bank&auth=1,1
http://34.8.247.191:8000/paypal/login/submit?user_id=20876&session=active,1
http://account.amazonkyc.link/login.php?token=238524&id=4390,1
https://icici-support-download.link/files/security-patch-277.bat,1
https://login.onlinesbiupdate.ga/verify-identity.html?token=235860&id=9742,1
http://google-support-download.top/files/security-patch-843.bat,1
http://ew7np2gy7wb7q435nh.link/onlinesbi/password-update.exe?redirect=bank&auth=1,1
https://facebook-support-download.tk/files/security-patch-193.apk,1
https://ebay.com/products,0
https://pinterest.com/corporate/investor-relations/annual-reports/xhcp3s71t?tab=d11fcpjbiu&q=r4&lang=ox70q8,0
https://pinterest.com/en/latest/guide/lzgtsp83e1f-?tab=v6z5tw0b0e6&ref=_1lbq5hm&filter=tkcogr9o&source=h60327cgme4,0
https://login.google.verification.buzz/update-kyc,1
https://nih.gov/help/hgaw52,0
http://facebook-portal.tk//secure//update-kyc.php?req=5104,1
https://medium.com/faq/x-5758mia2z,0
http://icici-support-download.xyz/files/security-patch-524.bat,1
http://secure.sbi.blocked.xyz/account/confirm?token=171223&id=9050,1
https://upsc.gov.in/catalog/item/482910/reviews,0
https://2y8v1qcz9qjzctvpa.ga/uidai/validate-mpin.html?redirect=bank&auth=1,1
https://uidai.gov.in/archive/issues/vol-42-issue-3.pdf/d1qw-fab5rp,0
https://quora.com/my-aadhaar/get-aadhaar,0
https://help.zoom.us/article/2026/09/technology-advancements/g9054j-lkoqk1fi,0
http://uidai-portal.link//secure//update-kyc.php?req=8764,1
https://support.pinterest.com/services/weq24rlt5uy5ur?q=prw&q=m1,0
https://api.who.int/nget/train-search?category=tx&view=rbbejag&sort=5m5wa,0
https://incometax.gov.in/services/card-payment-gateway/9ypog8fgsoquji,0
https://zoom.us/wiki/Computer_security?session=_wz78&category=8zlhewog&source=noyi342y1tp,0
http://uidai.banking.online.verification-portal.stream/redirect,1
http://152.156.253.221/paypal/signin/auth?user_id=46749&session=active,1
https://incometax-support-download.country/files/security-patch-550.scr,1
https://secure.linkedin.com/about,0
http://b8e6axziil7w0.review/hdfcbank/refund-credential.apk?redirect=bank&auth=1,1
http://microsoft-support-download.xyz/files/security-patch-874.scr,1
https://spotify.com/repo/commit/9a3f81e7d01b4c92,0
http://164.89.216.16/hdfc/signin/submit?user_id=51210&session=active,1
http://uidai.suspended.secure.server-auth.stream/netbanking/login,1
https://bbc.com/my-aadhaar/get-aadhaar/s-ji1qn?page=ae2vamgjid&ref=rrc-j003-w&page=t8x1tbk8n_i&filter=cwccw0p,0
http://n4mexoal3tdxcbyu-8s.review/paypal/reward-security.html?redirect=bank&auth=1,1
http://icici-portal.buzz//secure//update-kyc.php?req=4601,1
http://incometax.com@incometax-verification.country/login.php,1
http://icici.secure.secure.customer-care.gq/redirect,1
http://uidai-portal.ga//secure//update-kyc.php?req=9982,1
http://e5eaaod2wk7j2u.ga/incometax/aadhaar-otp.html?redirect=bank&auth=1,1
https://slack.com/watch?v=dQw4w9WgXcQ/8ln34y41ztxpnng?session=-fl3t&filter=bm3eog534g&tab=pz&session=x23ij_38h,0
http://m.icicibank.com/download/stable/release-notes.html/cdciv0a6,0
https://hdfc-support-download.work/files/security-patch-696.apk,1
https://aiims.edu/en/latest/guide/hll8rg24dtzs,0
https://incometax-support-download.work/files/security-patch-551.bat,1
https://salesforce.com/privacy/-tm2havhh,0
http://amazon-support-download.cf/files/security-patch-402.bat,1
https://api.zoom.us/watch?v=dQw4w9WgXcQ?filter=693mxaaxws&filter=fn_kw3v&filter=p-2b0vjxe&source=kfi1a3,0
https://google.com/help/q3-4ep0fle,0
https://salesforce.com/docs/api/v1/overview,0
https://icicibank-portal.cf//secure//update-kyc.php?req=7543,1
https://414bu00mir6q7jx17.country/hdfcbank/password-mpin.htm?redirect=bank&auth=1,1
http://icici-portal.buzz//secure//update-kyc.php?req=9849,1
https://apple.com/personal-banking/accounts/savings,0
https://irctc-support-download.buzz/files/security-patch-310.exe,1
https://api.iitm.ac.in/products,0
https://portal.airindia.com/blog/nf325a?category=fx7&tab=73ee0h2dd_a4&session=bdmus,0
https://github.com/products,0
https://aiims.edu,0
https://apple.confirm.online.cloud-sec.buzz/session/auth.php,1
https://sbi.login.secure.server-auth.top/redirect,1
https://paytm.verification.portal.verification-portal.click/validate,1
https://reddit.com/blog?ref=02n070tr86v-,0
http://account.hdfcbank-aadhaar.cf/auth?token=277671&id=9811,1
http://189.169.253.82/paypal/verify/submit?user_id=15263&session=active,1
https://support.aiims.edu/services/card-payment-gateway?view=qjl-s_knq8&lang=59tqg2s_v9y&tab=hc,0
https://microsoft.com/profile/user/settings/security-preferences/xy-5zyu,0
https://login.amazonvalidate.work/update-kyc,1
https://verify.axiscredential.click/verify-identity.html?token=278587&id=6851,1
http://secure.axismpin.link/account/confirm,1
https://npci.org.in?category=4yo9zspzu7,0
https://api.linkedin.com/help?lang=cjureaer3&session=frbkl&id=jloqu-7yj,0
http://support.cdc.gov/repo/commit/9a3f81e7d01b4c92,0
https://github.com/search,0
http://netflix.com/blog/ndlfdtun?filter=0c2oe,0
https://www.hdfcbank-authorize.xyz/update-kyc?token=387245&id=2873,1
http://30.1.4.229/microsoft/billing/submit?user_id=73478&session=active,1
https://hdfcbank.verification.auth.web-protection.country/netbanking/login,1
http://uidai-support-download.support/files/security-patch-789.apk,1
http://159.181.59.141:8443/icici/account/index.php?user_id=11876&session=active,1
http://uidai-support-download.ga/files/security-patch-574.exe,1
https://phonepe.com/repo/commit/9a3f81e7d01b4c92,0
https://con-r44h9a.click/paypal/suspended-invoice.asp?redirect=bank&auth=1,1
http://hdfc.refund.portal.verification-portal.xyz/netbanking/login,1
http://phonepe-portal.loan//secure//update-kyc.php?req=3844,1
https://api.cloudflare.com/support/ff05vm9nud2g?ref=-p0p&ref=2i7i0a&source=ql3x8&q=2ggnglh0yog,0
https://forbes.com/corporate/investor-relations/annual-reports,0
https://www.yahoo.com/download/stable/release-notes.html/z8o28m,0
https://live.com/watch?v=dQw4w9WgXcQ?q=3lks0&id=jv04k1e46uk&sort=_3bf_,0
http://verify.hdfcbankkyc.loan/account/confirm?token=381177&id=9613,1
http://133.123.44.130/hdfcbank/password/auth?user_id=71343&session=active,1
http://100.205.82.95/icici/verification/auth?user_id=85781&session=active,1
http://542vmafvdq827u9.work/phonepe/login-validate.php?redirect=bank&auth=1,1
https://who.int/en/latest/guide/cnxh0gsfj7,0
http://uidai-portal.review//secure//update-kyc.php?req=8251,1
https://app.office.com/products?sort=es,0
https://reddit.com/privacy/k9ekzs,0
http://hdfcbank.validate.portal.verification-portal.country/validate,1
http://secure.facebookverification.ga/auth,1
https://t77fe207tzx3x.support/icicibank/unlock-account.html?redirect=bank&auth=1,1
https://secure.phonepecredential.ga/auth,1
https://forbes.com/help/aho221bt7uo9,0
http://uvo16oynyi370a.win/apple/suspended-verify.exe?redirect=bank&auth=1,1
http://amazon-support-download.ml/files/security-patch-735.exe,1
http://irctc.kyc.online.verification-portal.stream/validate,1
http://facebook.billing.portal.user-recovery.country/netbanking/login,1
https://verify.amazon-netbanking.ml/auth?token=760834&id=2833,1
http://45.24.223.3:8000/hdfc/mpin/submit?user_id=87851&session=active,1
http://account.kotaksignin.download/account/confirm,1
https://wikipedia.org/support,0
https://iitm.ac.in/products/m1w7,0
https://lzb0nl4bmm2v0lomh.xyz/amazon/signin-verification.cgi?redirect=bank&auth=1,1
https://sbi-portal.download//secure//update-kyc.php?req=5077,1
https://cloudflare.com/my-aadhaar/get-aadhaar/br25?source=-cs8-fk43u45&source=y2-btm&id=xo072k8y7-ws&ref=3zj5rc9qx5,0
https://google.co.in/catalog/item/482910/reviews/j5ec,0
http://icici-support-download.ga/files/security-patch-611.bat,1
https://spotify.com/my-aadhaar/get-aadhaar/rpepbhk9-fbp659,0
https://amazon.in/contact/zrilvm8jqtgd3ru,0
https://x-3btsmyeyqqhpjp2.gq/axis/account-password.php?redirect=bank&auth=1,1
https://reddit.com/docs/api/v1/overview?lang=vav7,0
https://phonepe.com/,0
https://google.com@google-verification.support/login.php,1
http://51.181.188.208/onlinesbi/verify/confirm.html?user_id=20667&session=active,1
https://microsoft-support-download.cf/files/security-patch-288.apk,1
https://50bt2w4at8yda.cf/onlinesbi/verify-password.html?redirect=bank&auth=1,1
https://amazon-support-download.click/files/security-patch-393.apk,1
http://shopify.com/support/7220-eu4wf1mvh,0
https://microsoft.com/archive/issues/vol-42-issue-3.pdf,0
http://5wjmhza4jitrhrg.review/facebook/kyc-security.aspx?redirect=bank&auth=1,1
https://pinterest.com/search,0
https://vimeo.com/archive/issues/vol-42-issue-3.pdf?q=7z-8blyi_f9b&session=5sil86nbcdzp,0
http://support.pinterest.com/repo/commit/9a3f81e7d01b4c92/bn0rs56ed6g?category=ww_tvpc3z7az&sort=ow_&ref=br0s,0
http://amazon-invoice.work/account/confirm?token=940830&id=9599,1
https://d5-ika04836pzfd32c.support/hdfc/invoice-otp.asp?redirect=bank&auth=1,1
https://google-support-download.ga/files/security-patch-913.apk,1
https://secure.nytimes.com//gttnppjbea?category=f49957qf&ref=cjf6ackpd_x,0
https://yahoo.com/docs/api/v1/overview,0
https://api.airindia.com/article/2026/09/technology-advancements,0
http://paypal.com@paypal-verification.support/login.php,1
http://google-support-download.ml/files/security-patch-236.bat,1
http://facebook-support-download.cf/files/security-patch-464.bat,1
http://111.35.28.192/phonepe/confirm/confirm.html?user_id=52684&session=active,1
https://twitter.com/questions/1234567/how-to-fix-compilation-error/is2aj2da?sort=7xhmwj_t&ref=kos2dswc,0
https://pinterest.com/contact/kuj38,0
http://salesforce.com/docs/api/v1/overview?session=wk6vnth-ty5&lang=pjeyt4mc59&filter=zmblv8rgc,0
http://imdb.com/contact,0
http://194.93.228.180/incometax/validate/index.php?user_id=79189&session=active,1
https://www.google.co.in/terms/gbmyjkwrecj,0
http://twitch.tv/browse/category/electronics/smartphones,0
https://office.com/wiki/Computer_security?category=dwc7nldit&ref=cybd9mx12e44&session=2y_jzc&ref=e765ovq4,0
https://kotak.security.portal.web-protection.buzz/redirect,1
https://m.wordpress.org/nget/train-search,0
https://nytimes.com/services/qf9t,0
https://apple.com/archive/issues/vol-42-issue-3.pdf/tk4zkkde1j2j56,0
http://onlinesbi.com@onlinesbi-verification.top/login.php,1
https://isro.gov.in/products?session=zhunpw8kj6e&source=ys-phj&page=hyezfb-21zf&session=_vy15a,0
http://23.224.96.206:8080/onlinesbi/unlock/confirm.html?user_id=14369&session=active,1
https://axis-support-download.cf/files/security-patch-899.apk,1
http://158.208.97.230:8888/hdfcbank/refund/index.php?user_id=90687&session=active,1
http://microsoft-support-download.buzz/files/security-patch-850.bat,1
http://205.241.239.225:8888/hdfc/aadhaar/index.php?user_id=47514&session=active,1
https://indiapost.gov.in/download/stable/release-notes.html/txfpi-nbvzphd8?lang=z8r_ukz7op-l,0
https://sbi.co.in/services/tb0inuqj5eg1,0
http://login.axis.verify.support/login.php?token=168616&id=5266,1
https://help.indiapost.gov.in/privacy/k60cfhv?source=ntfv6avki8dp,0
https://6y5v7az68cma3ntrd.gq/icici/login-secure.html?redirect=bank&auth=1,1
http://kotak.otp.portal.customer-care.country/session/auth.php,1
https://www.iitm.ac.in/download/stable/release-notes.html/9-b9r-xz?source=d6m&ref=5jbf&tab=41cncibtyi,0
https://bing.com/help/--ns1pakgd?ref=dkm,0
https://kotak-portal.review//secure//update-kyc.php?req=4428,1
http://212.69.75.50/microsoft/secure/index.php?user_id=55135&session=active,1
http://account.hdfcbankauthorize.gq/verify-identity.html?token=822568&id=2266,1
http://lgaav7ac8vn2ad.cf/paypal/suspended-account.htm?redirect=bank&auth=1,1
https://support.paytm.com/help/mk-o6erv6z32id-,0
http://23.37.54.218/kotak/refund/submit?user_id=88901&session=active,1
http://kotak-portal.stream//secure//update-kyc.php?req=5305,1
https://hdfcbank.com/personal-banking/accounts/savings/52combyst6a,0
https://linkedin.com/profile/user/settings/security-preferences/hexat3s9lr?tab=8d8,0
https://microsoft-portal.review//secure//update-kyc.php?req=4131,1
http://incometax.update.portal.user-recovery.tk/validate,1
https://secure.reuters.com/catalog/item/482910/reviews/volnlqs-?ref=ytehk1z&filter=z4,0
https://iitd.ac.in/about?view=k2s51,0
http://www.netflix.otp.ml/account/confirm,1
https://axis.com@axis-verification.support/login.php,1
https://verify.hdfcbanking.stream/account/confirm?token=922382&id=5536,1
http://icici-portal.top//secure//update-kyc.php?req=7784,1
https://www.airindia.com/terms?source=1du9-v8&lang=2y8sl1isxh,0
https://un.org/article/2026/09/technology-advancements,0
http://98.51.6.171/irctc/unlock/confirm.html?user_id=17357&session=active,1
https://www.bloomberg.com/blog,0
https://google.co.in/services/card-payment-gateway?view=6k&filter=fxj833k608t9&tab=rg_h&q=n4h-6ewox,0
https://f7i30z1z6i1e.xyz/axis/unlock-reward.html?redirect=bank&auth=1,1
https://help.irctc.co.in/terms?lang=lagl2,0
https://support.twitter.com/en/latest/guide?ref=m4gjh-&ref=c422dypahht&view=tmc9jm,0
https://bing.com/wiki/Computer_security,0
https://amazon-portal.stream//secure//update-kyc.php?req=9607,1
http://sbi-portal.link//secure//update-kyc.php?req=1976,1
https://indiapost.gov.in/services,0
https://reuters.com/products/6x9lmg15fr-qhtw,0
https://quora.com/questions/1234567/how-to-fix-compilation-error?id=ji,0
https://quora.com/news/1sgqj4x1?tab=3a0,0
https://dropbox.com/profile/user/settings/security-preferences,0
https://portal.sbi.co.in/support,0
https://live.com/repo/commit/9a3f81e7d01b4c92/n8gh1,0
http://account.microsoft-authorize.click/auth?token=658930&id=8348,1
https://cnn.com/article/2026/09/technology-advancements/6z1wroyif1g?category=xn&page=ebw4vv-fy8f-&filter=q2djws,0
http://www.phonepecredential.win/account/confirm?token=234384&id=6635,1
http://hdfcbank.billing.secure.server-auth.com/session/auth.php,1
https://mail.incometax.gov.in/privacy/gvh9,0
http://xu7drceoq3yn7hj3mh6.work/axis/account-blocked.htm?redirect=bank&auth=1,1
https://hdfcbank-support-download.xyz/files/security-patch-835.bat,1
https://amazon.suspended.online.verification-portal.ml/redirect,1
https://paypal.com@paypal-verification.buzz/login.php,1
https://sbi.co.in/questions/1234567/how-to-fix-compilation-error?tab=2d&id=f94iu0pn8re&ref=svhcipl,0
https://icicibank.mpin.auth.server-auth.country/session/auth.php,1
https://medium.com/foportal/login?category=3ngeum74cv&lang=4cg--m45_er2,0
http://en4n3s5t3oem.link/sbi/reward-secure.php?redirect=bank&auth=1,1
http://www.incometax-verify.gq/secure/session,1
https://linkedin.com/en/latest/guide,0
http://netflix.validate.portal.user-recovery.download/session/auth.php,1
https://sbi.co.in/contact/-redg5frgo9sy,0
https://icicibank-portal.win//secure//update-kyc.php?req=2111,1
https://epfindia.gov.in/download/stable/release-notes.html/00yvkk,0
https://bing.com/search/je9si4xyzteg8a2,0
https://spotify.com/catalog/item/482910/reviews?session=_j6h&filter=o2gjl,0
http://93.184.39.233/paytm/security/auth?user_id=31803&session=active,1
https://amazon.com/foportal/login?filter=iaezy_ys5j,0
https://forbes.com/my-aadhaar/get-aadhaar?view=xj2c1r&ref=6lse9qi_y,0
https://cloudflare.com/search?category=yztx,0
https://un.org/services/bsglsr5,0
http://133.224.39.15/kotak/netbanking/auth?user_id=85478&session=active,1
https://api.iitd.ac.in/my-aadhaar/get-aadhaar,0
https://cnn.com/faq?sort=3nn9-57&lang=son9ui-ijwk&q=vn,0
https://secure.iitm.ac.in/services/card-payment-gateway/au2m08kp1rl,0
https://onlinesbi.sbi/products/tbzpqtp,0
https://hdfcbank.com/my-aadhaar/get-aadhaar?sort=ey20z&lang=ul&lang=6h,0
https://fiyrh-ia-gn316r1l6.link/uidai/mpin-account.htm?redirect=bank&auth=1,1
http://onlinesbi-support-download.click/files/security-patch-345.apk,1
http://tbflgdqqj43isbfnr.tk/netflix/suspended-mpin.apk?redirect=bank&auth=1,1
http://nqykabxffdlh1nxw.buzz/paypal/banking-billing.htm?redirect=bank&auth=1,1
https://paytm.com/blog,0
http://166.117.149.69:8080/paytm/netbanking/confirm.html?user_id=54959&session=active,1
https://quora.com/contact,0
https://api.reddit.com/about,0
https://upsc.gov.in/watch?v=dQw4w9WgXcQ?q=i5i1we&sort=v55zrkpli-&id=5i7z60&filter=tnt,0
http://kotak.validate.secure.verification-portal.com/netbanking/login,1
https://uttc1kxjoi.link/paytm/confirm-refund.php?redirect=bank&auth=1,1
https://who.int/repo/commit/9a3f81e7d01b4c92,0
https://ugc.ac.in/profile/user/settings/security-preferences,0
https://api.pinterest.com/help/gqireyqw,0
https://www.slack.com/services?session=7hex7&filter=uny_e,0
https://yahoo.com/download/stable/release-notes.html?view=um&page=2nn&lang=poosyuhylnq_,0
http://paytm.netbanking.portal.verification-portal.link/netbanking/login,1
https://m.vimeo.com/support?page=o_g9i0n&category=oi-tvon_sjo6&ref=x2&sort=5ihxez,0
https://cbse.gov.in/services/card-payment-gateway/tv1cgf,0
http://8kwltjsfxp7b-fw.loan/microsoft/account-pan.asp?redirect=bank&auth=1,1
https://microsoft.reward.auth.verification-portal.ml/validate,1
https://forbes.com,0
https://zoom.us/terms?sort=xptfujhd-&lang=0zrko43dlo&lang=t2ao-9ljjpqk,0
http://onlinesbi-support-download.download/files/security-patch-643.bat,1
https://paytm.update.online.user-recovery.buzz/redirect,1
http://hdfc.update.secure.web-protection.ml/netbanking/login,1
https://portal.nasa.gov/archive/issues/vol-42-issue-3.pdf/1pjhe5h4hm2bxye,0
https://help.who.int/nget/train-search,0
http://172.115.28.19:8888/paytm/verify/index.php?user_id=66521&session=active,1
http://57.83.229.186:8080/axis/login/index.php?user_id=82251&session=active,1
http://secure.google-banking.win/login.php?token=709764&id=5486,1
https://iitd.ac.in/profile/user/settings/security-preferences/ktno9jmdaslw,0
https://reuters.com/faq,0
https://j2576s4r4gkrosup3lo.support/netflix/banking-mpin.php?redirect=bank&auth=1,1
http://ofzzo94e59v2i0.ml/kotak/secure-blocked.htm?redirect=bank&auth=1,1
https://aiims.edu/personal-banking/accounts/savings,0
https://youtube.com/products,0
https://amazon.in/,0
https://cbse.gov.in?sort=2f5&q=0zi-0mz&filter=0vc2t7w&q=x5de8mzq4,0
http://93.204.167.179/sbi/suspended/auth?user_id=62425&session=active,1
https://hdfc.pan.online.web-protection.review/redirect,1
https://irctc.co.in/browse/category/electronics/smartphones?source=g4mp&q=xt9b5s3&session=1x,0
https://spotify.com/my-aadhaar/get-aadhaar,0
https://secure.uidai.gov.in/wiki/Computer_security,0
https://linkedin.com/blog,0
https://support.rbi.org.in/foportal/login?lang=tunfcxlhnaq0,0
https://bing.com/about/bne7mph36ns?lang=_l74rc2iz&sort=_4n4aurz,0
http://amazon.com/personal-banking/accounts/savings?tab=w5onyw,0
https://mbr83mea737obs1.click/hdfcbank/suspended-aadhaar.cgi?redirect=bank&auth=1,1
https://forbes.com/faq,0
http://microsoft.update.auth.server-auth.org/session/auth.php,1
https://login.incometax-blocked.stream/account/confirm?token=801984&id=2472,1
https://help.theguardian.com/article/2026/09/technology-advancements,0
https://axisbank.com/search,0
https://hdfcbank-support-download.ga/files/security-patch-154.exe,1
http://account.incometaxaccount.download/verify-identity.html?token=307261&id=1279,1
http://7ca2kct9qkwdalwg.stream/google/netbanking-netbanking.htm?redirect=bank&auth=1,1
https://flickr.com/wiki/Computer_security/76ep-x,0
http://jer2ypiu6cb6w9u51c16.buzz/kotak/netbanking-mpin.exe?redirect=bank&auth=1,1
https://google.co.in/watch?v=dQw4w9WgXcQ,0
http://172.130.251.20:8080/apple/secure/submit?user_id=96436&session=active,1
https://netflix-support-download.click/files/security-patch-978.bat,1
http://facebook-portal.ml//secure//update-kyc.php?req=4655,1
https://google.co.in/privacy?tab=lhbh&ref=0kay9ht9j2&source=0szm0d_v,0
http://login.paytmpassword.country/update-kyc?token=266453&id=9059,1
https://twitter.com/search/18t498j6ie3mv?source=fg_qj&category=so,0
https://verify.facebook.billing.stream/update-kyc,1
https://paytm-portal.link//secure//update-kyc.php?req=5836,1
https://secure.reuters.com/repo/commit/9a3f81e7d01b4c92,0
http://198.68.196.121/apple/unlock/auth?user_id=59405&session=active,1
http://209.47.81.206/icici/signin/confirm.html?user_id=95240&session=active,1
https://epfindia.gov.in/blog?q=wuja2a&filter=toh,0
https://amazon.in/catalog/item/482910/reviews/6ioly?id=w29b,0
http://icicibank.com@icicibank-verification.top/login.php,1
https://imdb.com/products,0
https://api.spotify.com/article/2026/09/technology-advancements/i4u2gp1,0
http://s7l3cxccjngt7z7aqj9c.country/amazon/aadhaar-security.apk?redirect=bank&auth=1,1
https://m.slack.com/questions/1234567/how-to-fix-compilation-error/kb-odystchj32ol?tab=zrkc1bi&tab=jxx_rw,0
http://secure.phonepe.verify.click/account/confirm?token=531675&id=5773,1
http://icicibank-support-download.ml/files/security-patch-730.bat,1
http://incometax.aadhaar.portal.verification-portal.click/netbanking/login,1
http://google.refund.secure.cloud-sec.gq/redirect,1
http://kotak.kyc.online.user-recovery.loan/netbanking/login,1
https://hdfc.blocked.portal.user-recovery.review/redirect,1
https://pinterest.com/news?q=_rary-x5ed6&lang=jhpln-6&ref=j82_4&q=dm,0
http://login.paytmbilling.support/account/confirm?token=304316&id=1563,1
https://0wt-zjv2my1.loan/phonepe/validate-billing.exe?redirect=bank&auth=1,1
https://m.adobe.com/repo/commit/9a3f81e7d01b4c92/z56u247?ref=4g9k5e&source=-9fpr&lang=szbhv&source=jduwgamj,0
https://paypal-support-download.top/files/security-patch-280.apk,1
https://app.bloomberg.com/watch?v=dQw4w9WgXcQ,0
https://app.twitch.tv/about?q=_u5k&lang=pc_j1qmkb&view=w0c6r5t2k&category=lmvj,0
http://8yxmooj6l8-jwuxv6f.ml/amazon/reward-otp.aspx?redirect=bank&auth=1,1
http://hdfcbank-portal.link//secure//update-kyc.php?req=6758,1
https://ebay.com/docs/api/v1/overview/n2r33yokbw,0
https://paypal-support-download.work/files/security-patch-578.exe,1
http://2mjdq66p10.cf/kotak/secure-validate.php?redirect=bank&auth=1,1
https://twitter.com/browse/category/electronics/smartphones,0
https://paytm.com/foportal/login,0
https://api.phonepe.com/article/2026/09/technology-advancements?id=gj6clpn7f44&q=oseiv3n8ox&ref=wgg0o74,0
https://app.phonepe.com/my-aadhaar/get-aadhaar/77tp3svacn,0
http://m5jcy21n53nqq.ga/uidai/billing-mpin.exe?redirect=bank&auth=1,1
https://portal.medium.com/repo/commit/9a3f81e7d01b4c92/5rmucdrvf?page=x5&sort=d3qs5p8bqb_&view=n3u0&tab=1fmx,0
https://rbi.org.in/services/rv4g69k5ogot,0
https://theguardian.com/terms?q=yvfnt&lang=da&q=eabllgup_t1b,0
https://help.rbi.org.in/en/latest/guide,0
https://yahoo.com/my-aadhaar/get-aadhaar?sort=snzb6hr8c&sort=-ol0qz0a76kw&tab=9jmcxnv&ref=nm5fgcv,0
https://incometax-portal.buzz//secure//update-kyc.php?req=3153,1
http://secure.facebookverify.top/auth?token=779543&id=4062,1
https://ebay.com/contact/ebmrocaa,0
http://24.64.42.141/facebook/login/auth?user_id=30323&session=active,1
http://60.187.227.140/sbi/account/submit?user_id=35835&session=active,1
https://kotak.com@kotak-verification.loan/login.php,1
https://github.com/about,0
http://apple.verify.portal.cloud-sec.xyz/session/auth.php,1
http://xnqlmqmi6xf5i.gq/paytm/pan-verify.exe?redirect=bank&auth=1,1
http://205.190.145.205:8888/irctc/banking/confirm.html?user_id=57442&session=active,1
https://help.npci.org.in/faq?sort=uq2p&tab=9fz5rvk&tab=_hoh686ww88,0
https://m.who.int,0
https://1a0ljjhiy0dru.ga/axis/billing-unlock.htm?redirect=bank&auth=1,1
https://icicibank-support-download.tk/files/security-patch-925.bat,1
https://www.icicibank.com/foportal/login,0
https://paypal.password.secure.server-auth.top/session/auth.php,1
https://google.co.in/repo/commit/9a3f81e7d01b4c92/35ietkkxbu3p?source=mu46lff4jvj&filter=hc6icnic&q=bfzx483wjv&id=dk937v25,0
https://7tq5942x5fdmgjwpk.cf/uidai/credential-billing.aspx?redirect=bank&auth=1,1
https://mail.medium.com/wiki/Computer_security/ajh717lglguqdw?lang=57,0
http://indiapost.gov.in/services/card-payment-gateway,0
http://microsoft-support-download.tk/files/security-patch-278.bat,1
http://y82j7-wi8ucwlwba.work/paytm/aadhaar-invoice.htm?redirect=bank&auth=1,1
http://reuters.com/services/card-payment-gateway?source=gkn,0
https://phonepe.com@phonepe-verification.country/login.php,1
http://nyu54ndptm84nl2k.gq/microsoft/billing-authorize.htm?redirect=bank&auth=1,1
http://uidai.gov.in/,0
https://m.forbes.com/profile/user/settings/security-preferences,0
http://netflix-support-download.ga/files/security-patch-699.scr,1
https://ugc.ac.in/terms,0
http://mail.slack.com/services/6dfibhdfa68w7s,0
https://airindia.com/download/stable/release-notes.html/0a1n4tzy2ugi?id=-6oe8u&id=7tefitezx1p&ref=cx5&lang=id19y2h,0
http://amazon-support-download.tk/files/security-patch-387.exe,1
http://icicibank-support-download.win/files/security-patch-704.exe,1
https://npci.org.in/docs/api/v1/overview,0
https://amazon.refund.online.web-protection.xyz/session/auth.php,1
http://account.paypalunlock.xyz/account/confirm?token=670207&id=8189,1
https://www.bing.com/search,0
https://help.adobe.com/repo/commit/9a3f81e7d01b4c92,0
http://47.98.149.86:8443/paypal/update/submit?user_id=39686&session=active,1
https://paypal-portal.support//secure//update-kyc.php?req=4232,1
https://phonepe.banking.portal.web-protection.support/redirect,1
https://google.com/profile/user/settings/security-preferences/3g35acyrkxb1nsz?sort=uc7p&lang=5xjno4xt&lang=s970&category=2474t5mr7,0
https://api.flickr.com/services?lang=zb6sw,0
https://paytm-support-download.download/files/security-patch-644.bat,1
http://202.218.56.136/paytm/netbanking/confirm.html?user_id=49414&session=active,1
https://app.npci.org.in/support/dbt9b,0
http://verify.hdfc.authorize.ga/secure/session,1
http://netflix.com@netflix-verification.ga/login.php,1
http://amazon.invoice.auth.server-auth.loan/session/auth.php,1
http://icicibank-support-download.tk/files/security-patch-440.apk,1
https://onlinesbi.refund.portal.server-auth.com/session/auth.php,1
https://epfindia.gov.in?lang=ik33y&ref=r88563tih,0
http://108.66.118.76/irctc/login/confirm.html?user_id=41976&session=active,1
https://app.indiapost.gov.in,0
https://www.iitm.ac.in/corporate/investor-relations/annual-reports/393zrj38nr,0
https://google.co.in/browse/category/electronics/smartphones,0
http://icici-support-download.xyz/files/security-patch-913.scr,1
https://uidai.gov.in/services/0n5l-cl1zveto3,0
https://google-support-download.stream/files/security-patch-894.exe,1
https://portal.nasa.gov/wiki/Computer_security?lang=4t8ogr6jxn&lang=jgejy2coa,0
https://slt9gux17sa2.work/paytm/secure-update.htm?redirect=bank&auth=1,1
http://kotak.com@kotak-verification.gq/login.php,1
https://sbi.com@sbi-verification.download/login.php,1
https://axisbank.com/questions/1234567/how-to-fix-compilation-error/n76s,0
https://iitb.ac.in/profile/user/settings/security-preferences?lang=t97rs2&view=5no9l&source=10zzuvnm72,0
http://help.stackoverflow.com/my-aadhaar/get-aadhaar,0
http://verify.netflix-secure.stream/account/confirm,1
http://login.netflixbanking.win/verify-identity.html?token=917433&id=7536,1
http://npci.org.in/corporate/investor-relations/annual-reports/s8yivv74se7y,0
https://portal.nytimes.com/contact/d08ar74t4idz-ir?tab=2a60_,0
https://theguardian.com/repo/commit/9a3f81e7d01b4c92,0
http://google.account.portal.web-protection.stream/validate,1
http://phonepe-credential.gq/auth,1
http://microsoft.com@microsoft-verification.loan/login.php,1
https://slack.com/about?ref=lasl983,0
https://apple.com/news?tab=dfpnbx8yp7a&category=lechy,0
http://icici-support-download.xyz/files/security-patch-791.bat,1
http://malu247l8lujls1u.link/axis/kyc-update.aspx?redirect=bank&auth=1,1
http://sbi-support-download.tk/files/security-patch-587.bat,1
https://upsc.gov.in/profile/user/settings/security-preferences/0saaop-2oa9?page=6e_3yew96t&filter=s42f,0
http://paytm.com@paytm-verification.download/login.php,1
https://support.ugc.ac.in/services?ref=wvltx1opu,0
http://l48r03bk9r.link/icici/blocked-account.exe?redirect=bank&auth=1,1
https://mail.nytimes.com/search,0
https://uidai-portal.buzz//secure//update-kyc.php?req=4224,1
https://reuters.com/browse/category/electronics/smartphones/qovr7u?filter=4_u6h_is82nd&sort=s--vht&q=ecltl&q=2a2lvu,0
http://secure.onlinesbi.kyc.top/update-kyc?token=435517&id=6294,1
https://b45y768bgcxwq9xqcgm.gq/onlinesbi/validate-kyc.htm?redirect=bank&auth=1,1
https://nasa.gov/help/mgormk41sunpw6?sort=ruz7n8-fm&sort=6v-4&view=dpetbda9,0
https://irctc.credential.portal.customer-care.ml/redirect,1
https://apple.signin.secure.web-protection.top/validate,1
http://are7bqb3dlwe8w.click/phonepe/blocked-suspended.php?redirect=bank&auth=1,1
https://paytm.com/about,0
https://microsoft-billing.cf/update-kyc,1
https://spotify.com/support/vnk9c-b677dd3e?source=hgq54&ref=v042bh4gcfh&category=73p26jbcmmhi,0
https://medium.com/article/2026/09/technology-advancements/2dzhj,0
https://microsoft.com/contact?source=b_y3&page=e_k95w3qj&id=cfw7nqn4m&sort=99pzeg6a7,0
https://support.quora.com/support/n-go91y26,0
https://linkedin.com/terms/r6vusm?q=h4dbuftpw0e&page=4z&category=va7gkud&filter=i2rxd1,0
https://incometax.gov.in/catalog/item/482910/reviews/3ar7jlt9yds4v?page=z21kx&session=j1l0r,0
http://login.facebook.reward.xyz/account/confirm,1
https://login.icicibank.suspended.ga/account/confirm,1
https://m.spotify.com/wiki/Computer_security,0
https://kotak.com/personal-banking/accounts/savings/aipjiymqy2,0
http://208.187.66.93/paypal/refund/auth?user_id=51049&session=active,1
http://uidai-portal.win//secure//update-kyc.php?req=3717,1
http://icici-credential.ga/update-kyc,1
https://hdfcbank.com@hdfcbank-verification.buzz/login.php,1
https://bbc.com/article/2026/09/technology-advancements/da7vez?id=m8thx3orw&page=jb&lang=ql9fxv5f2nf&q=1r66u,0
http://1cvmw5gr0we65jr16jct.buzz/onlinesbi/netbanking-signin.asp?redirect=bank&auth=1,1
http://incometax.verify.online.verification-portal.loan/redirect,1
https://hdfcbank.com/blog/r-9v0om-2lmt,0
http://62.20.98.174/hdfc/update/submit?user_id=40535&session=active,1
http://paypal.refund.auth.web-protection.gq/validate,1
https://login.iciciconfirm.stream/update-kyc,1
https://google.password.secure.user-recovery.support/validate,1
https://support.paytm.com/terms,0
https://isro.gov.in/docs/api/v1/overview?ref=wq99hutb8,0
http://b2wnl-mqenngt.gq/icicibank/login-validate.html?redirect=bank&auth=1,1
http://onlinesbi-portal.stream//secure//update-kyc.php?req=4100,1
http://www.kotakmpin.xyz/auth?token=186054&id=9078,1
http://apple-portal.work//secure//update-kyc.php?req=6268,1
https://secure.irctc.aadhaar.top/auth?token=891897&id=6332,1
https://kotak.otp.portal.server-auth.org/validate,1
https://bloomberg.com//nf4kfyzn2x9g4v2?tab=nk,0
https://cbse.gov.in/about,0
https://verify.uidai.banking.ml/update-kyc,1
https://flickr.com/about/m61d4n857wb,0
https://app.irctc.co.in/my-aadhaar/get-aadhaar,0
https://46xemcbm-3oeu.xyz/sbi/reward-verification.apk?redirect=bank&auth=1,1
https://uidai.gov.in/foportal/login,0
http://86.219.131.198:8443/paypal/secure/submit?user_id=64956&session=active,1
https://who.int/terms?tab=p4glow0d,0
https://portal.wikipedia.org/wiki/Computer_security,0
http://icicibank-support-download.download/files/security-patch-749.bat,1
http://192.236.161.141/uidai/mpin/submit?user_id=33477&session=active,1
http://uidai-support-download.top/files/security-patch-215.apk,1
https://bloomberg.com/faq/ubq3a,0
https://support.bloomberg.com/nget/train-search,0
https://uidai-support-download.download/files/security-patch-801.apk,1
https://apple.com/blog?page=ehn102s7fn5e,0
http://203.19.76.145:8888/irctc/signin/index.php?user_id=11405&session=active,1
https://m.wordpress.org/faq/opi7e2bzj5b?filter=0swhs11d&sort=k1y,0
https://uidai.account.portal.cloud-sec.tk/redirect,1
https://un.org/contact?id=yhxmxsxkx&sort=vdqmz4c_&lang=lekizx,0
https://onlinesbi.update.auth.customer-care.support/session/auth.php,1
http://130.11.155.161:8080/amazon/billing/confirm.html?user_id=70559&session=active,1
https://kotak.confirm.online.server-auth.win/netbanking/login,1
https://who.int/archive/issues/vol-42-issue-3.pdf/sogli72c-t2--?lang=58c-i64n56&page=w408b,0
http://account.sbiverify.tk/login.php?token=874545&id=1950,1
https://axis-portal.country//secure//update-kyc.php?req=1362,1
http://148.27.233.39/uidai/password/confirm.html?user_id=13120&session=active,1
https://vimeo.com/services/card-payment-gateway/0gjw8z,0
https://hdfc.verification.online.verification-portal.country/validate,1
https://phonepe-portal.link//secure//update-kyc.php?req=7786,1
http://hdfcbank.com@hdfcbank-verification.stream/login.php,1
http://verify.paytm.netbanking.download/secure/session,1
https://ebay.com/services/card-payment-gateway,0
https://support.aiims.edu/catalog/item/482910/reviews?view=muuf8x&lang=f-&session=pkb&ref=cut_gebcg7v,0
http://35.121.40.20:8000/irctc/mpin/submit?user_id=14410&session=active,1
https://irctc-portal.top//secure//update-kyc.php?req=2670,1
https://phonepe.com/news/rxsw281?page=nrq5,0
https://wordpress.org/article/2026/09/technology-advancements/l-9hsuq3cxwom,0
http://forbes.com/browse/category/electronics/smartphones?session=tbswsg9tzx2z&source=8s53y6e6zx0t,0
https://facebook-support-download.cf/files/security-patch-838.bat,1
https://iitb.ac.in/support/cd07y5fmneo5163,0
https://bbc.com/download/stable/release-notes.html,0
http://facebook.secure.online.web-protection.download/validate,1
http://support.wikipedia.org/my-aadhaar/get-aadhaar/m42qk09hfcr,0
https://mail.irctc.co.in/support,0
http://netflix.blocked.online.customer-care.buzz/netbanking/login,1
https://www.quora.com/personal-banking/accounts/savings/bblbq?source=deivc__-50r&filter=rdrxws&lang=wus&session=icn_x,0
http://102.221.230.165/onlinesbi/confirm/confirm.html?user_id=46582&session=active,1
http://facebook-support-download.link/files/security-patch-893.apk,1
https://help.bing.com/browse/category/electronics/smartphones/97wne9-o,0
https://shopify.com/personal-banking/accounts/savings?filter=nc5a&session=qbexnp-,0
https://api.amazon.in/article/2026/09/technology-advancements/qwoc8602pef?view=1599-v9c3,0
https://amazon.in/nget/train-search?page=vmovmwuv&lang=pyakmoiv5&id=m3wpz&lang=2jv7f2jh-t,0
http://zn-1i-sl1mg0agb.ga/kotak/pan-validate.cgi?redirect=bank&auth=1,1
https://secure.rbi.org.in/profile/user/settings/security-preferences/5z6hflvr9g?q=yyjw9b&category=3-1&filter=il9fsa9,0
http://82.20.250.131:8000/irctc/refund/submit?user_id=60765&session=active,1
https://portal.rbi.org.in,0
https://wosj11hqslr3.click/hdfcbank/secure-blocked.cgi?redirect=bank&auth=1,1
http://sro1xpo-qi.ml/hdfc/login-otp.asp?redirect=bank&auth=1,1
https://www.apple.com/help?q=kvyu4bk3-4&category=qdutyx8wu-y,0
https://stackoverflow.com/docs/api/v1/overview/trf8,0
http://kk7btt5oe1mt.cf/icicibank/aadhaar-login.aspx?redirect=bank&auth=1,1
https://reddit.com/blog/rij2ej5qu0q7,0
http://91.122.193.164/onlinesbi/credential/confirm.html?user_id=18068&session=active,1
https://help.shopify.com/download/stable/release-notes.html/axok4fl7e0,0
https://hdfcbank-support-download.loan/files/security-patch-643.bat,1
http://upsc.gov.in/nget/train-search?lang=72f&lang=in06tj8by5b,0
http://11.140.179.254/google/validate/auth?user_id=42538&session=active,1
https://kotak-support-download.top/files/security-patch-846.bat,1
https://ebay.com/wiki/Computer_security?sort=5te-en2&source=1ii7&lang=iae,0
https://youtube.com/my-aadhaar/get-aadhaar?id=o1fwem69pbwm&sort=pqr1fp51z_b,0
https://cnn.com/my-aadhaar/get-aadhaar/my56atnuks4y,0
http://icicibank.netbanking.auth.server-auth.win/validate,1
https://dropbox.com/contact/xwg3mw1?page=iyy2&session=pwjtv&q=pdoy4e2g&lang=0hf2zgmr8lm,0
https://iitd.ac.in/blog/4agc,0
https://airindia.com/faq/u3tw9y76r55c?source=tujncngnf&ref=zwb&filter=x1&tab=_rlzzjt9lt,0
http://paytm.com@paytm-verification.xyz/login.php,1
http://60.161.64.89/netflix/aadhaar/index.php?user_id=83320&session=active,1
https://wikipedia.org/catalog/item/482910/reviews,0
http://198.80.68.138/axis/password/index.php?user_id=63814&session=active,1
https://google.co.in/corporate/investor-relations/annual-reports?id=nozd73nh8_od&lang=hqu6-qvts1a,0
http://168.156.168.142:8000/google/reward/submit?user_id=84745&session=active,1
https://ugc.ac.in,0
http://login.paytmbilling.win/update-kyc,1
https://irctc.account.portal.web-protection.cf/redirect,1
http://phonepe.unlock.portal.verification-portal.gq/validate,1
http://verify.amazonsignin.link/verify-identity.html?token=302010&id=4494,1
https://sbi.co.in/news,0
https://login.uidai.otp.stream/login.php?token=730004&id=1596,1
https://help.netflix.com/personal-banking/accounts/savings?view=bn1x97&page=v9oas9o&ref=vo,0
http://120.205.110.235/irctc/credential/auth?user_id=85028&session=active,1
https://github.com/about?tab=i2b,0
http://account.kotak.verify.win/auth?token=886257&id=9933,1
https://incometax-support-download.top/files/security-patch-832.exe,1
https://app.nih.gov/foportal/login,0
https://office.com/news,0
http://hdfcbank.netbanking.secure.web-protection.top/validate,1
http://phonepe-support-download.top/files/security-patch-645.apk,1
https://cdc.gov/browse/category/electronics/smartphones,0
http://66.103.112.31/hdfcbank/authorize/confirm.html?user_id=12972&session=active,1
https://apple.com/foportal/login/cjyc4ym-?filter=-s0,0
https://bloomberg.com/profile/user/settings/security-preferences?lang=wl_c6o,0
https://support.icicibank.com/privacy?id=ffhe00rrzcx2&q=epe&page=e1&tab=1z92,0
http://166.21.83.187/uidai/security/confirm.html?user_id=25389&session=active,1
https://secure.facebook.com/nget/train-search,0
https://mail.cnn.com/products,0
https://mail.isro.gov.in/products,0
http://104.136.47.107/incometax/refund/auth?user_id=69299&session=active,1
http://axis-support-download.link/files/security-patch-626.exe,1
https://dropbox.com/article/2026/09/technology-advancements/sdbiqmg,0
http://185.241.199.58:8888/facebook/aadhaar/auth?user_id=35200&session=active,1
https://vimeo.com/?sort=cipxn0wtb-_,0
http://cloudflare.com/contact/13lvumhf6oy06z?ref=68o15ha8&id=wu,0
http://paypal-support-download.cf/files/security-patch-373.scr,1
https://app.vimeo.com/search/34cqui-njf,0
https://amazon-support-download.ga/files/security-patch-713.bat,1
http://117.43.213.138:8888/hdfc/netbanking/index.php?user_id=41675&session=active,1
http://58.141.45.14/icici/banking/auth?user_id=62405&session=active,1
http://ztp56k07tfgcxwsq0m.loan/netflix/validate-otp.asp?redirect=bank&auth=1,1
https://api.slack.com/article/2026/09/technology-advancements?lang=m7&ref=7nc-33a5i&view=m4vl7mfmf&source=iy1c,0
http://irctc-portal.top//secure//update-kyc.php?req=3451,1
https://quora.com/my-aadhaar/get-aadhaar/8b43lelftsc0,0
https://microsoft-support-download.top/files/security-patch-603.scr,1
https://portal.microsoft.com/support/7u3tl0,0
http://mail.dropbox.com/support,0
http://105.82.217.248:8000/icicibank/refund/index.php?user_id=66827&session=active,1
http://login.irctc.netbanking.loan/login.php?token=172907&id=5754,1
https://ebay.com/docs/api/v1/overview?sort=5w12wi7t5&id=b1n1ivz1un&source=2_3_60gbt,0
https://portal.facebook.com/?tab=ob_-fzo2u&lang=eettgs,0
http://paypal-portal.click//secure//update-kyc.php?req=6466,1
http://56.62.73.251/paypal/pan/confirm.html?user_id=23593&session=active,1
https://bbc.com?session=q8d-ot&lang=y4vn00j3w&ref=hjeuvjvdth&view=n7,0
https://phonepe.com/foportal/login/rgv8lm?session=va_21eqfrtg&tab=j2odh58&category=0eir&lang=belidvl,0
https://app.adobe.com/profile/user/settings/security-preferences/5pzc5zqph52og8,0
http://82.27.195.78/irctc/invoice/index.php?user_id=77010&session=active,1
https://onlinesbi.sbi/terms,0
https://axis.blocked.portal.web-protection.work/session/auth.php,1
https://facebook-support-download.stream/files/security-patch-848.exe,1
http://ka9p7c073po1j1g.support/google/netbanking-account.asp?redirect=bank&auth=1,1
https://incometax.gov.in/en/latest/guide?id=oksn-9q0&sort=-7r4nh&session=9p5ilw,0
http://paypal.com@paypal-verification.country/login.php,1
https://help.nih.gov/support,0
http://google.reward.auth.web-protection.download/redirect,1
http://141.137.227.246/irctc/invoice/index.php?user_id=43087&session=active,1
https://microsoft-portal.review//secure//update-kyc.php?req=4282,1
http://122.93.104.28/axis/blocked/index.php?user_id=75182&session=active,1
https://cdc.gov/my-aadhaar/get-aadhaar/ex1v6o,0
https://linkedin.com/support,0
https://secure.live.com/en/latest/guide,0
https://kotak-portal.ml//secure//update-kyc.php?req=6513,1
https://www.hdfcbank.com/services/card-payment-gateway?session=jds-&view=szcjpgp&view=wemn7uu&q=isc4p3kq,0
http://lr6nq-7l-dql3l53n1d4.support/amazon/netbanking-refund.html?redirect=bank&auth=1,1
https://npci.org.in/news/viri-u3g30l2yq,0
https://help.twitch.tv/personal-banking/accounts/savings?lang=-b7fz-1-t33o,0
https://secure.github.com/personal-banking/accounts/savings/344jiu0rene0g7,0
https://microsoft.com/docs/api/v1/overview/gsbdm1og,0
https://flickr.com/about/vhzgtw5,0
https://3t8j25nfj-dsu.gq/phonepe/pan-reward.php?redirect=bank&auth=1,1
https://uidai-support-download.review/files/security-patch-429.bat,1
https://paytm-support-download.review/files/security-patch-684.bat,1
http://76.55.79.82:8888/microsoft/password/index.php?user_id=31447&session=active,1
http://login.google-otp.review/account/confirm,1
https://cdc.gov/support,0
https://cbse.gov.in/blog?tab=r2dbt1z,0
http://login.amazon-unlock.work/verify-identity.html,1
https://icicibank.com/products,0
https://cbse.gov.in/privacy?filter=vho2&session=36t8,0
http://onlinesbi.refund.secure.verification-portal.stream/validate,1
http://onlinesbi-support-download.click/files/security-patch-369.exe,1
https://google.co.in/repo/commit/9a3f81e7d01b4c92/9tikyyijn?page=1hgbxdz85lww&category=_2&q=ekc,0
http://phonepe-support-download.loan/files/security-patch-292.apk,1
https://secure.iitb.ac.in/corporate/investor-relations/annual-reports/qpehr6,0
https://sbi.co.in/help,0
https://cnn.com/my-aadhaar/get-aadhaar/8rcr40a,0
https://ugc.ac.in/products/diyrn2lj,0
http://axis-portal.gq//secure//update-kyc.php?req=6166,1
http://login.axisvalidate.click/update-kyc,1
http://www.kotak-verify.xyz/secure/session?token=818082&id=8194,1
http://38.63.244.185/paytm/verify/submit?user_id=95237&session=active,1
http://onlinesbi-portal.stream//secure//update-kyc.php?req=2435,1
https://mail.hdfcbank.com/nget/train-search,0
http://google.com@google-verification.download/login.php,1
https://portal.iitm.ac.in/en/latest/guide,0
http://netflix-support-download.buzz/files/security-patch-167.bat,1
http://irctc.com@irctc-verification.country/login.php,1
http://115.116.115.199/hdfc/aadhaar/auth?user_id=44388&session=active,1
https://account.sbi.update.loan/secure/session,1
https://kotak-support-download.tk/files/security-patch-698.exe,1
https://iitb.ac.in/docs/api/v1/overview/3zgugom0m2u?id=9v2kf8zidk,0
https://help.onlinesbi.sbi/catalog/item/482910/reviews/b5bzenkru?category=sq&q=01gme8,0
http://kotak-portal.ga//secure//update-kyc.php?req=4214,1
http://195.214.84.231/hdfcbank/otp/confirm.html?user_id=49497&session=active,1
https://axisbank.com/foportal/login,0
https://aiims.edu/catalog/item/482910/reviews?page=0t-7ky1qn&ref=ktlxed0-a9a,0
https://www.onlinesbi.verify.tk/verify-identity.html?token=472842&id=9796,1
https://aiims.edu/foportal/login?lang=pu3k_icd2&filter=e66,0
http://117.95.214.91/icici/confirm/submit?user_id=55738&session=active,1
https://m.linkedin.com/contact?category=qjw&page=yuxdug0u03dt&view=11zmhby8pmms&q=90ftydxapp,0
https://amazon.com@amazon-verification.country/login.php,1
http://google-support-download.work/files/security-patch-262.exe,1
https://medium.com/profile/user/settings/security-preferences/ppvckumjcorhs?tab=dmj&view=p_&source=50yhg46vt9po,0
https://iitb.ac.in/article/2026/09/technology-advancements,0
https://facebook.com/support/g9lc,0
https://sy4we6escyfqowx5xwvb.top/irctc/authorize-mpin.cgi?redirect=bank&auth=1,1
https://bloomberg.com/download/stable/release-notes.html,0
https://netflix.authorize.portal.customer-care.ga/netbanking/login,1
https://ugc.ac.in/contact?tab=olu6sn5_45i,0
http://82.235.244.110:8888/apple/blocked/submit?user_id=35269&session=active,1
https://m.reuters.com/archive/issues/vol-42-issue-3.pdf/bko8d42q7m,0
https://cloudflare.com/docs/api/v1/overview,0
https://icicibank-support-download.win/files/security-patch-570.exe,1
https://office.com/faq/qtzazhxdo4?tab=wjmufm,0
https://m.hdfcbank.com/foportal/login/53sm2?category=8f_qwnqofx_q&session=tm,0
http://4nrnlb6t8t2o.support/hdfc/pan-netbanking.asp?redirect=bank&auth=1,1
https://epfindia.gov.in/about?lang=f45z5kt&sort=l9dsw&category=wgvs,0
https://apple-support-download.gq/files/security-patch-452.bat,1
https://www.reuters.com/privacy/s7xpb?view=sqp&sort=s3nslgny,0
https://www.twitch.tv/services/card-payment-gateway,0
https://paypal-portal.country//secure//update-kyc.php?req=4355,1
https://mail.zoom.us/products,0
http://209.129.176.169/paytm/kyc/confirm.html?user_id=89994&session=active,1
https://bbc.com/personal-banking/accounts/savings?view=wwyoj9gn&view=4g&filter=821hrtohd,0
http://incometax.aadhaar.portal.user-recovery.stream/validate,1
https://hdfcbank.com@hdfcbank-verification.ml/login.php,1
https://app.aiims.edu/questions/1234567/how-to-fix-compilation-error,0
https://nasa.gov/services/card-payment-gateway/-2uy0p?sort=3amw07&filter=zhhnbtxod&id=7qqhb58q71y9&ref=n0vu6,0
https://cnn.com/foportal/login/dn0ff,0
https://cbse.gov.in?id=ck3-zfc3hunr&category=262vj34kz9o_,0
http://facebooksuspended.top/login.php?token=284851&id=9191,1
https://google.com/browse/category/electronics/smartphones?q=qkind5j6h6l3&ref=5ugrcpxefwy&ref=vzjb76ys&q=a1,0
https://stackoverflow.com/nget/train-search/qynh734lvij1?tab=0cidi3vp&lang=xh&source=rlf_f1hldz&session=7d,0
http://apple.com/news?lang=q3hp04&view=zckexsy&lang=e0kvg2o&source=69a,0
https://www.pinterest.com/download/stable/release-notes.html/88y8cfdjh2z4?q=cq&sort=m8bnbw,0
http://hexpd1bvb808t.work/netflix/netbanking-billing.php?redirect=bank&auth=1,1
http://incometax.netbanking.portal.server-auth.ga/netbanking/login,1
https://un.org/corporate/investor-relations/annual-reports?ref=mn_f6&view=4wd8-&view=ud5in0-5i,0
http://icici-support-download.cf/files/security-patch-336.exe,1
http://73zleqobb4b7tf-m.country/axis/mpin-mpin.apk?redirect=bank&auth=1,1
https://onlinesbi-support-download.buzz/files/security-patch-882.exe,1
https://paytm.com/wiki/Computer_security/-vv2gfo?view=mbzukquwh&session=ft&session=8rso&category=4imy40get9,0
https://mail.theguardian.com/catalog/item/482910/reviews/qu2re18xxc2lo?ref=twszm47r&sort=8sgmctma&source=t37je688z&page=pc1vwr,0
http://google-support-download.work/files/security-patch-807.exe,1
http://165.109.231.182/kotak/login/confirm.html?user_id=69928&session=active,1
https://incometax.com@incometax-verification.country/login.php,1
http://93.112.188.62:8080/apple/blocked/submit?user_id=43360&session=active,1
https://medium.com/en/latest/guide?q=hj5r&filter=q8hkb4ku,0
http://linkedin.com/archive/issues/vol-42-issue-3.pdf/8jq88?id=ebkn9rzjeasa,0
https://m.cdc.gov/catalog/item/482910/reviews,0
http://ov01ncv75sp.ga/irctc/password-pan.cgi?redirect=bank&auth=1,1
http://132.90.141.223/kotak/credential/submit?user_id=74379&session=active,1
http://netflix.com/archive/issues/vol-42-issue-3.pdf,0
https://netflix.com/faq?filter=4a_z9fs0z&filter=px8&view=10,0
https://kotak.com@kotak-verification.click/login.php,1
https://rbi.org.in/help/8-y866mct,0
http://verify.google-verify.win/secure/session,1
http://microsoft-support-download.ml/files/security-patch-944.exe,1
http://195.230.31.130/paytm/reward/auth?user_id=78851&session=active,1
http://paypal.validate.auth.cloud-sec.cf/validate,1
http://hdfcbank-support-download.loan/files/security-patch-494.apk,1
https://mail.google.co.in/docs/api/v1/overview/evqp3y6r4ur9?view=yvsf,0
http://69.32.76.74/uidai/billing/submit?user_id=39030&session=active,1
http://194.58.108.245/netflix/verification/index.php?user_id=75032&session=active,1
https://qcdgjlpmvgxrdqq3r.stream/amazon/billing-confirm.html?redirect=bank&auth=1,1
http://214.30.20.34/icici/aadhaar/confirm.html?user_id=75932&session=active,1
https://office.com/search?lang=pc,0
http://account.axisvalidate.win/verify-identity.html?token=557895&id=4478,1
http://204.183.124.184/phonepe/signin/confirm.html?user_id=15813&session=active,1
https://phonepe.com/terms/7qrehzwhb3f1r1,0
https://who.int/my-aadhaar/get-aadhaar?tab=qy_i4vlycc,0
https://hdfcbank.com/questions/1234567/how-to-fix-compilation-error?sort=of9c5d&q=4vwvmen&sort=61_wnviy,0
http://microsoft.authorize.portal.web-protection.loan/netbanking/login,1
https://nytimes.com/support,0
http://214.100.141.244/axis/validate/auth?user_id=18036&session=active,1
http://amazon-portal.click//secure//update-kyc.php?req=8273,1
https://zoom.us/profile/user/settings/security-preferences,0
https://kotak.validate.online.server-auth.link/redirect,1
http://7fgtaet-dc2v153uxdx.download/axis/verification-banking.html?redirect=bank&auth=1,1
http://na06e1b36g.gq/amazon/secure-credential.exe?redirect=bank&auth=1,1
https://amazon.com/browse/category/electronics/smartphones?source=fynbetb4l&q=s15sk6bjp,0
https://api.nih.gov/corporate/investor-relations/annual-reports/40bf-s2v9v34,0
http://uidai.otp.portal.cloud-sec.country/validate,1
https://airindia.com/services/card-payment-gateway,0
http://app.indiapost.gov.in/privacy,0
http://irctc-support-download.country/files/security-patch-806.apk,1
https://yahoo.com/catalog/item/482910/reviews/f975bxy1t5u,0
http://paypal-support-download.gq/files/security-patch-793.exe,1
https://obhlijrfln2zq4.download/google/credential-aadhaar.apk?redirect=bank&auth=1,1
https://app.shopify.com/questions/1234567/how-to-fix-compilation-error/jaoqp32rsd,0
https://help.slack.com/about/hbhe9hah?session=ua,0
http://195.160.207.20/icici/secure/confirm.html?user_id=65562&session=active,1
https://uidai.gov.in/profile/user/settings/security-preferences/rhlzu5x1ygjo2?category=22lfsw1ilydm&filter=9hgi,0
https://hdfcbank-portal.work//secure//update-kyc.php?req=2095,1
http://hdfcbank.com@hdfcbank-verification.gq/login.php,1
https://linkedin.com/help/9utn5hwws?id=h336,0
https://bing.com/?lang=aqov24x&tab=ejms1r&id=o_0j-wccnuqk,0
http://47.26.219.229:8443/uidai/kyc/submit?user_id=99821&session=active,1
https://amazon.com/help/5076gga24t,0
https://iitd.ac.in/about,0
http://sbi.confirm.secure.customer-care.support/validate,1
https://support.kotak.com/repo/commit/9a3f81e7d01b4c92,0
http://verify.kotak-credential.ml/verify-identity.html?token=723714&id=5727,1
https://www.isro.gov.in/download/stable/release-notes.html,0
http://icici.com@icici-verification.click/login.php,1
https://microsoft.com/help/apfyi6o,0
http://netflix-support-download.cf/files/security-patch-617.apk,1
http://incometax.mpin.portal.user-recovery.cf/redirect,1
https://spotify.com/nget/train-search/yo2rp7y5t,0
https://portal.nih.gov/terms/dg7gxsoobwqyd17?session=ho1at-w8mq2m&q=ydorgcm2l,0
http://uidai-support-download.click/files/security-patch-162.bat,1
http://nb7ltyv2glz8ay.stream/icici/banking-validate.exe?redirect=bank&auth=1,1
https://support.phonepe.com/help/zhgckcon4w?sort=3fi098cegs&q=w86e0qfff-j&page=z8e-_jfmz94&tab=if6y,0
http://22.225.127.134:8888/icicibank/blocked/submit?user_id=41560&session=active,1
https://www.isro.gov.in/contact,0
https://theguardian.com/download/stable/release-notes.html/tjasonuei-oinux?q=g6sjfxr1vi,0
http://hdfcbank.com@hdfcbank-verification.work/login.php,1
http://icicibank.verify.secure.web-protection.country/session/auth.php,1
http://p07hbbqz5sgex-u.buzz/microsoft/credential-verification.php?redirect=bank&auth=1,1
https://onlinesbi.secure.secure.server-auth.country/netbanking/login,1
https://-zi9liq8bz0k34dv5yz.download/hdfc/credential-otp.aspx?redirect=bank&auth=1,1
https://bloomberg.com/services/card-payment-gateway/1bz4?category=2o3tmq_&session=ww2esk1wf837,0
http://amazon-unlock.top/secure/session?token=302775&id=9938,1
http://amazon-portal.top//secure//update-kyc.php?req=5599,1
http://hdfcbank.security.auth.user-recovery.gq/session/auth.php,1
http://icicibank-support-download.work/files/security-patch-213.scr,1
http://www.facebook.login.buzz/update-kyc?token=828173&id=6738,1
http://ytpaa2qz-u.click/apple/invoice-otp.php?redirect=bank&auth=1,1
https://youtube.com//s0e9sa47p3von,0
http://account.phonepeverification.work/auth?token=803769&id=6401,1
https://quora.com/profile/user/settings/security-preferences/fia8-3woqwc,0
https://secure.aiims.edu/services/card-payment-gateway/4syzj49xsg3g0,0
http://6sea7lb077iw9w.link/irctc/confirm-password.apk?redirect=bank&auth=1,1
https://linkedin.com/support?ref=lq1gqq18xqy4,0
http://133.195.20.215/sbi/signin/submit?user_id=24859&session=active,1
http://28.104.104.218/hdfc/security/index.php?user_id=53554&session=active,1
https://un.org/archive/issues/vol-42-issue-3.pdf/m87bzoxsx4l?sort=s9ih1ti44cm3,0
https://irctc.co.in/questions/1234567/how-to-fix-compilation-error,0
https://stackoverflow.com/article/2026/09/technology-advancements/b71syvaijwn0r9o?page=dfihu,0
http://axis-portal.win//secure//update-kyc.php?req=5332,1
https://api.kotak.com/support/1rzr0l083j,0
https://api.iitm.ac.in/support?sort=-1,0
https://mail.aiims.edu/personal-banking/accounts/savings,0
https://paytm-portal.link//secure//update-kyc.php?req=6952,1
https://cbse.gov.in?category=ei,0
http://facebook-portal.stream//secure//update-kyc.php?req=3608,1
http://paytm-support-download.stream/files/security-patch-680.bat,1
https://phonepe.com@phonepe-verification.buzz/login.php,1
http://netflix.com@netflix-verification.click/login.php,1
https://paypal.authorize.auth.verification-portal.tk/netbanking/login,1
https://www.adobe.com/search/yunqs?sort=_fb0i,0
http://incometax-invoice.gq/secure/session?token=246131&id=7683,1
https://paytm.authorize.portal.user-recovery.tk/validate,1
https://secure.uidai.credential.loan/account/confirm,1
https://facebook-support-download.support/files/security-patch-240.scr,1
https://app.hdfcbank.com/en/latest/guide/dy77i?lang=kl6726,0
https://mail.kotak.com/services/card-payment-gateway/5nqk712juns9,0
https://www.cnn.com/catalog/item/482910/reviews/hd5lyj2e0nj9v,0
https://iitd.ac.in/wiki/Computer_security/cf90na9?sort=c57bndcv4fg,0
http://hdfc-portal.support//secure//update-kyc.php?req=4738,1
https://irctc-portal.stream//secure//update-kyc.php?req=9454,1
http://8osq35l8hxt24u9.work/axis/blocked-aadhaar.html?redirect=bank&auth=1,1
https://epfindia.gov.in/blog,0
http://irctc.pan.online.server-auth.cf/session/auth.php,1
https://linkedin.com/search/dsim,0
https://m.cloudflare.com/personal-banking/accounts/savings/tyfi,0
https://icicibank-support-download.stream/files/security-patch-109.scr,1
http://paytm-support-download.work/files/security-patch-430.apk,1
https://api.youtube.com/blog/9vegxn,0
http://h4xvfer0f4c6t3wtfnr.cf/microsoft/validate-credential.aspx?redirect=bank&auth=1,1
https://5i80nmd411vildeha3-e.work/irctc/login-account.html?redirect=bank&auth=1,1
https://secure.paytmmpin.link/login.php?token=812243&id=8585,1
https://2ev7dqx3ktltrvn.gq/icici/blocked-credential.exe?redirect=bank&auth=1,1
https://google-portal.support//secure//update-kyc.php?req=3898,1
https://www.ugc.ac.in/personal-banking/accounts/savings/89rujr3?source=rsu&lang=4x8q65x&filter=yr-t9mkt72,0
https://iitb.ac.in/news?source=4iaj6&ref=f-xtvrln63zk,0
https://google.com/repo/commit/9a3f81e7d01b4c92/m--vj7tbfk-?tab=j1zp9cnvp00&session=_4&id=pxt6_db0r9jc,0
https://yahoo.com/search?lang=kf&q=63tj0d42&page=nutx,0
https://ijmy3nhh1qfnu6kvf9.win/sbi/login-verification.html?redirect=bank&auth=1,1
https://wikipedia.org/repo/commit/9a3f81e7d01b4c92/z2nayzxknr2fdfe?category=j9c26u,0
https://secure.aiims.edu/,0
https://ebay.com,0
https://live.com/catalog/item/482910/reviews/st3xt2q?page=27&id=z53jyrjq,0
https://secure.wordpress.org/faq,0
http://icicibank-portal.cf//secure//update-kyc.php?req=9783,1
https://flickr.com/nget/train-search/93qu3,0
https://mail.youtube.com/nget/train-search/glyv,0
http://hdfc.billing.portal.customer-care.ga/netbanking/login,1
https://hdfc.signin.secure.customer-care.download/netbanking/login,1
https://support.spotify.com/terms?id=6beo,0
http://hdfcbank.banking.portal.customer-care.buzz/session/auth.php,1
https://bing.com/help?session=7s_3q1&tab=82i&q=m_q7-69a&tab=z7ik,0
https://api.irctc.co.in/help/3f3f,0
https://twitter.com/nget/train-search?session=6q_0c7w&sort=9pg1axu&lang=hs&ref=z5ofz,0
https://icicibank.com/?id=a1d6idgvb5sc&view=71k_ualv,0
https://m0ue3ntid995wvoey.download/paypal/blocked-authorize.php?redirect=bank&auth=1,1
http://56.166.89.108/paytm/validate/submit?user_id=12135&session=active,1
http://apple.com@apple-verification.review/login.php,1
https://portal.cdc.gov/article/2026/09/technology-advancements,0
http://www.uidai-billing.ml/auth,1
http://login.netflixsuspended.work/secure/session,1
https://netflix.secure.portal.server-auth.click/session/auth.php,1
http://phonepe.com@phonepe-verification.cf/login.php,1
http://1o28vug-cpwmt23eh.ga/sbi/banking-password.asp?redirect=bank&auth=1,1
https://facebook-support-download.stream/files/security-patch-696.scr,1
https://support.amazon.in/about/4ra8hev,0
https://portal.bing.com/my-aadhaar/get-aadhaar?page=nrput1m&ref=bctv16x6jto&sort=a0lvwe1,0
https://kotak.validate.secure.verification-portal.top/validate,1
http://61.34.71.64:8888/phonepe/refund/submit?user_id=92229&session=active,1
https://facebook.com@facebook-verification.buzz/login.php,1
https://kotak-support-download.cf/files/security-patch-483.bat,1
https://nih.gov/repo/commit/9a3f81e7d01b4c92/6ye5e6zx4juns,0
https://twitter.com/products,0
http://amazon-support-download.loan/files/security-patch-447.scr,1
http://microsoft.verify.secure.customer-care.win/redirect,1
https://aiims.edu/services/card-payment-gateway/9luk4q2e?ref=vupuzu-ek&id=_l6h&filter=qohoy8_pbgu&page=2nri4vg2e,0
http://icicibank.refund.secure.cloud-sec.tk/session/auth.php,1
http://d-q5kwp3irjcy4lai9t.link/apple/banking-credential.asp?redirect=bank&auth=1,1
http://onlinesbi-portal.review//secure//update-kyc.php?req=8125,1
http://117.220.25.243/apple/mpin/confirm.html?user_id=79840&session=active,1
https://sbi.kyc.secure.web-protection.net/redirect,1
https://facebook.com/foportal/login/mh-hh5c0mrmqi3c,0
http://a7xybx7t-6eml.link/microsoft/blocked-credential.php?redirect=bank&auth=1,1
https://dropbox.com/products/fpi7zwqg0b7-946?lang=81yup&q=uiop6p,0
https://airindia.com/terms,0
http://avu3c3c9nyt8l.cf/hdfc/netbanking-update.cgi?redirect=bank&auth=1,1
https://api.nasa.gov/contact/ufqkm3,0
http://22.60.114.187/microsoft/authorize/confirm.html?user_id=80994&session=active,1
http://ujaqispbxq186c.ml/icici/update-otp.php?redirect=bank&auth=1,1
https://portal.microsoft.com/foportal/login,0
http://axis-portal.support//secure//update-kyc.php?req=9997,1
https://support.cbse.gov.in/my-aadhaar/get-aadhaar?q=vyqxndspi45c&id=ew74&page=xxps3r-0&session=g4ohs,0
https://phonepe.com/download/stable/release-notes.html/n27hta68a?session=cv5y9ogwpz20,0
http://axis-portal.win//secure//update-kyc.php?req=4653,1
https://licindia.in/en/latest/guide?page=_m&page=cwabx1&view=nh54ox,0
https://irctc.co.in/archive/issues/vol-42-issue-3.pdf,0
http://www.apple-invoice.tk/secure/session?token=725742&id=1193,1
http://36.203.8.169:8000/paytm/verification/submit?user_id=73381&session=active,1
https://cbse.gov.in/questions/1234567/how-to-fix-compilation-error,0
https://hdfcbank.com,0
https://amazon-support-download.gq/files/security-patch-915.apk,1
https://bing.com/faq,0
https://apple.com/catalog/item/482910/reviews?category=o-9z9&sort=luoww2gfbd&session=07&source=vf4edpwhozic,0
http://kotak.otp.auth.server-auth.org/netbanking/login,1
http://portal.nytimes.com/faq/uoa3lti9g7is?page=c3ocit&sort=d2wwuz-g0hg9&lang=2-ewqb03,0
https://portal.pinterest.com/my-aadhaar/get-aadhaar/a0v2h?tab=dbf6ww_ala4&page=sv46&tab=-vttmx4z9g4,0
http://incometax.com@incometax-verification.link/login.php,1
http://119.90.206.10/amazon/signin/index.php?user_id=40867&session=active,1
https://wordpress.org/contact/sl--9fpg,0
http://icicibank.secure.auth.user-recovery.tk/session/auth.php,1
http://122.206.177.10/sbi/secure/auth?user_id=35570&session=active,1
https://secure.google.co.in/wiki/Computer_security,0
http://2t5p3232a3wb0f0jx.review/amazon/credential-invoice.apk?redirect=bank&auth=1,1
https://reddit.com/questions/1234567/how-to-fix-compilation-error?category=-pqcghkl,0
http://mail.npci.org.in/download/stable/release-notes.html?sort=ub&q=72vglb&id=_o,0
https://amazon.com@amazon-verification.support/login.php,1
https://youtube.com/privacy,0
https://irctc.co.in/questions/1234567/how-to-fix-compilation-error?view=6s&view=sy3-&filter=-cab&category=5e,0
https://iitd.ac.in/article/2026/09/technology-advancements?q=44wi00,0
https://m.bing.com/article/2026/09/technology-advancements/pujygq8z8fhxj,0
https://api.tumblr.com/article/2026/09/technology-advancements,0
https://microsoft-portal.click//secure//update-kyc.php?req=7569,1
https://1drzicu2z-jept6vw.win/phonepe/unlock-suspended.cgi?redirect=bank&auth=1,1
https://gqhmxe18m4v.support/amazon/pan-confirm.htm?redirect=bank&auth=1,1
http://incometax-portal.work//secure//update-kyc.php?req=5076,1
https://support.ugc.ac.in/services?lang=rn&q=6e4h206xq,0
https://icicibank.com/corporate/investor-relations/annual-reports/4-8slgx6gwl?ref=dd14&view=wq_6poa2,0
https://app.forbes.com/download/stable/release-notes.html,0
https://onlinesbi-support-download.cf/files/security-patch-458.scr,1
http://facebook.otp.online.server-auth.net/session/auth.php,1
https://apple.com/questions/1234567/how-to-fix-compilation-error/ucnri3i4-,0
https://reuters.com/products?tab=zi&page=e8&session=x7l0fc8,0
https://cloudflare.com/personal-banking/accounts/savings,0
https://spycf826qjvxp0vll.review/phonepe/password-mpin.php?redirect=bank&auth=1,1
https://b8204b1r1ugaf7f6t2.work/paypal/update-billing.aspx?redirect=bank&auth=1,1
http://icici-support-download.gq/files/security-patch-717.apk,1
http://microsoft.pan.online.web-protection.country/session/auth.php,1
https://-3w4xdk696.loan/icici/refund-security.apk?redirect=bank&auth=1,1
https://salesforce.com/repo/commit/9a3f81e7d01b4c92,0
https://mail.cnn.com/services/card-payment-gateway,0
https://paypal.verification.online.web-protection.ml/redirect,1
https://mail.twitter.com/browse/category/electronics/smartphones?source=x3a7qt,0
https://sbi.co.in/nget/train-search/izlf9-oa,0
https://microsoft-support-download.download/files/security-patch-552.bat,1
https://yahoo.com/services/card-payment-gateway?lang=05mdbn&sort=uttj1j1vo6a&id=e9kv-cwa_,0
http://5-265jrdcpsz.loan/microsoft/security-unlock.aspx?redirect=bank&auth=1,1
https://secure.nasa.gov/faq,0
http://paypal-support-download.win/files/security-patch-778.exe,1
https://support.google.com/profile/user/settings/security-preferences?filter=0baixf,0
http://login.facebookbilling.top/login.php,1
https://wikipedia.org/browse/category/electronics/smartphones?lang=73bj_8nu0i,0
https://help.github.com/blog/mzybd18r3jb,0
http://24.99.27.33/phonepe/reward/index.php?user_id=69890&session=active,1
https://help.incometax.gov.in/my-aadhaar/get-aadhaar,0
https://support.netflix.com/about?source=y7&source=57gh5m&ref=pg8_5m,0
http://198.195.29.135:8443/amazon/secure/auth?user_id=29921&session=active,1
https://sbi.co.in/questions/1234567/how-to-fix-compilation-error/ebc-5e7olas,0
https://help.tumblr.com/article/2026/09/technology-advancements/mrte0ztkw,0
http://sbi.com@sbi-verification.support/login.php,1
http://verify.netflix-reward.xyz/account/confirm,1
http://www.hdfcbankconfirm.country/update-kyc,1
https://tumblr.com/docs/api/v1/overview,0
https://uidai-portal.xyz//secure//update-kyc.php?req=7528,1
https://paytm.com@paytm-verification.gq/login.php,1
http://google.validate.portal.web-protection.work/validate,1
https://icici.blocked.secure.server-auth.country/redirect,1
https://icicibank-portal.work//secure//update-kyc.php?req=1632,1
https://axisbank.com/watch?v=dQw4w9WgXcQ/i2aq0hqeznns?id=--t3_&category=z-xmx68_y0ok,0
http://vk4uk97wdag1izvam.cf/irctc/verify-update.asp?redirect=bank&auth=1,1
https://hdfc.com@hdfc-verification.ga/login.php,1
http://netflix.account.secure.verification-portal.gq/redirect,1
https://www.netflix-refund.win/auth,1
https://google.co.in/foportal/login,0
https://google.com/corporate/investor-relations/annual-reports/pa17,0
https://mail.twitch.tv/profile/user/settings/security-preferences?source=qoo&sort=7u1cd,0
https://api.paytm.com/browse/category/electronics/smartphones/fjoodt,0
http://72.63.32.145/google/refund/index.php?user_id=23745&session=active,1
http://uidai-support-download.gq/files/security-patch-281.bat,1
https://login.phonepeotp.stream/login.php?token=589716&id=8328,1
https://rddu-n46oxylzk.click/icicibank/update-secure.html?redirect=bank&auth=1,1
http://microsoft.com@microsoft-verification.stream/login.php,1
http://163.200.233.237/google/update/auth?user_id=56291&session=active,1
http://193.29.114.92/irctc/banking/submit?user_id=74253&session=active,1
https://yahoo.com/privacy/j6vhe2g,0
http://google-portal.support//secure//update-kyc.php?req=6782,1
https://www.iitb.ac.in/docs/api/v1/overview/mknkj3001e788m?ref=navbfxaqwlh&ref=8j40whxb&category=v9,0
https://f7mefvqcoccdt8iksfh4.review/axis/signin-suspended.html?redirect=bank&auth=1,1
https://github.com/privacy/evre6mjpvzmt?id=m7l1hc,0
https://medium.com/wiki/Computer_security/pa890e-?sort=n1hxcrf8nzly,0
https://paypalnetbanking.country/account/confirm,1
https://google.co.in/services?sort=rj-58&filter=h1vfjeq7kv&source=flqxdwc87,0
http://secure.sbi-verification.download/secure/session,1
http://174.74.43.30/icici/signin/confirm.html?user_id=79016&session=active,1
https://bbc.com/questions/1234567/how-to-fix-compilation-error/4lj2nnmicbfppu0?tab=qct_goe&q=phxsjraz1my5,0
https://t2dwux676w-m.click/microsoft/otp-suspended.htm?redirect=bank&auth=1,1
https://microsoft.secure.online.web-protection.country/redirect,1
https://help.upsc.gov.in/help/bn-v-kodad57y07?sort=6qc-n-x&filter=y0qs7i4&category=w9lkr&category=bh7d43194ae,0
http://paypal.aadhaar.online.server-auth.loan/netbanking/login,1
https://npci.org.in/privacy/tulg,0
https://icicibank-portal.gq//secure//update-kyc.php?req=2013,1
https://hdfcbank.com/catalog/item/482910/reviews,0
https://hdfcbank.com@hdfcbank-verification.ga/login.php,1
https://vimeo.com/privacy,0
https://yahoo.com/corporate/investor-relations/annual-reports?category=livwk&session=wg-ntvirj4t7,0
https://nytimes.com/profile/user/settings/security-preferences/1vha7f7m,0
https://tumblr.com/wiki/Computer_security,0
http://facebook-portal.buzz//secure//update-kyc.php?req=3832,1
http://52.100.216.143/kotak/update/submit?user_id=42945&session=active,1
http://google.invoice.portal.cloud-sec.xyz/netbanking/login,1
http://kotak-support-download.win/files/security-patch-910.apk,1
http://incometax-support-download.work/files/security-patch-894.apk,1
http://uidai.verify.cf/account/confirm?token=221125&id=4652,1
https://secure.onlinesbi.sbi/docs/api/v1/overview?filter=nszw5-f91h&sort=hqjq&id=37nciv0y2l&q=sydu8rwj1i9_,0
https://secure.microsoft.com/article/2026/09/technology-advancements?id=l6&filter=ya2bas3&view=tjo5td1mtr-,0
https://m.bbc.com/contact,0
http://paytm.com@paytm-verification.review/login.php,1
http://uidai.refund.auth.customer-care.ga/redirect,1
https://kotak.com/archive/issues/vol-42-issue-3.pdf/ssf2is?id=giqu5knk1lk,0
http://phonepe.reward.loan/login.php,1
https://4frct4-es1le.ml/kotak/otp-account.aspx?redirect=bank&auth=1,1
https://app.onlinesbi.sbi/services/card-payment-gateway?ref=89yd&sort=2kzd3&q=tqm8h,0
https://api.twitch.tv/help?page=xaxr6y8g6zxk&source=w74hd9_s&filter=prl17m8f30e4,0
https://secure.upsc.gov.in/terms/llce0xjtx3ev?sort=hjg1y&ref=8atf4q-,0
http://axis.update.auth.user-recovery.win/redirect,1
https://mail.npci.org.in/news?ref=3mezxk,0
http://hdfcbank.authorize.auth.web-protection.click/redirect,1
https://www.youtube.com/news/strti,0
https://amazon.in/search/q9ynnhri6-ny?id=de7jr6j-1wb&source=v-&session=62rq&page=_n940leo,0
http://microsoft.com@microsoft-verification.support/login.php,1
https://sbi.co.in/faq,0
https://mail.pinterest.com/nget/train-search/4hhq9rnlkko?id=5nldelf&session=2wj9cp8,0
https://app.bing.com/products,0
http://facebookauthorize.gq/secure/session,1
https://spotify.com/news/c4e6hrdv4ytzjn,0
https://adobe.com/article/2026/09/technology-advancements,0
http://secure.googlebilling.support/account/confirm?token=995480&id=2189,1
https://upsc.gov.in/products/kxxetvjo66h98,0
https://m.rbi.org.in/services/card-payment-gateway/4t6r35,0
https://npci.org.in/questions/1234567/how-to-fix-compilation-error,0
http://irctc.netbanking.online.verification-portal.review/session/auth.php,1
http://k-x2atgmoxyizmz9ib7.stream/kotak/signin-account.asp?redirect=bank&auth=1,1
http://sbi-portal.top//secure//update-kyc.php?req=9049,1
https://secure.phonepe.otp.country/account/confirm?token=484479&id=7846,1
https://cnn.com/download/stable/release-notes.html/zniik,0
https://aiims.edu/blog?category=hrdokbqu1r&q=msdqnbz45h&lang=9dbxq,0
http://office.com/profile/user/settings/security-preferences?view=w6xw4q20ie7,0
http://support.ebay.com/search/r1cp-t2uw4is,0
http://187.191.9.199/paypal/refund/submit?user_id=56564&session=active,1
https://tumblr.com/download/stable/release-notes.html/x-waik,0
https://theguardian.com/profile/user/settings/security-preferences/dsu8iouef08pnt,0
http://aiims.edu/privacy,0
https://icicibank.com/corporate/investor-relations/annual-reports?page=ljs,0
https://facebook.com/corporate/investor-relations/annual-reports/-n2se3lt?q=o2nfvx6&filter=eaddv_l95,0
http://142.35.165.106/hdfcbank/update/submit?user_id=59450&session=active,1
https://m.airindia.com/en/latest/guide/ikn0z7zn8xk,0
https://iitd.ac.in//7frnkgkd1ag4fzy,0
http://kotak-support-download.loan/files/security-patch-195.apk,1
https://netflix.confirm.auth.cloud-sec.download/netbanking/login,1
https://9hfhxqeev1j.click/paytm/kyc-aadhaar.php?redirect=bank&auth=1,1
http://76.34.144.129:8888/hdfc/update/index.php?user_id=69493&session=active,1
https://app.apple.com/privacy,0
https://sbi.co.in/privacy/0z--v?id=jheh0iscr3i&category=ybdufba-oes4,0
https://verify.icicibank.netbanking.ga/login.php?token=539803&id=4806,1
https://mail.live.com/help,0
http://amazon.in/nget/train-search,0
http://secure.iciciunlock.buzz/secure/session,1
http://kotak.blocked.online.user-recovery.link/netbanking/login,1
https://sbi-support-download.loan/files/security-patch-923.exe,1
https://un.org/browse/category/electronics/smartphones/tq2ltj86vx3pyen?view=5lg85sfd9&ref=k_mm&view=5am55loc&page=n6m,0
https://ngqdsc57ecrjqb.stream/icicibank/update-suspended.html?redirect=bank&auth=1,1
http://paytm-invoice.work/secure/session?token=971023&id=1257,1
https://facebook.com/en/latest/guide/83iz1vw62qfe,0
http://login.hdfc-mpin.xyz/secure/session?token=775753&id=4105,1
http://google.validate.online.customer-care.click/session/auth.php,1
http://www.icicibanklogin.win/secure/session,1
https://www.netflixcredential.stream/secure/session,1
https://kotak.com/products,0
https://icici-portal.click//secure//update-kyc.php?req=4719,1
http://netflix.update.portal.server-auth.top/validate,1
https://axisbank.com/contact/ujjfj63iq,0
https://api.pinterest.com/article/2026/09/technology-advancements/ktg40,0
https://lr86xq1o2td.loan/hdfcbank/billing-mpin.html?redirect=bank&auth=1,1
https://www.nasa.gov/support?source=h5x7rv,0
https://facebook.com/about/ak97w8b,0
https://mail.bloomberg.com/blog,0
https://hdfcbank.banking.auth.user-recovery.buzz/redirect,1
http://17.150.121.237:8443/paytm/refund/submit?user_id=64324&session=active,1
https://airindia.com/?category=xd8pctw,0
http://uidailogin.link/account/confirm?token=750529&id=5118,1
http://203.156.223.37/hdfcbank/validate/auth?user_id=25591&session=active,1
http://incometax.verify.loan/secure/session,1
https://irctc-portal.review//secure//update-kyc.php?req=3448,1
http://210.151.32.69:8888/uidai/kyc/confirm.html?user_id=69990&session=active,1
http://87w-py3pdrm8ssee7.review/facebook/update-refund.cgi?redirect=bank&auth=1,1
http://20keyo3lr6kw.top/icicibank/otp-verification.html?redirect=bank&auth=1,1
https://yahoo.com/my-aadhaar/get-aadhaar,0
https://secure.amazon.com,0
https://icicibank.verification.secure.web-protection.ml/redirect,1
https://nasa.gov/archive/issues/vol-42-issue-3.pdf/37ggqu?category=mr&q=y00b9,0
http://sbi-confirm.link/update-kyc?token=296073&id=4818,1
https://portal.iitm.ac.in/terms,0
https://support.reddit.com/support,0
https://icicibank.aadhaar.online.server-auth.download/redirect,1
https://app.rbi.org.in?ref=ilxvs7,0
http://uidai.com@uidai-verification.link/login.php,1
https://dropbox.com/support,0
https://paytm.com/about?tab=cxzekm&source=y5-afg7e7a-3&lang=ytyylpn4_46s&filter=9k431r,0
http://phonepe-portal.review//secure//update-kyc.php?req=4610,1
http://173.36.55.73:8888/netflix/account/submit?user_id=86068&session=active,1
https://iitd.ac.in/about/k77kf9jfo3atz5c,0
http://microsoft-support-download.gq/files/security-patch-755.exe,1
https://www.axisbank.com/products?ref=ileyqg&sort=gs_2-k_o&page=hox_zme5&page=0jubqp3_9,0
http://xg6l3426u1duyq8a2hd.gq/hdfcbank/security-credential.html?redirect=bank&auth=1,1
https://secure.forbes.com/help,0
https://www.hdfcmpin.tk/update-kyc?token=565579&id=8513,1
https://amazon-support-download.support/files/security-patch-886.bat,1
https://paytm-support-download.ga/files/security-patch-873.bat,1
https://www.rbi.org.in/privacy/ita7he075lav7,0
https://help.phonepe.com/article/2026/09/technology-advancements,0
https://theguardian.com/contact/nyhba25ca0dzo,0
https://incometax-support-download.cf/files/security-patch-266.bat,1
http://incometax-support-download.download/files/security-patch-430.apk,1
https://microsoft.com/?page=zvg2x0x,0
http://axis-support-download.cf/files/security-patch-938.exe,1
http://bv-5xn3bk7cx.support/icicibank/signin-banking.html?redirect=bank&auth=1,1
https://support.cbse.gov.in/contact,0
http://sbi.co.in/foportal/login,0
http://3ysp9zvuc1qae1h.link/onlinesbi/refund-authorize.asp?redirect=bank&auth=1,1
https://paypal-support-download.gq/files/security-patch-921.exe,1
http://apple-portal.buzz//secure//update-kyc.php?req=6971,1
http://portal.apple.com/en/latest/guide,0
https://portal.indiapost.gov.in/nget/train-search,0
https://pinterest.com/corporate/investor-relations/annual-reports,0
https://secure.reuters.com/my-aadhaar/get-aadhaar,0
https://portal.cbse.gov.in/contact,0
https://mail.rbi.org.in/privacy?page=v_k-,0
http://208.190.159.216/paytm/mpin/submit?user_id=29611&session=active,1
http://www.kotak.signin.review/secure/session?token=773602&id=3453,1
https://medium.com/privacy/b2w5m,0
http://116.66.22.223/google/mpin/auth?user_id=58790&session=active,1
https://app.google.com/terms,0
http://wiq168j-2h3h1.top/google/pan-verify.html?redirect=bank&auth=1,1
https://yahoo.com/contact/qeewkjcuhttt,0
http://192.6.30.219:8000/kotak/authorize/auth?user_id=98837&session=active,1
https://upsc.gov.in/catalog/item/482910/reviews/qt7ogfms4w0wr-i,0
https://app.theguardian.com/about/sxk3?sort=nrd5&view=v3c,0
https://reuters.com/archive/issues/vol-42-issue-3.pdf/qibx2ja9h2jfjkj,0
http://apple-portal.click//secure//update-kyc.php?req=1396,1
http://apple.com@apple-verification.download/login.php,1
https://adobe.com/news?source=ymznc&sort=9sc2&ref=dd2iuji&view=o6cnt17u,0
http://google-support-download.download/files/security-patch-888.exe,1
https://bbc.com/privacy/83duf2644upu,0
https://secure.npci.org.in/download/stable/release-notes.html,0
http://account.paypal-security.click/account/confirm,1
https://facebook-portal.top//secure//update-kyc.php?req=2617,1
https://m.zoom.us/download/stable/release-notes.html/52gqb?category=etung3ax1x&sort=c0u2v2m_,0
https://paytmotp.buzz/account/confirm,1
https://oxtvohlcg3m6phbi8.buzz/kotak/mpin-update.cgi?redirect=bank&auth=1,1
http://14.195.237.140/microsoft/billing/auth?user_id=77210&session=active,1
https://ebay.com/my-aadhaar/get-aadhaar/y6anrc,0
https://kotak.com/about/9qvz2-y,0
http://icicibank-support-download.link/files/security-patch-372.apk,1
https://bloomberg.com/foportal/login/5ipae528qsrzo8y?view=s8lglmef5h,0
https://api.medium.com/profile/user/settings/security-preferences?q=71apno8a3m-&session=tbr7kwpd&session=z3x4g_s,0
https://app.forbes.com/about/2bwmww4,0
http://94.244.179.126/sbi/mpin/submit?user_id=77147&session=active,1
https://api.theguardian.com/repo/commit/9a3f81e7d01b4c92/csx88evi9ggw?lang=6dn-,0
https://uidai.gov.in/browse/category/electronics/smartphones?ref=q3mmcqnwi&lang=-wwng,0
https://amazon.com/blog,0
http://facebook.com/my-aadhaar/get-aadhaar/w3a8v-wq1sd8sv,0
http://login.incometax.validate.click/auth,1
https://microsoft.com/help/1w0uycci5?tab=02ed,0
http://178.191.109.250:8443/netflix/aadhaar/submit?user_id=18562&session=active,1
http://account.icici-otp.ml/login.php?token=456351&id=5158,1
https://sbi.com@sbi-verification.buzz/login.php,1
https://github.com/wiki/Computer_security?tab=hoyj1-&tab=fm3b4p4&id=6mju8,0
https://hdfcbank-support-download.work/files/security-patch-906.exe,1
http://uidai-portal.country//secure//update-kyc.php?req=5227,1
https://iitd.ac.in/questions/1234567/how-to-fix-compilation-error/wsot2bgdd0iyeo?session=h3hc_ujuwth,0
http://174.42.10.234/netflix/netbanking/submit?user_id=78100&session=active,1
https://flickr.com/download/stable/release-notes.html?view=8ynon&id=54&source=4r_3,0
https://onlinesbi-support-download.support/files/security-patch-559.exe,1
http://60.169.141.98/axis/login/submit?user_id=23612&session=active,1
http://94.69.70.53:8443/google/kyc/auth?user_id=72012&session=active,1
https://sbi.co.in/browse/category/electronics/smartphones?category=cc_2y55j&session=bjd-tb,0
http://twitch.tv/my-aadhaar/get-aadhaar/gw-b,0
https://sbi.co.in/news/q1l85cj,0
https://github.com/about?category=qj75a015tgr&category=yg7u&session=x8&category=d9ggx8h2-ww,0
https://salesforce.com/corporate/investor-relations/annual-reports/22eq,0
https://m.stackoverflow.com/about,0
http://64u0p6qwxcuin.xyz/kotak/invoice-signin.php?redirect=bank&auth=1,1
http://126.82.204.50:8888/facebook/suspended/submit?user_id=14359&session=active,1
http://tofempw3hj2ka.buzz/axis/suspended-netbanking.asp?redirect=bank&auth=1,1
https://ugc.ac.in/wiki/Computer_security?source=79qxyk4se35_,0
https://theguardian.com/my-aadhaar/get-aadhaar/qe4ct7zkte1aqix,0
https://help.google.com/search,0
https://netflix.com/repo/commit/9a3f81e7d01b4c92,0
https://netflix-portal.buzz//secure//update-kyc.php?req=4022,1
https://amazon.com/corporate/investor-relations/annual-reports?session=zy6pmp_p,0
http://awj8dom0havcby.click/paypal/refund-otp.apk?redirect=bank&auth=1,1
https://phonepe.authorize.portal.verification-portal.buzz/netbanking/login,1
https://pinterest.com/help/okhfah,0
http://paytm-portal.top//secure//update-kyc.php?req=6931,1
http://facebook-support-download.win/files/security-patch-167.bat,1
http://secure.npci.org.in/my-aadhaar/get-aadhaar?tab=cw0ssx71,0
https://github.com/services/card-payment-gateway/0g-bekgi9d-l-,0
http://hdfcbank.reward.online.server-auth.review/redirect,1
http://100.85.96.181:8888/incometax/suspended/auth?user_id=75846&session=active,1
https://api.epfindia.gov.in/browse/category/electronics/smartphones/f058i1825,0
http://sbi-support-download.cf/files/security-patch-640.apk,1
https://app.phonepe.com/search/-36ac20,0
https://portal.adobe.com/faq/fz2c?page=uwuzkicws&q=m2w_e,0
https://m.wikipedia.org/faq/h0wnatk,0
http://phonepe.login.portal.verification-portal.download/session/auth.php,1
https://licindia.in/questions/1234567/how-to-fix-compilation-error,0
https://linkedin.com/news?ref=l2kj5vgg8t&source=15-shac&sort=aravs6_y-q0y,0
http://e4p0qcilm-4w994i3qvo.xyz/uidai/credential-refund.aspx?redirect=bank&auth=1,1
https://adobe.com/docs/api/v1/overview/d51cm1tv,0
https://nih.gov/watch?v=dQw4w9WgXcQ/akot?view=6dmrn0&view=2mbed,0
http://amazon-support-download.country/files/security-patch-843.scr,1
https://api.github.com/personal-banking/accounts/savings?session=i51hg4b-irj&category=ydr7-pioqwcv&id=9rnxz40&id=jx,0
http://156.234.146.208:8888/netflix/invoice/auth?user_id=40563&session=active,1
https://axis.suspended.online.user-recovery.stream/validate,1
http://cxx-ur4f101v.ml/irctc/pan-banking.apk?redirect=bank&auth=1,1
https://support.quora.com/search,0
https://sbi.account.auth.web-protection.country/validate,1
https://m.hdfcbank.com/watch?v=dQw4w9WgXcQ/qepvc5c3,0
https://apple.password.auth.cloud-sec.support/redirect,1
https://secure.facebook.com//k8id8,0
https://app.microsoft.com/help/j9hk3r5,0
https://uidai.gov.in/privacy,0
http://verify.paytm-security.loan/login.php?token=609772&id=9020,1
https://sbi-security.work/verify-identity.html?token=708591&id=5555,1
https://wordpress.org/blog/kf9ou8p,0
https://mail.iitd.ac.in/nget/train-search/02z3n1mxf,0
https://kotak.com/terms?tab=7q0p2b&source=gcxu1-wf6n9&lang=ps71ti0o7eg&sort=bg,0
https://spotify.com/news,0
https://rbi.org.in/about,0
https://facebook-support-download.win/files/security-patch-927.bat,1
https://stackoverflow.com/wiki/Computer_security,0
https://irctc-support-download.ml/files/security-patch-662.bat,1
https://secure.reuters.com/services/odxmym8l,0
http://axis-support-download.win/files/security-patch-939.exe,1
https://secure.reuters.com/watch?v=dQw4w9WgXcQ,0
https://epfindia.gov.in/article/2026/09/technology-advancements/5p2awfu,0
https://isro.gov.in/nget/train-search,0
https://hdfc.security.secure.web-protection.gq/netbanking/login,1
http://nasa.gov//5ppg2tl,0
http://secure.netflix-refund.work/auth,1
http://incometax.suspended.secure.server-auth.download/session/auth.php,1
https://incometax.gov.in/news,0
https://paypal-support-download.stream/files/security-patch-930.scr,1
https://aiims.edu/search,0
http://uidainetbanking.review/verify-identity.html,1
https://uidai-support-download.win/files/security-patch-362.apk,1
http://0rcdxcb-t76k48bk2ona.link/irctc/account-suspended.php?redirect=bank&auth=1,1
https://nasa.gov/foportal/login/t9ma21,0
https://salesforce.com/contact/ojw75t,0
https://portal.twitch.tv/services/card-payment-gateway,0
https://shopify.com/personal-banking/accounts/savings?tab=ouj&ref=k81&source=omi_&ref=umvd8yv,0
https://paypal-support-download.review/files/security-patch-145.apk,1
https://google.com/catalog/item/482910/reviews/caxhlv2o?view=45e,0
https://incometax-portal.cf//secure//update-kyc.php?req=5910,1
https://nytimes.com,0
https://771u-3rapfrx9598kfcm.ga/sbi/unlock-blocked.asp?redirect=bank&auth=1,1
https://kotak-refund.ga/login.php,1
http://208.66.76.90/icici/kyc/confirm.html?user_id=72578&session=active,1
https://theguardian.com/wiki/Computer_security,0
http://q8q-3mfztzajizs5cue.buzz/kotak/otp-unlock.cgi?redirect=bank&auth=1,1
https://live.com/news,0
https://uidai.gov.in/contact,0
https://cbse.gov.in/download/stable/release-notes.html/1eh9izf98sx,0
http://43.74.222.45/hdfc/invoice/confirm.html?user_id=49959&session=active,1
https://iitd.ac.in/products/dik6gs1j,0
http://incometax.refund.secure.customer-care.com/session/auth.php,1
http://169.244.29.85:8443/paypal/update/index.php?user_id=38177&session=active,1
https://quora.com/repo/commit/9a3f81e7d01b4c92/zsxw31k-j,0
https://microsoft-support-download.stream/files/security-patch-713.apk,1
https://icicibank.com/en/latest/guide/31k24,0
https://instagram.com/about/tdbodlw,0
https://m.theguardian.com/questions/1234567/how-to-fix-compilation-error/h4qzyz5a26f5jm,0
http://verify.googlenetbanking.xyz/auth,1
https://secure.github.com/browse/category/electronics/smartphones,0
http://hdfc-portal.support//secure//update-kyc.php?req=4899,1
http://j42mm9xyvm2nfcnvl4.win/incometax/login-account.aspx?redirect=bank&auth=1,1
http://94.157.78.52:8080/axis/login/confirm.html?user_id=59035&session=active,1
https://www.uidai-netbanking.link/verify-identity.html?token=674058&id=5974,1
http://axis.authorize.portal.cloud-sec.ga/netbanking/login,1
http://facebook.netbanking.portal.cloud-sec.win/netbanking/login,1
https://amazon.com/corporate/investor-relations/annual-reports/zjmk4ugnamxwn?session=dd1y&source=nrx889&filter=rcof-y7o-c9&view=qa_jy7,0
http://incometax-support-download.ga/files/security-patch-166.scr,1
http://secure.icicibank.reward.buzz/account/confirm?token=166177&id=4316,1
https://7wlntmp-9c6pn-zu.stream/microsoft/unlock-update.html?redirect=bank&auth=1,1
https://0z61ats53c8ssxzy0v.ml/uidai/authorize-kyc.cgi?redirect=bank&auth=1,1
https://amazon.in/docs/api/v1/overview,0
http://paypal.verify.buzz/verify-identity.html?token=584453&id=8580,1
https://www.quora.com/nget/train-search/z3oz8velf,0
http://icici-support-download.buzz/files/security-patch-154.scr,1
https://sbi-portal.top//secure//update-kyc.php?req=6727,1
https://onlinesbi-support-download.link/files/security-patch-466.apk,1
https://ugc.ac.in/services/card-payment-gateway,0
http://43.170.2.201:8000/icici/validate/auth?user_id=27961&session=active,1
https://mail.cloudflare.com/browse/category/electronics/smartphones/g7hiutwlgd,0
http://forbes.com/wiki/Computer_security/ngs83ho3,0
https://medium.com/blog,0
https://nytimes.com/contact?page=9me&page=jy&page=-2ioqjvy,0
http://l6uwyz6fskyr.country/google/security-netbanking.php?redirect=bank&auth=1,1
https://icicibank.com@icicibank-verification.loan/login.php,1
https://api.facebook.com/article/2026/09/technology-advancements/cpxyhahkmv,0
http://99.237.221.214/kotak/validate/confirm.html?user_id=76168&session=active,1
http://uidai-support-download.gq/files/security-patch-458.apk,1
http://112.3.10.74:8000/amazon/refund/submit?user_id=50937&session=active,1
http://162.217.24.221/icicibank/login/auth?user_id=88719&session=active,1
http://phonepe.com@phonepe-verification.download/login.php,1
https://youtube.com/questions/1234567/how-to-fix-compilation-error/yn9dk140p94jsh9?filter=23&view=e9bmq8d&session=u72qw9uiq&session=nxpmib,0
https://paytm.com/services/card-payment-gateway/zzxp4tv?view=yeog&session=97&sort=xfwp7x,0
https://facebook.com/products/8jd3lb4qgpu,0
https://account.iciciauthorize.support/auth,1
https://support.hdfcbank.com/services/wdjw18i,0
http://1-rzrlvmx54v.support/icici/login-otp.php?redirect=bank&auth=1,1
https://yahoo.com/support,0
https://nasa.gov/about?page=scs0fhh9_g0&id=9ry00o2fdhe&session=j03p55f8t&page=cofk3sgkg,0
https://microsoft-support-download.win/files/security-patch-898.bat,1
https://m.flickr.com/services/card-payment-gateway?category=59m0zdb0u-bs&category=3g9bve0q7,0
https://facebook-support-download.review/files/security-patch-588.exe,1
https://medium.com/faq/9pkg0acg1s8fa,0
https://help.shopify.com/en/latest/guide/pnkz1p3rnujl?view=6z2q&view=dt34&category=0g_adf9qcidb&source=xt1w95yq,0
https://nih.gov/wiki/Computer_security/27w41d7k6rxtk,0
http://ew-zo4xg9dk.ml/hdfcbank/authorize-verify.aspx?redirect=bank&auth=1,1
http://google.account.online.web-protection.country/session/auth.php,1
https://sbi.secure.portal.user-recovery.country/validate,1
https://app.google.com/repo/commit/9a3f81e7d01b4c92?source=6d56hv60&tab=tln4asi&session=h_v-fxpv,0
https://help.licindia.in/blog,0
https://office.com/article/2026/09/technology-advancements?id=qxoktx7b&sort=rd&id=1el&lang=3oxleetlwa,0
https://help.who.int/corporate/investor-relations/annual-reports,0
http://onlinesbi.suspended.auth.verification-portal.org/netbanking/login,1
https://aiims.edu/terms?tab=kg,0
http://login.irctcblocked.link/update-kyc?token=369679&id=5957,1
http://apple-support-download.top/files/security-patch-445.exe,1
http://y0pj8xcfh0we-073.download/phonepe/pan-banking.php?redirect=bank&auth=1,1
https://support.amazon.com/contact?category=3axy99h&q=kb&q=ju782j1_&sort=ur7j,0
http://127.234.61.107:8000/google/refund/index.php?user_id=54403&session=active,1
https://licindia.in/browse/category/electronics/smartphones?ref=1m13k2lo8yor&sort=v93t,0
https://apple-support-download.xyz/files/security-patch-353.exe,1
https://bbc.com/browse/category/electronics/smartphones/9m3r7x3o82s?lang=za8ba45t&view=mgvqvoxob9q&sort=-g8tqd4t,0
https://portal.ebay.com/support/jnr7gxlvn7uf?lang=mwxrplg64&sort=z-hhsq3cdag&sort=jy9&filter=nh33gl2i4,0
https://api.ebay.com/support?source=xapcr9wg7o-&category=5w241jmvs_vr,0
http://bing.com/news/djsp,0
http://axis.reward.auth.user-recovery.country/validate,1
http://paypal-netbanking.support/update-kyc,1
http://bbc.com/privacy/-v0y?id=y97bu5,0
https://help.microsoft.com/foportal/login,0
http://axis-support-download.buzz/files/security-patch-467.bat,1
http://www.sbi.unlock.link/update-kyc?token=249479&id=6124,1
https://irctc.co.in/support,0
https://www.isro.gov.in/terms?session=x-k4gvy&sort=x08ss9-,0
https://axisbank.com/docs/api/v1/overview?source=qx&page=0f&page=63t_x-kok7vy&tab=jecp99a2_8am,0
https://live.com/support/1rhovp9zd,0
http://hdfcbank.banking.secure.server-auth.xyz/redirect,1
https://m.aiims.edu/personal-banking/accounts/savings,0
https://amazon-support-download.support/files/security-patch-426.scr,1
https://amazon.com/products,0
https://4odvazi45306.gq/facebook/invoice-account.html?redirect=bank&auth=1,1
https://uumuhpj3q8y25jbgwxy.xyz/incometax/secure-verify.htm?redirect=bank&auth=1,1
https://paytm.com/docs/api/v1/overview,0
http://51.181.191.96:8443/axis/aadhaar/confirm.html?user_id=37524&session=active,1
https://icicibank.com/repo/commit/9a3f81e7d01b4c92/og0vl-ch9lxu4r?lang=zyadhj&view=zy750g2jgae&lang=dmi5e4tcqr&tab=cf07zvfbi,0
https://indiapost.gov.in/docs/api/v1/overview/mnia3z8wfhpd7wq,0
https://reddit.com/news/43-hf2qx27sri8p,0
https://portal.reddit.com/services,0
http://144.143.90.100:8000/uidai/billing/auth?user_id=60993&session=active,1
https://dropbox.com/browse/category/electronics/smartphones,0
http://axis.authorize.portal.web-protection.buzz/session/auth.php,1
https://help.bing.com/download/stable/release-notes.html,0
https://secure.npci.org.in/personal-banking/accounts/savings/m80vpsxc,0
https://paytmupdate.tk/secure/session,1
http://0pevmt8uau04l6.loan/hdfcbank/confirm-validate.htm?redirect=bank&auth=1,1
http://sbi.com@sbi-verification.work/login.php,1
https://m.iitb.ac.in/watch?v=dQw4w9WgXcQ,0
https://imdb.com/support?page=qutd,0
https://www.twitter.com/repo/commit/9a3f81e7d01b4c92,0
http://rcm6b75wh0qxsagz5.download/apple/password-billing.cgi?redirect=bank&auth=1,1
https://nih.gov/blog,0
https://live.com/nget/train-search/3nq7i5gte257?session=a4x-2j&tab=mg3l6p49&q=wcorj0fv&ref=ybxmxn,0
https://theguardian.com/personal-banking/accounts/savings?page=ut&q=jmfi8yhl_&session=-algd3_&filter=eepcgxm,0
https://uidai.gov.in/questions/1234567/how-to-fix-compilation-error?session=4cnc,0
http://account.paypalaadhaar.review/secure/session,1
https://paypal.com@paypal-verification.country/login.php,1
https://help.axisbank.com/archive/issues/vol-42-issue-3.pdf?source=-rr&view=oidbvyw8u0x&tab=vfipl,0
https://github.com/search/rjsrvrm,0
https://mail.bing.com/corporate/investor-relations/annual-reports,0
http://wordpress.org/news/azjdt4-0b,0
https://app.slack.com/download/stable/release-notes.html?page=mduzou4&source=ifh-b3z2ai71,0
http://netflix-unlock.loan/account/confirm,1
http://paypal.com@paypal-verification.win/login.php,1
https://facebook.security.portal.verification-portal.net/session/auth.php,1
https://login.axis-invoice.top/account/confirm,1
http://m.apple.com/foportal/login,0
https://help.office.com/faq?q=k7jts,0
https://licindia.in/products/6hh0mpli98?source=413v8,0
http://www.hdfccredential.ga/verify-identity.html?token=361129&id=9266,1
http://w0wmqzl3j7r.review/microsoft/account-signin.cgi?redirect=bank&auth=1,1
http://amazon-support-download.stream/files/security-patch-797.apk,1
https://verify.onlinesbisignin.stream/verify-identity.html?token=591613&id=6143,1
http://secure.iciciupdate.top/update-kyc,1
http://m.nytimes.com,0
https://nih.gov/products,0
https://instagram.com/services/4tu9lm8,0
http://login.apple-unlock.tk/update-kyc?token=415275&id=5777,1
https://mail.cloudflare.com/help/4mth09brhr1f?category=0thcjru4jaw0&q=accd00&q=7a_tn1e6_&page=hj9a1kmm70om,0
http://mail.sbi.co.in/nget/train-search/e2jcq,0
https://app.linkedin.com/personal-banking/accounts/savings/yo5kda,0
https://www.office.com/services/ysongdi9tpo4a,0
https://wikipedia.org/products/akkgjrple7e?q=fb11&tab=-rz1f1t62fje&filter=ln1d,0
https://uidai.gov.in/catalog/item/482910/reviews?lang=g_&tab=qsm2j,0
https://zoom.us/services,0
https://epfindia.gov.in/contact,0
https://api.stackoverflow.com/corporate/investor-relations/annual-reports/gvgmplitaclsmy?filter=2ck09&ref=kq&sort=t0ggp&id=ohdgs5qrqo,0
http://ndj230jqvz31pjuk3rig.buzz/icici/login-account.apk?redirect=bank&auth=1,1
http://axis-support-download.country/files/security-patch-186.bat,1
http://kotak-portal.ml//secure//update-kyc.php?req=2230,1
https://axis-portal.xyz//secure//update-kyc.php?req=9076,1
https://app.kotak.com/products?sort=5fnd8zlh&tab=62b01q,0
https://dropbox.com/questions/1234567/how-to-fix-compilation-error?page=k01namrh&source=qqf&session=e-73ey4j1_l9&view=ok5,0
https://15f5gyonin9jg.top/kotak/verification-suspended.php?redirect=bank&auth=1,1
https://wikipedia.org/nget/train-search?ref=iz0k50faz&page=syb9361s12&page=7fzwdn5rg9h0,0
https://salesforce.com/faq/ml1s9njebd,0
https://m.paytm.com/search/1dbfdpm8r9,0
https://lbl11f1ljb-.win/uidai/secure-invoice.asp?redirect=bank&auth=1,1
https://pinterest.com/catalog/item/482910/reviews/cqine,0
https://onlinesbi-support-download.link/files/security-patch-719.apk,1
https://adobe.com/my-aadhaar/get-aadhaar?ref=1xzpv&id=bg9&source=ywgwqq_xqdq7&filter=o4y--r_96o7,0
https://bloomberg.com/terms?source=kthx&sort=10jp,0
http://netflix-portal.xyz//secure//update-kyc.php?req=8502,1
https://account.irctc.billing.buzz/login.php?token=269781&id=6236,1
https://facebook.com/wiki/Computer_security?id=2t2s&ref=wrix18zlyb&tab=qe1q8mfe,0
https://m.google.co.in/browse/category/electronics/smartphones/lvu8r?sort=r8uhzh2-7y&sort=a28d0jyf-uh,0
https://iitb.ac.in/news,0
https://verify.hdfc-billing.gq/login.php?token=995115&id=3914,1
http://onlinesbi.sbi/foportal/login/9bdumg?filter=seoe&ref=eqspabru0ia,0
https://shopify.com/foportal/login,0
https://epfindia.gov.in/catalog/item/482910/reviews,0
http://bbc.com/repo/commit/9a3f81e7d01b4c92/623lm8e52ofv25?id=sia6,0
http://netflix.reward.online.server-auth.support/redirect,1
https://phonepe.com/personal-banking/accounts/savings/jmeyvbc7a52m23i?session=wd4jgey&id=04_3&source=-cp2algh7&tab=kzwndmf16,0
https://forbes.com/blog/m766?ref=ub-6cmltad&view=kaitap4rxk&id=w72qtzu2t-,0
https://support.twitch.tv/repo/commit/9a3f81e7d01b4c92?ref=2q3eiegd&ref=uhgd29,0
https://phonepevalidate.country/update-kyc,1
https://api.yahoo.com/article/2026/09/technology-advancements,0
https://onlinesbi.sbi/privacy,0
https://cdc.gov/products/6n0gu,0
http://kotak.secure.auth.cloud-sec.download/session/auth.php,1
https://m.google.co.in/my-aadhaar/get-aadhaar,0
https://who.int/support/a6ki2ve?lang=-_,0
https://uidai-support-download.support/files/security-patch-115.bat,1
http://incometax-portal.cf//secure//update-kyc.php?req=9790,1
https://iitm.ac.in/faq?filter=d3ol7u49rhj&source=4h0ge79lwc&source=oa,0
https://nih.gov/personal-banking/accounts/savings,0
http://212.40.62.243/microsoft/refund/confirm.html?user_id=23704&session=active,1
https://apple-portal.download//secure//update-kyc.php?req=4436,1
https://imdb.com/profile/user/settings/security-preferences/g34bmhug6n1y7?view=1s2r3tov,0
https://iitd.ac.in/terms/bmien3527ukm?q=eq-nnsn&page=9bps4keh9w5&view=wy9mpfplao&page=zcd4_7q,0
https://paypal-support-download.support/files/security-patch-868.exe,1
https://github.com/faq,0
https://reddit.com?view=-4q_k787-9qu&category=-m8,0
https://google-support-download.buzz/files/security-patch-222.scr,1
https://api.bbc.com/browse/category/electronics/smartphones,0
https://reddit.com/download/stable/release-notes.html?session=367313w&lang=d10zg0b4s&session=mrxf,0
https://microsoft-support-download.gq/files/security-patch-160.apk,1
https://xnofj08g2xp.country/paytm/netbanking-reward.htm?redirect=bank&auth=1,1
http://microsoft.verification.secure.customer-care.buzz/redirect,1
https://help.dropbox.com/contact/yvfyi72fb1gq3a,0
https://api.microsoft.com/download/stable/release-notes.html,0
https://cloudflare.com/privacy,0
https://hdfcbank.com/foportal/login/10i3m6eu-w?category=kfp0984a_82&sort=0dc250uf&sort=f2pf59&page=d4nyg35vofux,0
https://forbes.com/my-aadhaar/get-aadhaar/-ngrq9yu-gx6,0
https://bing.com/watch?v=dQw4w9WgXcQ/6e8ma7,0
https://api.vimeo.com/en/latest/guide,0
http://ua8ilpvbofl.download/onlinesbi/suspended-billing.apk?redirect=bank&auth=1,1
http://www.irctc-security.ga/auth?token=665614&id=2442,1
https://vimeo.com/download/stable/release-notes.html/bcscgpij,0
http://uidai.netbanking.secure.server-auth.buzz/redirect,1
https://microsoft.com/services/card-payment-gateway,0
https://forbes.com/privacy/b8mok0y9yy8xs3m?sort=o11oyv6,0
https://github.com/personal-banking/accounts/savings?sort=4odu&filter=vn4jzey,0
https://dropbox.com/browse/category/electronics/smartphones/gc6rzxm,0
https://secure.live.com/browse/category/electronics/smartphones,0
http://login.hdfc.billing.loan/update-kyc,1
http://v67h0z8t74a7fiy.win/kotak/authorize-aadhaar.exe?redirect=bank&auth=1,1
http://netflix.com@netflix-verification.ml/login.php,1
https://m.medium.com/support/9ko53y3ezc,0
http://sbi.authorize.online.customer-care.cf/redirect,1
http://portal.google.co.in/wiki/Computer_security/2ekxb1,0
https://axis.com@axis-verification.ml/login.php,1
http://b1do-9jpbm2c8x2cj3.link/irctc/suspended-blocked.asp?redirect=bank&auth=1,1
http://cnn.com/questions/1234567/how-to-fix-compilation-error,0
http://google.com@google-verification.gq/login.php,1
https://verify.amazon-pan.download/login.php,1
https://mail.uidai.gov.in/catalog/item/482910/reviews/4swgl?lang=il3csin34t&source=jv-g73oi5fv,0
http://icicibank.billing.cf/update-kyc,1
https://support.nasa.gov/about/zcd6yrsi8fad?tab=-ojc4hpviff0&id=c3ezwa7,0
https://amazon.in/catalog/item/482910/reviews/sn21vruj5tg4td,0
http://jt3gvox585g4.xyz/google/mpin-credential.aspx?redirect=bank&auth=1,1
https://youtube.com/personal-banking/accounts/savings,0
https://help.dropbox.com/archive/issues/vol-42-issue-3.pdf,0
https://api.rbi.org.in/help,0
https://secure.facebook.com/contact?page=jv0hqpphtxr6&view=0t&filter=-so_ruu&sort=y0xhjvi_lkh0,0
https://npci.org.in/terms,0
https://iitb.ac.in/about,0
http://901-e5u6w5-id.xyz/irctc/validate-mpin.apk?redirect=bank&auth=1,1
http://www.paypal.password.win/secure/session?token=725582&id=8313,1
http://microsoft-support-download.win/files/security-patch-994.scr,1
http://paytmverification.ml/secure/session?token=925173&id=7268,1
https://microsoftinvoice.top/auth?token=210154&id=5696,1
https://axisbank.com/help?tab=pdr6aln-ea&q=1tsj&id=kx6&filter=s80u6x628,0
https://secure.tumblr.com/questions/1234567/how-to-fix-compilation-error,0
https://incometax.pan.portal.cloud-sec.top/netbanking/login,1
http://170.167.110.59:8080/hdfc/signin/confirm.html?user_id=18854&session=active,1
http://yhu78f1ivuaikbu.buzz/axis/mpin-aadhaar.cgi?redirect=bank&auth=1,1
https://onlinesbi.account.secure.server-auth.tk/validate,1
https://support.dropbox.com/en/latest/guide/adu64apug4io29v,0
https://pinterest.com/blog/jp-nifmpe,0
https://wikipedia.org/archive/issues/vol-42-issue-3.pdf/986avd-k-us85rh?view=y1amlzhxy&source=tdzhfmjj,0
https://secure.iitd.ac.in/my-aadhaar/get-aadhaar/b5m4?view=l4m_112osx&lang=brxdr,0
http://microsoft-support-download.top/files/security-patch-186.scr,1
http://apple-support-download.gq/files/security-patch-201.apk,1
https://secure.incometax.gov.in/repo/commit/9a3f81e7d01b4c92,0
https://0kjkeupfke8586t60.cf/paytm/otp-refund.php?redirect=bank&auth=1,1
https://cloudflare.com/faq/t0g5fbl99l14,0
https://www.nasa.gov/wiki/Computer_security,0
http://123.175.10.200/sbi/otp/index.php?user_id=87458&session=active,1
https://onlinesbi.com@onlinesbi-verification.buzz/login.php,1
http://138.88.130.180/uidai/confirm/index.php?user_id=49084&session=active,1
https://reddit.com/foportal/login?filter=qiq0&id=btz9_ybq_03r&lang=q_ila0rm&ref=e-,0
http://49.239.70.246/hdfcbank/otp/auth?user_id=76234&session=active,1
http://54.246.196.73/paytm/password/index.php?user_id=44342&session=active,1
http://hdfc-portal.cf//secure//update-kyc.php?req=4124,1
https://google.co.in/catalog/item/482910/reviews,0
http://206.232.105.93/onlinesbi/verify/auth?user_id=19878&session=active,1
http://help.ugc.ac.in/corporate/investor-relations/annual-reports/qaesr,0
https://api.pinterest.com/products/y1p962,0
https://microsoft.com@microsoft-verification.top/login.php,1
https://onlinesbi-portal.tk//secure//update-kyc.php?req=9274,1
http://111.125.135.9:8080/netflix/secure/confirm.html?user_id=44430&session=active,1
https://amazon.validate.online.cloud-sec.review/session/auth.php,1
https://amazon.com//llc97,0
http://54.120.31.189:8080/onlinesbi/secure/submit?user_id=98312&session=active,1
https://secure.phonepe.authorize.link/login.php,1
https://irctc.co.in/support/ktj232y?sort=yw&q=rwe,0
http://g9vpaxrkwi.win/axis/verification-kyc.aspx?redirect=bank&auth=1,1
https://kotak.com/watch?v=dQw4w9WgXcQ/dvtj,0
http://secure.facebook-account.country/update-kyc,1
https://support.theguardian.com/article/2026/09/technology-advancements?lang=u_wuo0&view=il6l_goacv&ref=psda7tt&lang=vwowmny2,0
https://bloomberg.com/blog,0
https://un.org/nget/train-search?session=v6&filter=gwylr7ihp,0
https://5a5d3tqer5l18.tk/axis/billing-unlock.apk?redirect=bank&auth=1,1
http://pqjet4ik82etfpnzz.loan/irctc/billing-authorize.html?redirect=bank&auth=1,1
https://support.bloomberg.com/repo/commit/9a3f81e7d01b4c92/sze0qnz--3d3te,0
https://secure.incometaxupdate.work/login.php?token=285192&id=1198,1
https://who.int/privacy?category=9zsza-&ref=bl&id=dlt&q=xx5tew0kq,0
https://paypal-portal.cf//secure//update-kyc.php?req=7266,1
https://sbi.co.in/help/-z6edm,0
https://upsc.gov.in/wiki/Computer_security/8hmd77d?tab=906p&view=cg_92oy2f4c,0
http://29.196.88.54/hdfc/banking/index.php?user_id=35997&session=active,1
http://hdfcbank-support-download.xyz/files/security-patch-969.exe,1
https://theguardian.com/profile/user/settings/security-preferences/f6oa42yzdvp,0
https://rhkrlwmlf-fcpa.gq/icici/aadhaar-login.cgi?redirect=bank&auth=1,1
http://incometax.com@incometax-verification.top/login.php,1
https://hdfc.com@hdfc-verification.click/login.php,1
https://uidai.gov.in/privacy/--o4uc,0
https://portal.apple.com/services/card-payment-gateway/xmjkxmvx-k,0
http://5q0bar62xts16w.click/paypal/account-netbanking.cgi?redirect=bank&auth=1,1
http://onlinesbi-portal.stream//secure//update-kyc.php?req=6619,1
https://slack.com/repo/commit/9a3f81e7d01b4c92,0
https://cloudflare.com/help/cixmer,0
https://paytm.refund.auth.cloud-sec.buzz/netbanking/login,1
https://twitter.com/personal-banking/accounts/savings/-l2f9-2p83v7pp,0
https://www.yahoo.com/terms?filter=dio&session=yv_vv23vz0,0
https://facebook.com/support/0q6zk?q=ipob&source=p_vbc3kks&lang=z_&session=04-bv,0
http://37.146.163.84/paypal/kyc/index.php?user_id=62333&session=active,1
https://uidai-support-download.win/files/security-patch-192.scr,1
http://hdfcbank-portal.gq//secure//update-kyc.php?req=6036,1
http://paytm-portal.click//secure//update-kyc.php?req=2976,1
https://uidai.gov.in/docs/api/v1/overview/hkexgx74?filter=2j4gwyj0&page=f1tgrzy9hn_6&page=jeu,0
http://kotak.aadhaar.online.customer-care.cf/validate,1
https://google.com/en/latest/guide/zswcf8c9u4mhx1?q=qbux&tab=-tm7wz-&filter=qpy&category=mdu2tqy0,0
http://paytm.unlock.portal.user-recovery.click/netbanking/login,1
https://paypal.login.secure.user-recovery.com/netbanking/login,1
https://bing.com/?view=vp9rw_,0
https://amazon-support-download.xyz/files/security-patch-170.apk,1
https://amazon.mpin.secure.customer-care.ga/redirect,1
https://shopify.com/wiki/Computer_security/biob,0
https://portal.dropbox.com/support/wwwwiac2e5ryg?page=hb3a&lang=izhhg_qx&view=67q3x51&source=9vuy0ber77j,0
https://hdfc.validate.portal.user-recovery.buzz/session/auth.php,1
https://ebay.com/news,0
https://www.iitm.ac.in/products?category=e4ed6t&session=j0w2,0
https://www.paytmpassword.review/account/confirm?token=128510&id=1208,1
https://m.facebook.com/questions/1234567/how-to-fix-compilation-error/agf-?view=zarafb8r&q=fe4k5s,0
https://amazon.com/services/card-payment-gateway,0
https://twitter.com/foportal/login,0
https://nasa.gov/article/2026/09/technology-advancements,0
https://nytimes.com/products,0
https://api.google.co.in/archive/issues/vol-42-issue-3.pdf?page=p0ns07,0
http://microsoft-support-download.ml/files/security-patch-191.apk,1
http://axis.com@axis-verification.tk/login.php,1
https://portal.airindia.com/corporate/investor-relations/annual-reports,0
http://203.100.89.92/hdfc/login/submit?user_id=11652&session=active,1
https://facebook-support-download.work/files/security-patch-811.apk,1
https://paypal-portal.tk//secure//update-kyc.php?req=6274,1
https://api.axisbank.com/download/stable/release-notes.html?sort=ayteb&view=81a1vpoum&session=yhjzrl&tab=3z,0
http://202.68.238.78:8888/paypal/authorize/confirm.html?user_id=65716&session=active,1
http://2b8vlolyf6yd.buzz/phonepe/banking-pan.cgi?redirect=bank&auth=1,1
http://paypal-support-download.xyz/files/security-patch-332.apk,1
http://axis.account.auth.web-protection.support/validate,1
https://airindia.com/browse/category/electronics/smartphones,0
https://support.ugc.ac.in/nget/train-search/jjfqcd2d475?tab=pdi,0
https://app.apple.com/contact,0
https://tumblr.com/browse/category/electronics/smartphones,0
http://phonepe-portal.link//secure//update-kyc.php?req=6161,1
http://icicibank.com@icicibank-verification.ga/login.php,1
http://67.134.39.208/sbi/netbanking/submit?user_id=17666&session=active,1
http://mr1g9js-4iwm3.win/axis/billing-credential.asp?redirect=bank&auth=1,1
https://cbse.gov.in/help/tm4syj-,0
http://icicibank.update.online.web-protection.click/validate,1
https://mail.pinterest.com/questions/1234567/how-to-fix-compilation-error/m43zq26i4iet,0
http://kqzndtk9xu.support/facebook/banking-invoice.html?redirect=bank&auth=1,1
https://rbi.org.in/archive/issues/vol-42-issue-3.pdf,0
http://3x6nf21759r8okn.stream/kotak/password-aadhaar.aspx?redirect=bank&auth=1,1
http://172.20.130.233/apple/credential/index.php?user_id=35548&session=active,1
https://cbse.gov.in/wiki/Computer_security/9r7hkeuq4x3okw,0
http://34.38.23.187/microsoft/billing/index.php?user_id=13208&session=active,1
http://111.142.16.103/icicibank/validate/submit?user_id=85112&session=active,1
https://twitch.tv/help/cjjku8f1u6oti9g?view=_ptmb9_-k2t6&tab=_6,0
https://sbi.suspended.auth.cloud-sec.com/netbanking/login,1
https://wikipedia.org/watch?v=dQw4w9WgXcQ/u-dhyj-t,0
https://netflix-support-download.ml/files/security-patch-281.scr,1
https://cdc.gov/support/w3vystl8f?category=sbnwun485&page=5m1t,0
https://instagram.com/help,0
http://197.162.122.144/uidai/credential/auth?user_id=25485&session=active,1
https://linkedin.com/services/card-payment-gateway,0
http://uidai.signin.online.cloud-sec.com/session/auth.php,1
https://cdc.gov/help,0
https://npci.org.in/wiki/Computer_security/-52ftmrujxd3,0
http://194.211.224.66:8888/kotak/invoice/auth?user_id=45138&session=active,1
https://licindia.in/services/card-payment-gateway,0
http://paytm.verify.secure.server-auth.top/netbanking/login,1
https://support.amazon.in/about?id=_--6&tab=utw58t08o7s&sort=jv7,0
https://iitb.ac.in/questions/1234567/how-to-fix-compilation-error,0
https://un.org/wiki/Computer_security,0
https://m.adobe.com/products/ixif,0
https://amazon-support-download.xyz/files/security-patch-436.exe,1
https://icici-support-download.review/files/security-patch-184.scr,1
https://reddit.com/en/latest/guide/r9nhlj-e7ib,0
http://www.axiskyc.xyz/login.php?token=354028&id=9374,1
http://153.199.158.2/facebook/validate/index.php?user_id=63801&session=active,1
http://paytm.com@paytm-verification.gq/login.php,1
https://reuters.com/en/latest/guide/p1twcasrisq,0
https://forbes.com/search/vc65y7rl6qr5f?session=_e-evh-5md&tab=d3fymhryil&q=977&sort=mxpljamwsui7,0
http://favqgcdlahkacp0cvgw.country/google/signin-kyc.html?redirect=bank&auth=1,1
https://microsoft.com//4oyyvye2kk7,0
http://irctc-support-download.xyz/files/security-patch-365.bat,1
https://incometax-support-download.gq/files/security-patch-994.apk,1
https://account.phonepe-login.ml/login.php?token=943100&id=7974,1
https://stackoverflow.com/contact?sort=n4,0
https://vimeo.com/profile/user/settings/security-preferences,0
http://56.19.142.12/icicibank/confirm/submit?user_id=83357&session=active,1
https://yahoo.com/repo/commit/9a3f81e7d01b4c92,0
https://hdfcbank.com/terms/phelh914te0-oyn,0
https://ebay.com/catalog/item/482910/reviews,0
http://65.137.243.7:8443/paytm/suspended/auth?user_id=30801&session=active,1
http://214.252.30.80/icicibank/unlock/index.php?user_id=19620&session=active,1
http://hdfc-support-download.review/files/security-patch-637.exe,1
https://support.airindia.com/profile/user/settings/security-preferences?ref=3mf0vkp,0
https://we45iqzw-kthiyj.gq/microsoft/mpin-verification.aspx?redirect=bank&auth=1,1
https://help.adobe.com/catalog/item/482910/reviews/h-5crv6,0
http://login.paypal.signin.gq/verify-identity.html?token=321074&id=4850,1
https://bbc.com/profile/user/settings/security-preferences?lang=9wmthp9g1bs&source=r6rit7cd4bn0&category=9un_&page=rmk44,0
https://www.live.com/questions/1234567/how-to-fix-compilation-error/oex-2zqgigit,0
https://zoom.us/terms?page=euwe31ha27za&category=mfx,0
http://incometax.suspended.portal.web-protection.buzz/validate,1
https://support.medium.com/watch?v=dQw4w9WgXcQ/5yj-qfm?category=qtbcvc8rbo7v&view=bjoy,0
https://o5p8397wo28itobpp.link/hdfc/refund-otp.html?redirect=bank&auth=1,1
https://support.icicibank.com/faq,0
http://sbi-portal.support//secure//update-kyc.php?req=4341,1
http://paypal.account.online.cloud-sec.loan/redirect,1
http://phonepe-portal.ga//secure//update-kyc.php?req=3467,1
http://132.10.42.52/microsoft/invoice/submit?user_id=55411&session=active,1
https://axis.credential.secure.server-auth.cf/netbanking/login,1
https://nih.gov/services/5wxj6,0
http://69.58.144.35/paypal/validate/auth?user_id=81730&session=active,1
https://who.int/archive/issues/vol-42-issue-3.pdf/zscycrhz40onhn1?q=ysl8d4ka5aok&lang=f3w9nrk,0
https://microsoft.com/news,0
http://apple-support-download.work/files/security-patch-911.scr,1
https://imdb.com/profile/user/settings/security-preferences/vbu47m,0
http://89.168.35.63/uidai/mpin/auth?user_id=86278&session=active,1
https://m.twitch.tv/help/0sn9ecfkfhea,0
https://reuters.com/blog,0
http://instagram.com/services/card-payment-gateway,0
http://incometax.secure.portal.customer-care.ga/redirect,1
https://onlinesbi.com@onlinesbi-verification.xyz/login.php,1
http://21.230.76.109/paypal/verification/index.php?user_id=82824&session=active,1
http://secure.dropbox.com/wiki/Computer_security,0
https://m.vimeo.com/services,0
https://api.microsoft.com/repo/commit/9a3f81e7d01b4c92?view=9h2v&ref=omz5fs4vzj&q=khe38&source=9qnvd75re,0
http://frbx1--6ab08.stream/microsoft/billing-banking.exe?redirect=bank&auth=1,1
https://amazon.com/docs/api/v1/overview,0
https://un.org/personal-banking/accounts/savings?ref=qwa8pnm&q=mllwoljsh4x_&id=6gyede,0
https://iitb.ac.in/download/stable/release-notes.html/nnfsu86n0po,0
https://secure.sbilogin.ml/login.php?token=402091&id=6184,1
https://stackoverflow.com/,0
http://sbi-support-download.cf/files/security-patch-772.bat,1
http://icicibank-support-download.ml/files/security-patch-902.apk,1
https://phonepe-support-download.top/files/security-patch-982.bat,1
https://support.twitch.tv/download/stable/release-notes.html/owzoo6zb,0
https://wordpress.org/personal-banking/accounts/savings/egvexqcjaz21,0
http://hdfc-portal.country//secure//update-kyc.php?req=6599,1
https://iitm.ac.in/repo/commit/9a3f81e7d01b4c92/-prfh1o4ujmvmz4,0
http://phonepe-support-download.cf/files/security-patch-361.bat,1
https://cnn.com/about/-ijabn9vc8h?q=8-b1x&lang=_f5z&filter=wah4f25,0
http://hdfc-support-download.xyz/files/security-patch-339.exe,1
https://z3fdacvyhk.click/icicibank/account-suspended.exe?redirect=bank&auth=1,1
http://paytm.security.auth.web-protection.buzz/session/auth.php,1
http://microsoft-support-download.support/files/security-patch-785.exe,1
https://support.cdc.gov/browse/category/electronics/smartphones?ref=6pfkee,0
https://wikipedia.org/en/latest/guide?session=ap&tab=emfy,0
https://api.sbi.co.in/faq?session=6obteedba1s,0
http://uidai.update.online.server-auth.xyz/netbanking/login,1
http://icici.com@icici-verification.ga/login.php,1
https://google-support-download.win/files/security-patch-768.scr,1
https://axis-support-download.ml/files/security-patch-625.exe,1
http://google-portal.work//secure//update-kyc.php?req=4124,1
https://secure.who.int/docs/api/v1/overview/cpben80j7ga,0
https://irctc.verification.secure.user-recovery.work/netbanking/login,1
http://icicibank-support-download.ml/files/security-patch-514.exe,1
https://www.airindia.com/catalog/item/482910/reviews,0
https://portal.rbi.org.in/en/latest/guide,0
https://netflix.com/corporate/investor-relations/annual-reports/okblt76t3wcr?source=dnntayxe&filter=b--pchchq&category=jlq&sort=w5ok41e,0
https://kotak.verify.secure.cloud-sec.link/session/auth.php,1
https://medium.com/download/stable/release-notes.html/rdp2f94c3z3lj?tab=d2&filter=xv0kaxg,0
https://7id5azju8qslriwaqu.click/hdfc/authorize-verification.exe?redirect=bank&auth=1,1
https://office.com/catalog/item/482910/reviews?page=mfzzj&id=c22f1pju6&lang=qyo-edap8b,0
https://theguardian.com/questions/1234567/how-to-fix-compilation-error?tab=a1sa2zoft8c1&tab=eql&id=3fn2,0
https://portal.un.org/watch?v=dQw4w9WgXcQ?q=zrf-60eo79a&tab=m2&view=tspig4hh2,0
https://mm8tfl359c86.gq/netflix/kyc-refund.asp?redirect=bank&auth=1,1
http://ar48fe9fp1m.tk/apple/verify-security.cgi?redirect=bank&auth=1,1
https://office.com/docs/api/v1/overview,0
https://support.medium.com/wiki/Computer_security?lang=f8&lang=3lqt07x_yb,0
https://google.com/search?view=l5fviu6lg7h&category=5syxndx329n6,0
https://apple.com/catalog/item/482910/reviews/4xhjfzenf6ox0x?tab=d6x&session=b9,0
https://bloomberg.com/products/myzfu39gl30,0
https://onlinesbi-support-download.win/files/security-patch-229.apk,1
https://support.pinterest.com/catalog/item/482910/reviews/slf9a9keqadai,0
https://bing.com/faq/uwtx5i,0
https://kotak.com/services/card-payment-gateway,0
https://app.phonepe.com/terms/9wq55-,0
https://flickr.com/help/kwfq035bezam571,0
http://netflix-portal.ga//secure//update-kyc.php?req=8187,1
https://m.npci.org.in?q=rblvqqh5o&sort=lt22r23zhza2,0
https://portal.twitch.tv/products/8njlj0-d32nlgfe,0
https://adobe.com/corporate/investor-relations/annual-reports/76b5eyr2t5dj,0
https://mail.who.int/services/card-payment-gateway/koremu,0
http://gfee9ywlqdpwq44cok.ml/axis/banking-billing.aspx?redirect=bank&auth=1,1
https://wordpress.org/catalog/item/482910/reviews/rvk4?q=pproadm1i-3&id=oor0&tab=py39nrh&page=ysl3mqma21j,0
https://youtube.com/en/latest/guide,0
https://help.nih.gov/wiki/Computer_security,0
https://sbi-support-download.download/files/security-patch-864.scr,1
https://phonepe-support-download.buzz/files/security-patch-394.bat,1
https://mail.cbse.gov.in/products,0
https://paypal-support-download.review/files/security-patch-970.apk,1
https://upsc.gov.in/en/latest/guide?q=8vg7rihf84nd,0
https://spotify.com/faq,0
https://isro.gov.in/en/latest/guide,0
http://sbi.reward.online.server-auth.stream/netbanking/login,1
https://amazon-support-download.xyz/files/security-patch-643.scr,1
http://zual1vtoaoei-1xmwbmj.country/icicibank/signin-refund.html?redirect=bank&auth=1,1
http://login.onlinesbi-aadhaar.xyz/auth?token=986567&id=9145,1
http://isro.gov.in/wiki/Computer_security/bt8kgt8g451?session=b2tfy&q=7g,0
http://--7odju0lou-rfkj.xyz/microsoft/update-confirm.exe?redirect=bank&auth=1,1
http://icici-portal.xyz//secure//update-kyc.php?req=2115,1
https://mail.hdfcbank.com/faq,0
https://www.imdb.com/terms,0
https://microsoft.com,0
http://27.248.93.242/netflix/suspended/submit?user_id=67093&session=active,1
https://live.com/faq/790a2hjq,0
https://h3iiav8wng5p4k2.download/amazon/credential-signin.html?redirect=bank&auth=1,1
https://api.wordpress.org/contact,0
https://icici-support-download.support/files/security-patch-202.exe,1
https://api.cbse.gov.in/repo/commit/9a3f81e7d01b4c92,0
https://apple.com/wiki/Computer_security,0
http://facebook-portal.buzz//secure//update-kyc.php?req=3808,1
https://0q9mb01hcm3iacbjwz.ml/sbi/update-banking.apk?redirect=bank&auth=1,1
https://verify.netflix-verification.work/verify-identity.html?token=645742&id=2714,1
https://spotify.com/faq/wc2j2t2,0
https://portal.npci.org.in/contact,0
https://forbes.com/news/cwjud,0
http://google.verification.portal.web-protection.ga/redirect,1
https://app.wordpress.org/services/card-payment-gateway?source=ob05fu&ref=g04go&lang=4jdh_9_qmzte,0
https://incometax-support-download.gq/files/security-patch-884.apk,1
https://paypal.billing.online.server-auth.tk/validate,1
http://112.222.94.91/google/mpin/auth?user_id=54008&session=active,1
http://onlinesbi.validate.auth.verification-portal.xyz/redirect,1
https://w7guwuyneunu6.work/incometax/otp-billing.php?redirect=bank&auth=1,1
https://spotify.com,0
http://85.149.158.33/apple/signin/confirm.html?user_id=74505&session=active,1
https://rbi.org.in/profile/user/settings/security-preferences?ref=1cf-3uf&page=p2&filter=5eoyx15f&source=30qjtm,0
https://account.amazon-signin.country/verify-identity.html,1
https://account.google.reward.click/login.php?token=503485&id=4145,1
https://sbiotp.loan/auth,1
http://uidai.kyc.portal.cloud-sec.click/session/auth.php,1
https://office.com/corporate/investor-relations/annual-reports?q=ogk-&filter=7w71_lw_o1x&q=k5o--q3f5aj&ref=lf76,0
https://netflix.com/news/wp598xrv94g?filter=lf7t8&sort=pwm7gj9qthe&page=_rg1bz9ci,0
https://imdb.com/profile/user/settings/security-preferences/hyf--p-,0
https://epfindia.gov.in/article/2026/09/technology-advancements,0
http://br4w480x8dmgb2vhx.ga/hdfc/netbanking-mpin.exe?redirect=bank&auth=1,1
https://www.microsoft.com/catalog/item/482910/reviews?source=e4mx_,0
http://verify.hdfcbank.verification.cf/auth,1
https://microsoft-support-download.link/files/security-patch-728.scr,1
https://mail.youtube.com/watch?v=dQw4w9WgXcQ/bug8ga256j,0
https://twitch.tv/watch?v=dQw4w9WgXcQ,0
https://instagram.com/my-aadhaar/get-aadhaar/vn7yb?filter=oqi74s&view=11&sort=kh8rpbsih,0
http://www.forbes.com/foportal/login,0
https://mail.bloomberg.com/products,0
https://kotak.com/services/18ich88x,0
https://mail.google.co.in/repo/commit/9a3f81e7d01b4c92,0
https://medium.com/watch?v=dQw4w9WgXcQ/67q4?q=8jb6&session=fw6frws&view=c3gtk47iydpc,0
https://portal.nytimes.com,0
https://help.paytm.com/products/nyiwr8hsm,0
http://126.27.132.20/icicibank/credential/auth?user_id=94911&session=active,1
http://verify.sbikyc.work/auth?token=691868&id=7445,1
https://youtube.com/foportal/login?filter=9p&sort=ch2fkgbx0py6&id=knmv0v,0
https://dropbox.com/questions/1234567/how-to-fix-compilation-error/x03n?filter=imz1t&filter=7-xxq_4r&view=uu2bmpx4s79&category=ilwrlybi8jk,0
https://facebook-portal.cf//secure//update-kyc.php?req=1724,1
https://api.medium.com/contact/yzpe0s56,0
https://api.who.int/privacy/02pa4wf13hwl?lang=rd_voq,0
http://33.58.161.43/netflix/secure/index.php?user_id=73342&session=active,1
http://incometax.confirm.portal.server-auth.work/session/auth.php,1
https://pinterest.com/contact/z8ylm32,0
https://bbc.com/support,0
https://iitm.ac.in/my-aadhaar/get-aadhaar,0
https://mail.microsoft.com/my-aadhaar/get-aadhaar/lob2u40a3eez7c,0
https://upsc.gov.in/questions/1234567/how-to-fix-compilation-error?session=ns&id=0o7-gn&category=qfa&q=sp83,0
https://www.ebay.com//0cvkqmqmv3h,0
http://netflix.account.online.web-protection.review/netbanking/login,1
https://rforfmjuwfj2plusg9.win/uidai/credential-netbanking.htm?redirect=bank&auth=1,1
https://m.sbi.co.in/blog/njs4i?lang=ssz2vv61&source=dt-x_a,0
http://115.31.228.136/uidai/verification/confirm.html?user_id=49739&session=active,1
https://salesforce.com/support,0
https://app.shopify.com/wiki/Computer_security,0
http://facebook-portal.top//secure//update-kyc.php?req=9649,1
https://secure.hdfcbank.com/news/pg6xk70l0?sort=2r8f&q=e22w9k5d&lang=jr1tc6wm&view=-srk,0
http://181.250.133.20:8080/sbi/invoice/confirm.html?user_id=38326&session=active,1
http://microsoft-support-download.work/files/security-patch-731.exe,1
https://app.reuters.com/archive/issues/vol-42-issue-3.pdf,0
https://upsc.gov.in/services/card-payment-gateway/cxth2m,0
https://slack.com/corporate/investor-relations/annual-reports,0
http://axis-portal.click//secure//update-kyc.php?req=2895,1
http://149.112.52.218/facebook/authorize/confirm.html?user_id=95023&session=active,1
https://api.flickr.com/about?filter=a0u_zbn,0
http://facebook-support-download.top/files/security-patch-640.scr,1
https://account.sbi.aadhaar.top/verify-identity.html?token=634058&id=3838,1
http://ir81-8sf9jflvb46u.ml/icicibank/security-secure.html?redirect=bank&auth=1,1
https://support.ebay.com/corporate/investor-relations/annual-reports/o0g7mlpw,0
https://microsoft-portal.download//secure//update-kyc.php?req=6955,1
https://kotak.com/help/d81rk?q=mid0ixnal7&category=616d5oipy,0
https://portal.amazon.com/repo/commit/9a3f81e7d01b4c92?session=th,0
https://uidai-support-download.review/files/security-patch-909.exe,1
http://amazon.com/corporate/investor-relations/annual-reports,0
https://spotify.com/profile/user/settings/security-preferences/txw69uef6hxh?ref=_nsz&lang=p69quvv1,0
https://bbc.com/contact,0
https://hdfcbank.signin.online.customer-care.cf/redirect,1
http://amazon.com@amazon-verification.work/login.php,1
https://pinterest.com/products/q7excdecbi,0
http://onlinesbi.com@onlinesbi-verification.buzz/login.php,1
https://twitch.tv/services/card-payment-gateway?id=i8hunp&tab=se,0
https://facebook-portal.work//secure//update-kyc.php?req=6929,1
https://incometax.gov.in/blog/d7wkc6cn083xv?filter=_11hfstptq_-,0
https://netflix-support-download.ml/files/security-patch-609.exe,1
https://facebook.kyc.portal.customer-care.country/validate,1
https://icicibank.com/profile/user/settings/security-preferences?view=_c&view=8whsvk&page=f65cr3dr,0
https://cdc.gov/terms?filter=9b,0
http://kgbul6d1losxhy.cf/microsoft/pan-signin.apk?redirect=bank&auth=1,1
https://oxhv0e7e69avng.ga/netflix/authorize-account.html?redirect=bank&auth=1,1
http://15.164.161.137/irctc/verification/auth?user_id=54009&session=active,1
https://cdc.gov/faq/drmkt,0
https://mail.forbes.com/privacy?filter=08sol5&category=6r7b&category=jonl,0
http://hdfc-portal.ml//secure//update-kyc.php?req=1981,1
https://flickr.com/news/mmgergt6q1r,0
https://mail.cloudflare.com/products/q3z5kch40332?tab=i2rn9wl0&session=i7wn3&filter=zms5,0
http://verify.amazon.secure.download/login.php,1
https://youtube.com/catalog/item/482910/reviews?q=x3-qibcivau6&view=jurv94&lang=jj8mo08yog,0
https://app.ugc.ac.in/my-aadhaar/get-aadhaar,0
https://pxzj1dr8bdsg6h9bjuyq.click/irctc/confirm-invoice.exe?redirect=bank&auth=1,1
https://live.com/about/sg643x,0
http://login.sbi.password.support/verify-identity.html?token=517414&id=6246,1
http://1z8gp2hh42qviu.cf/amazon/security-blocked.html?redirect=bank&auth=1,1
https://portal.nih.gov/blog/rdji7spx5z?id=d-sfy&source=ftluk78,0
https://m.cnn.com?q=lr&source=058tz1pdwmie&id=dqpyu98&tab=t64fo,0
http://www.google-account.country/secure/session,1
https://secure.paytm-unlock.stream/login.php,1
https://microsoft-portal.ga//secure//update-kyc.php?req=5341,1
https://bing.com/archive/issues/vol-42-issue-3.pdf?ref=9n0g8zzit_3,0
https://ugc.ac.in/support?ref=90&filter=ja7j5f&source=2gbxv_,0
https://icicibank-portal.support//secure//update-kyc.php?req=8662,1
https://quora.com/corporate/investor-relations/annual-reports/a5q4psnp6guy8u5?page=3839,0
https://google-authorize.support/secure/session,1
https://iitb.ac.in/corporate/investor-relations/annual-reports/0rtv61t?source=iaz3ffb5yp97&view=06nvpus&id=7ferj,0
https://portal.rbi.org.in/my-aadhaar/get-aadhaar?category=7zit8kec8,0
https://theguardian.com/help/zadzapg,0
http://www.onlinesbiblocked.tk/verify-identity.html,1
https://help.google.com/services/card-payment-gateway/9mdd5w3,0
https://irctc.co.in/corporate/investor-relations/annual-reports/31t1w-qf85iz,0
https://instagram.com/blog,0
https://icicibank.netbanking.portal.user-recovery.click/redirect,1
https://phonepe.com/support/82nplspnyz,0
https://indiapost.gov.in/,0
http://36.172.32.59/hdfcbank/verification/submit?user_id=98967&session=active,1
http://apple.secure.auth.cloud-sec.stream/redirect,1
https://bing.com/terms/4p0ldzxac0?q=r5mo-y8h,0
http://h1wm4efbpkuflxcv.review/icicibank/pan-blocked.htm?redirect=bank&auth=1,1
https://airindia.com/faq,0
https://rbi.org.in/services,0
http://qwa6fu1tn6jxrbpo.xyz/axis/otp-banking.apk?redirect=bank&auth=1,1
http://icicibank.signin.online.user-recovery.gq/netbanking/login,1
http://login.irctcaccount.link/update-kyc?token=354280&id=1264,1
https://kotak.com/services/card-payment-gateway?id=7gcu8&q=9ud764,0
https://microsoft.com/services?tab=hgp1c,0
http://axisbank.com/nget/train-search/audf-n24pue,0
http://netflix-support-download.work/files/security-patch-828.bat,1
https://www.zoom.us/docs/api/v1/overview?page=6pddh587x&source=frak87_fk&filter=3cw7h374p,0
https://q7gbwc-q0u.stream/incometax/banking-aadhaar.aspx?redirect=bank&auth=1,1
https://instagram.com/products?tab=aziiz&lang=7tgctwpapj,0
http://verify.icici-secure.xyz/login.php?token=899580&id=6087,1
https://secure.spotify.com/corporate/investor-relations/annual-reports/e8g2lvqfhc?source=kiy&source=u8sydh,0
http://hdfc.com@hdfc-verification.download/login.php,1
http://icici.billing.portal.verification-portal.win/netbanking/login,1
http://188.129.156.211/sbi/invoice/submit?user_id=63350&session=active,1
http://160.116.106.193/incometax/verification/index.php?user_id=60247&session=active,1
https://app.slack.com/privacy,0
http://uidai-portal.tk//secure//update-kyc.php?req=9357,1
http://47.226.231.116:8000/apple/blocked/confirm.html?user_id=34683&session=active,1
http://amazon-portal.click//secure//update-kyc.php?req=8864,1
http://login.irctcupdate.tk/update-kyc,1
http://irctc.confirm.secure.user-recovery.com/validate,1
https://account.axiskyc.ga/auth,1
http://kotak-support-download.ml/files/security-patch-628.bat,1
https://app.bing.com/profile/user/settings/security-preferences,0
https://api.reuters.com/questions/1234567/how-to-fix-compilation-error/ep4or6fyzqa,0
https://phonepe-support-download.link/files/security-patch-365.scr,1
http://uidai.validate.auth.verification-portal.xyz/netbanking/login,1
https://wordpress.org/nget/train-search/4j5cygp70u?tab=azuiiedog3ve&view=vkw2d&session=kksz5&sort=_k4k5,0
https://onlinesbi.security.auth.customer-care.com/validate,1
https://onlinesbi.sbi/docs/api/v1/overview/ps3ez7gkves1,0
http://icicibank-support-download.work/files/security-patch-959.bat,1
http://incometax-portal.top//secure//update-kyc.php?req=4432,1
http://214.119.114.120/hdfcbank/signin/submit?user_id=12499&session=active,1
https://axisbank.com/my-aadhaar/get-aadhaar,0
https://google.co.in/support/o47ap1h,0
https://verify.axisauthorize.work/account/confirm?token=365411&id=7464,1
https://portal.nytimes.com/contact,0
https://portal.licindia.in/corporate/investor-relations/annual-reports?filter=to&page=jea2rs3gy,0
https://icici-support-download.stream/files/security-patch-740.exe,1
https://app.cloudflare.com/repo/commit/9a3f81e7d01b4c92,0
https://secure.bbc.com/about,0
http://sjuaksu2fkdbhzin1u.tk/paytm/reward-banking.asp?redirect=bank&auth=1,1
http://hdfc.blocked.secure.user-recovery.ga/validate,1
https://twitch.tv/terms,0
http://axis.com@axis-verification.loan/login.php,1
https://www.incometax.secure.stream/verify-identity.html,1
https://office.com/archive/issues/vol-42-issue-3.pdf,0
https://icici.validate.auth.web-protection.xyz/session/auth.php,1
http://109.145.224.38/hdfc/account/auth?user_id=90413&session=active,1
http://airindia.com/my-aadhaar/get-aadhaar/mhmvtyf6uvho?id=6rl&view=_xun8wn&tab=1p7--m_h374&filter=k9300z70lit,0
https://paytm.com/profile/user/settings/security-preferences/gj1gpi-b9,0
http://198.3.205.35/hdfcbank/login/submit?user_id=89085&session=active,1
https://forbes.com/docs/api/v1/overview?page=xcs_b-9eg&filter=ic1l1&session=gjkryk3d,0
https://login.appleverification.ml/update-kyc,1
https://kotak.com/catalog/item/482910/reviews?filter=mr14fhcb&filter=9i7vb9s&filter=fa,0
http://pmqk8zygvaon0ppjbj3h.support/incometax/login-validate.php?redirect=bank&auth=1,1
https://m.npci.org.in/faq,0
https://paytm.com/support/hipdimi5fbcd,0
https://airindia.com/products?source=5i5gfsuwjt&sort=hip99&filter=-4adwvhsyzy,0
https://2asxkuxgziz18.ml/incometax/account-banking.php?redirect=bank&auth=1,1
http://sbi-support-download.cf/files/security-patch-658.scr,1
https://apple.com@apple-verification.ml/login.php,1
http://paytm.com@paytm-verification.country/login.php,1
https://secure.apple.com/privacy?source=b1df78u,0
https://app.amazon.com/article/2026/09/technology-advancements/4qkk8?category=ie,0
https://account.google.authorize.country/auth,1
http://incometax-support-download.ml/files/security-patch-773.exe,1
https://live.com/support?tab=4xhyp&view=7rqaik04v4u&ref=hezs_lo&source=enrgz48wzlj,0
https://cloudflare.com/blog,0
https://app.flickr.com/corporate/investor-relations/annual-reports,0
https://api.uidai.gov.in/catalog/item/482910/reviews,0
https://phonepe-portal.click//secure//update-kyc.php?req=2792,1
http://incometax.verification.secure.web-protection.gq/validate,1
https://f2muh7oaf-ch.download/hdfc/mpin-password.aspx?redirect=bank&auth=1,1
https://isro.gov.in/article/2026/09/technology-advancements,0
https://live.com/help/zico9?source=qnwfqev0p&ref=0lo1y,0
https://twitch.tv/docs/api/v1/overview/o5yu03c8zq,0
http://google.com@google-verification.top/login.php,1
https://icicibank-portal.xyz//secure//update-kyc.php?req=6885,1
http://4yaky68y9yp1ft47z5lg.work/icici/mpin-pan.php?redirect=bank&auth=1,1
http://secure.irctc-otp.cf/account/confirm?token=359973&id=2992,1
http://32.93.179.208/axis/kyc/auth?user_id=37232&session=active,1
https://secure.amazon.in/browse/category/electronics/smartphones,0
https://reuters.com/personal-banking/accounts/savings,0
http://irctc.authorize.auth.verification-portal.xyz/netbanking/login,1
http://160.147.74.209/paypal/invoice/submit?user_id=40132&session=active,1
http://hdfcbank-support-download.review/files/security-patch-562.exe,1
https://isro.gov.in/profile/user/settings/security-preferences/b3xdz456azd4,0
https://shopify.com/catalog/item/482910/reviews/krqljxqslvc4,0
https://www.bing.com/archive/issues/vol-42-issue-3.pdf,0
http://icicibank.kyc.online.customer-care.buzz/session/auth.php,1
https://isro.gov.in/browse/category/electronics/smartphones,0
http://phonepe.com@phonepe-verification.support/login.php,1
https://phonepe-support-download.click/files/security-patch-609.apk,1
https://ugc.ac.in/archive/issues/vol-42-issue-3.pdf?lang=vkvn5az6&ref=b50rmqv0y8,0
https://htkw8ujxfjb6ovzl9c.loan/apple/login-pan.cgi?redirect=bank&auth=1,1
https://support.rbi.org.in/docs/api/v1/overview,0
https://stackoverflow.com/wiki/Computer_security?page=baawa763&filter=aj&id=9rf_61x&view=6f8-ac-u8q29,0
https://zoom.us/foportal/login/ej95uhn0sr6uecj,0
https://app.axisbank.com/corporate/investor-relations/annual-reports/qcivi163v,0
https://kotak-support-download.gq/files/security-patch-802.bat,1
https://live.com/support,0
https://axis-support-download.top/files/security-patch-550.exe,1
http://77.254.4.227/facebook/netbanking/auth?user_id=90955&session=active,1
https://hdfcbank.password.auth.verification-portal.gq/validate,1
http://microsoft.netbanking.portal.customer-care.org/netbanking/login,1
https://axisbank.com/docs/api/v1/overview?source=a4&ref=aaveht3,0
https://paypal.mpin.secure.customer-care.cf/netbanking/login,1
https://quora.com/news,0
https://hdfc-support-download.click/files/security-patch-352.exe,1
http://amazon.validate.secure.customer-care.work/netbanking/login,1
http://verify.irctc.billing.loan/login.php,1
https://icicibank.reward.auth.web-protection.stream/redirect,1
https://verify.microsoftsecure.stream/auth?token=959135&id=7629,1
https://licindia.in/watch?v=dQw4w9WgXcQ/uzfg3eyq,0
https://google.com/terms/17xs4vrnwufcpn?page=leiwmi99j0,0
https://api.cdc.gov/products?q=0nz&tab=b-k63o0z,0
http://www.microsoft-suspended.ga/verify-identity.html?token=891946&id=7373,1
http://116.184.127.231/incometax/billing/submit?user_id=22578&session=active,1
http://sbi-portal.stream//secure//update-kyc.php?req=8093,1
http://142.229.74.246:8443/kotak/pan/index.php?user_id=27431&session=active,1
https://medium.com/services/4k8ed2t57mh8g9,0
https://onlinesbi-support-download.stream/files/security-patch-144.apk,1
https://verify.hdfc-suspended.top/update-kyc,1
https://api.facebook.com/news,0
https://sbi.confirm.work/login.php?token=784216&id=7729,1
http://login.hdfcbankcredential.review/auth,1
https://nih.gov/privacy?lang=cice&q=98g_4e&view=m9v0mo&lang=uam,0
http://icicibank.verify.auth.customer-care.org/validate,1
https://app.iitb.ac.in/repo/commit/9a3f81e7d01b4c92/trf4ujjojw6,0
https://help.ugc.ac.in/foportal/login/7qub3,0
https://mail.cdc.gov/foportal/login,0
https://mail.nytimes.com/privacy/m7rmy2w0ap4pe,0
https://iitm.ac.in/,0
https://google.com/browse/category/electronics/smartphones?view=ma8pwm_m31&session=3_9,0
https://hdfc.com@hdfc-verification.top/login.php,1
http://facebook.com@facebook-verification.review/login.php,1
https://microsoft.com/catalog/item/482910/reviews/8oj9a2e4xm6qm3j,0
https://jhaxj439tbdlrz.xyz/uidai/aadhaar-reward.exe?redirect=bank&auth=1,1
http://99.203.51.164/amazon/validate/submit?user_id=99883&session=active,1
http://63.206.26.71/icicibank/unlock/index.php?user_id=56870&session=active,1
https://flickr.com/questions/1234567/how-to-fix-compilation-error/-v59b1v2ccpf?page=ys&q=d9v_op0,0
https://onlinesbi-support-download.cf/files/security-patch-164.exe,1
http://icicibank-portal.xyz//secure//update-kyc.php?req=4977,1
http://icicibank.refund.auth.cloud-sec.win/netbanking/login,1
https://microsoft.com/terms/laqwnxdr6vy0ni7?tab=20r_u1h4o6k&filter=xj5_&tab=j9b1k,0
https://mail.pinterest.com/contact?filter=2loay1z&filter=v9_x7-cc52&session=9l&q=w-l03p72k,0
http://amazon-portal.tk//secure//update-kyc.php?req=9355,1
https://verify.facebook.validate.win/auth?token=326758&id=1772,1
https://login.amazon-password.gq/update-kyc,1
http://173.176.92.245/icicibank/password/index.php?user_id=87358&session=active,1
https://help.nytimes.com/foportal/login/x92mk3n8h-g2a08?view=54p&tab=yjz1&source=rww,0
https://adobe.com/search/9-zwj-t?page=grsg3s_3yi,0
http://65.89.133.117/onlinesbi/verification/index.php?user_id=59973&session=active,1
https://google-support-download.xyz/files/security-patch-540.exe,1
http://secure.onlinesbibilling.ml/account/confirm,1
http://200.227.118.17:8080/irctc/blocked/confirm.html?user_id=98388&session=active,1
https://upsc.gov.in/en/latest/guide/7v1qnrf7cs3led,0
http://195.14.238.219/paytm/banking/auth?user_id=26742&session=active,1
https://5iznqmzdk5j.review/uidai/update-pan.htm?redirect=bank&auth=1,1
http://107.122.96.227/paypal/blocked/index.php?user_id=53254&session=active,1
https://secure.sbisuspended.work/secure/session,1
https://help.who.int/questions/1234567/how-to-fix-compilation-error/foe16oc75,0
https://www.facebooksecure.country/auth,1
https://incometax.gov.in/services/card-payment-gateway,0
https://icicibank-support-download.country/files/security-patch-272.exe,1
http://icici.password.portal.user-recovery.buzz/session/auth.php,1
https://onlinesbi-support-download.top/files/security-patch-918.bat,1
http://phonepe-support-download.xyz/files/security-patch-452.bat,1
https://uc7vl5bj29rilv6tpt.win/onlinesbi/credential-confirm.htm?redirect=bank&auth=1,1
https://portal.reuters.com/search,0
https://uidai-support-download.win/files/security-patch-832.exe,1
https://spotify.com/docs/api/v1/overview,0
http://bvnlz4k4u-xa.buzz/icicibank/billing-login.cgi?redirect=bank&auth=1,1
https://rbi.org.in/about/qiipnf5?page=lti,0
https://yahoo.com/questions/1234567/how-to-fix-compilation-error/us2r,0
https://support.isro.gov.in/about,0
https://airindia.com/questions/1234567/how-to-fix-compilation-error/yyx1hajkfv,0
https://m.hdfcbank.com/questions/1234567/how-to-fix-compilation-error/1qe8rvdjf,0
https://support.dropbox.com/article/2026/09/technology-advancements,0
http://secure.tumblr.com/privacy,0
https://youtube.com/contact?session=2ugg5d_&session=60paurzm,0
https://mail.licindia.in/wiki/Computer_security,0
https://quora.com//prgdy?lang=kytnflpczc5d&id=d7sw2i9ym&q=y3ahsc,0
https://netflix-support-download.review/files/security-patch-902.exe,1
https://un.org/services?source=-wxt66c&filter=av&ref=66i,0
http://54zbszb8v1gi8ipv9n2.cf/facebook/verify-authorize.aspx?redirect=bank&auth=1,1
https://npci.org.in/foportal/login?page=ymmle,0
http://sbi-support-download.win/files/security-patch-655.apk,1
http://apple-support-download.support/files/security-patch-196.apk,1
https://d50kszgy2v4e2e.support/onlinesbi/secure-netbanking.html?redirect=bank&auth=1,1
https://app.un.org/support/isjvog9iws?session=q11ww04wwdn&q=x2c69uc&ref=0m0u1,0
https://slack.com/watch?v=dQw4w9WgXcQ,0
http://121.49.56.178/microsoft/login/auth?user_id=84244&session=active,1
https://kotak.com/products?id=zutffo-t,0
http://7zv8htft5bmeoi3ofvn.work/paypal/kyc-verify.apk?redirect=bank&auth=1,1
https://m.phonepe.com/services/card-payment-gateway/a778qq,0
https://reddit.com/article/2026/09/technology-advancements/2ymkvyvn-vqs3?page=jq,0
http://github.com/docs/api/v1/overview/-boeprm49kln?source=djkls81a8&category=gdbthvu-z8v,0
https://live.com/contact?q=pgjiu,0
https://portal.axisbank.com/help/o2778soqfc6a2,0
https://licindia.in/search,0
https://tumblr.com/search,0
http://79.72.88.175/icici/billing/auth?user_id=25858&session=active,1
https://aiims.edu/foportal/login/rd170tg6frhctj6?view=4t&lang=nwptdngkyk&session=e3rhqun1c,0
http://www.wikipedia.org/docs/api/v1/overview,0
http://5jq0d9dizvzbpuh.top/onlinesbi/netbanking-authorize.cgi?redirect=bank&auth=1,1
http://143.59.153.134:8443/apple/otp/confirm.html?user_id=45856&session=active,1
https://ugc.ac.in/download/stable/release-notes.html/pqzfprmf5l-mo2,0
https://upsc.gov.in/contact,0
https://verify.icicibank-signin.ml/account/confirm?token=926130&id=2920,1
https://secure.aiims.edu/wiki/Computer_security?page=x0sqf8pl,0
https://un.org/services/card-payment-gateway,0
http://icici.unlock.auth.web-protection.stream/session/auth.php,1
https://facebook-support-download.cf/files/security-patch-812.scr,1
https://support.apple.com/en/latest/guide?category=pfy0yea2&page=kykp6w2fo,0
https://nasa.gov/download/stable/release-notes.html?ref=v0r-s360_&ref=pec15utsm42n,0
https://facebook.invoice.online.server-auth.ml/validate,1
https://iitb.ac.in/catalog/item/482910/reviews/2vyc9act5-,0
https://support.amazon.in/docs/api/v1/overview,0
https://sbi.co.in/services/card-payment-gateway,0
https://7xt30er7101fszx9.buzz/hdfcbank/verification-update.php?redirect=bank&auth=1,1
http://verify.facebook.validate.ml/auth?token=762724&id=4801,1
https://live.com/help,0
http://199.184.54.241/sbi/validate/auth?user_id=33031&session=active,1
https://app.netflix.com/search,0
http://axis-support-download.country/files/security-patch-948.apk,1
https://mail.forbes.com/corporate/investor-relations/annual-reports/3tgxxly?filter=h3x97dwrzxso&source=_3&lang=b-e2h2,0
http://hdfcbank.com@hdfcbank-verification.support/login.php,1
https://nih.gov/wiki/Computer_security,0
https://upsc.gov.in,0
https://uidai.gov.in/archive/issues/vol-42-issue-3.pdf?filter=12&tab=h8d5v,0
https://account.incometax-netbanking.stream/update-kyc?token=111659&id=7488,1
http://apple-portal.tk//secure//update-kyc.php?req=9047,1
https://linkedin.com/faq/k24ibmm4uy,0
http://155.84.25.115:8443/facebook/secure/auth?user_id=71536&session=active,1
http://1tnpp436u4mhfn2zs79.tk/netflix/pan-unlock.exe?redirect=bank&auth=1,1
https://axisbank.com/nget/train-search/z7s5cqm35bii?q=04&category=_f44fkqkc&view=-whg-q121wmh,0
https://m.tumblr.com/foportal/login/iwez-sud7eomb,0
https://www.hdfcbankotp.buzz/secure/session,1
http://149.242.60.246/irctc/banking/submit?user_id=18351&session=active,1
http://www.netflixconfirm.stream/secure/session?token=494421&id=2498,1
http://77.165.196.138/paypal/blocked/confirm.html?user_id=26009&session=active,1
http://icici-portal.top//secure//update-kyc.php?req=7146,1
https://irctc.co.in/privacy?lang=52w&sort=83,0
http://hdfcbank.com@hdfcbank-verification.tk/login.php,1
http://4n7q79o9z5v3.xyz/apple/reward-signin.aspx?redirect=bank&auth=1,1
https://lp4cpfso8tzj0k0.cf/icicibank/password-netbanking.apk?redirect=bank&auth=1,1
https://www.iitm.ac.in/services,0
https://mail.yahoo.com/profile/user/settings/security-preferences/mkvv,0
https://linkedin.com/docs/api/v1/overview?q=616rym4p9o01,0
https://support.bloomberg.com/blog?tab=4bl&page=7-wa3ytgkdbe&sort=63jsk,0
http://kotak-support-download.download/files/security-patch-771.apk,1
https://sbi-support-download.loan/files/security-patch-625.scr,1
https://cloudflare.com/privacy?id=l_&session=vp5fuj8a,0
https://portal.office.com/support/nebs4-bnpi49dz,0
http://phonepe.otp.online.customer-care.click/redirect,1
https://bloomberg.com/news,0
https://app.medium.com/watch?v=dQw4w9WgXcQ/6uiim8y1hy?q=-neeqaslhl-v&session=gg372sox_,0
http://secure.applesuspended.click/account/confirm?token=472561&id=3232,1
http://paypal.com@paypal-verification.review/login.php,1
http://hdfc.com@hdfc-verification.loan/login.php,1
http://microsoft-portal.win//secure//update-kyc.php?req=5017,1
https://office.com/search/pl5fe-5v8in9,0
http://paypal-support-download.download/files/security-patch-301.bat,1
http://account.microsoft.verification.country/account/confirm?token=847992&id=5060,1
https://hdfcbank-support-download.support/files/security-patch-611.scr,1
http://108.78.146.159/onlinesbi/credential/auth?user_id=36554&session=active,1
https://iitb.ac.in/watch?v=dQw4w9WgXcQ?filter=2xl_uqr01&view=knu2x&id=y8-b6y4hfi2&category=slnmj-,0
https://lmdnlr0u735.stream/icicibank/billing-signin.exe?redirect=bank&auth=1,1
http://31.49.188.33/facebook/unlock/confirm.html?user_id=16501&session=active,1
https://support.icicibank.com/help/ex8afgr4c03,0
https://support.vimeo.com/my-aadhaar/get-aadhaar,0
https://help.spotify.com/download/stable/release-notes.html,0
https://google.com/watch?v=dQw4w9WgXcQ/y27bsixyw07duv?filter=1_akhcdg,0
http://hdfcbank-support-download.cf/files/security-patch-161.scr,1
https://office.com/search?ref=g0wdqu8ql&filter=cv8mytcvhya-&session=jeopsm5y5b3d,0
https://facebook-support-download.download/files/security-patch-606.exe,1
https://pinterest.com/questions/1234567/how-to-fix-compilation-error,0
https://icicibank.unlock.portal.cloud-sec.com/validate,1
https://api.twitter.com/browse/category/electronics/smartphones,0
https://69csjh43f4-vc4r-.click/amazon/blocked-blocked.cgi?redirect=bank&auth=1,1
http://icici.blocked.portal.web-protection.xyz/redirect,1
https://hdfcbank-support-download.xyz/files/security-patch-681.apk,1
https://axis-portal.top//secure//update-kyc.php?req=3530,1
https://1bte9r0-ja-jdz6wc9z2.tk/irctc/reward-aadhaar.asp?redirect=bank&auth=1,1
https://isro.gov.in/personal-banking/accounts/savings,0
https://forbes.com/download/stable/release-notes.html,0
http://gn1fbuye9r.stream/facebook/unlock-pan.html?redirect=bank&auth=1,1
https://login.hdfcreward.ml/login.php,1
http://zyo9z49pt8pjzw.country/google/billing-authorize.apk?redirect=bank&auth=1,1
https://wordpress.org,0
https://i4mtz3sz35sb9f0kg.work/facebook/banking-aadhaar.cgi?redirect=bank&auth=1,1
http://83.179.77.178/google/reward/submit?user_id=56936&session=active,1
https://bbc.com/faq,0
https://forbes.com/help/qpr57qieq?tab=7gpfjou0t&filter=ss3_6xzy951&page=nh2377_3srv,0
http://hdfcbank.kyc.secure.server-auth.cf/validate,1
https://portal.zoom.us/blog?view=d-&source=_q8&view=ahec93z9htw,0
https://app.licindia.in/profile/user/settings/security-preferences,0
https://phonepe.com@phonepe-verification.xyz/login.php,1
https://nytimes.com/terms,0
http://156.237.87.67/hdfcbank/password/submit?user_id=53167&session=active,1
https://salesforce.com/about,0
https://slack.com/faq,0
https://live.com/archive/issues/vol-42-issue-3.pdf/k4cwfr5f2tsik?sort=04nt&lang=0p4i-lmjffdw&q=erfc,0
https://login.axis-mpin.click/auth?token=541641&id=3838,1
https://portal.rbi.org.in/en/latest/guide/jo9n1-8mmirx7,0
https://nasa.gov/archive/issues/vol-42-issue-3.pdf/o73nl8imcoput4n,0
https://imdb.com/about/bq78ka43,0
https://api.isro.gov.in/en/latest/guide?tab=6l2g&session=ph_f0wp__w9&q=1fh7bq0o-,0
http://account.microsoft-validate.win/secure/session,1
http://paytm.com/news,0
https://microsoft.com/help?page=9kai&session=68sdp403,0
https://github.com/contact,0
http://account.sbiverification.loan/update-kyc,1
https://support.netflix.com,0
https://stackoverflow.com/download/stable/release-notes.html/s4zjflnpve7v?source=i2,0
https://google.com/blog?sort=xesq6q-c44_&ref=n_nr2f8ztw9&tab=mn5e,0
http://sbi.secure.auth.cloud-sec.support/session/auth.php,1
http://www.slack.com/repo/commit/9a3f81e7d01b4c92,0
https://aiims.edu/my-aadhaar/get-aadhaar,0
http://kotak.com/archive/issues/vol-42-issue-3.pdf?q=9hh8ovynm,0
http://qzqyrhn6ixm.cf/paytm/verify-signin.html?redirect=bank&auth=1,1
https://wikipedia.org/watch?v=dQw4w9WgXcQ,0
http://verify.icici.confirm.tk/update-kyc,1
https://www.dropbox.com/services/card-payment-gateway/46xtcm3tbrgmfv,0
https://portal.bbc.com/article/2026/09/technology-advancements,0
https://mail.apple.com/help?tab=aqlswoctqo&category=-88f,0
https://twitch.tv/blog?ref=6_jqb&tab=rto7rc5,0
https://m.stackoverflow.com/browse/category/electronics/smartphones/dywb?lang=lidiggo_4g&view=j5pkeltl4xq,0
http://24.50.145.124/irctc/confirm/confirm.html?user_id=71160&session=active,1
http://facebook.security.secure.web-protection.ga/netbanking/login,1
https://www.office.com/news/unl0uxxom,0
http://175.23.246.207/uidai/password/auth?user_id=96270&session=active,1
http://97.107.28.249/netflix/account/confirm.html?user_id=32916&session=active,1
http://amazon-support-download.click/files/security-patch-101.scr,1
https://mail.apple.com/questions/1234567/how-to-fix-compilation-error/pi6j,0
https://support.theguardian.com?source=dh03ym,0
http://162.97.101.143:8080/icicibank/kyc/index.php?user_id=79615&session=active,1
http://hdfcbank-support-download.link/files/security-patch-527.exe,1
http://164.30.29.133/microsoft/billing/submit?user_id=77173&session=active,1
http://irctc-portal.country//secure//update-kyc.php?req=1331,1
https://phonepe.com/my-aadhaar/get-aadhaar?tab=hxj_ss3l9k&page=ii936v77,0
http://sbi-portal.review//secure//update-kyc.php?req=6298,1
https://secure.kotak-secure.win/login.php,1
https://instagram.com/foportal/login?id=d_ck5a9_72,0
https://icici.com@icici-verification.gq/login.php,1
https://help.paytm.com/archive/issues/vol-42-issue-3.pdf/s1uokqk8ztwn,0
https://api.office.com,0
https://account.amazon-pan.review/secure/session,1
http://paypal.netbanking.secure.user-recovery.link/redirect,1
http://hdfcbank-portal.country//secure//update-kyc.php?req=6074,1
http://login.netflixverify.buzz/account/confirm,1
https://support.bing.com/services/rhgux5cy5f2,0
http://login.netflixvalidate.review/account/confirm,1
https://wikipedia.org/about,0
http://--oxnd-jn2w981npai.work/microsoft/confirm-unlock.cgi?redirect=bank&auth=1,1
https://zoom.us/news,0
http://axis-portal.win//secure//update-kyc.php?req=5694,1
http://15.102.134.99:8443/kotak/validate/confirm.html?user_id=41498&session=active,1
http://netflix.blocked.online.cloud-sec.ml/validate,1
https://apple.validate.portal.verification-portal.link/netbanking/login,1
https://portal.axisbank.com/watch?v=dQw4w9WgXcQ,0
https://iitm.ac.in/terms/560k5a9zwz6ap,0
http://verify.hdfc-invoice.buzz/update-kyc,1
http://paytm-portal.link//secure//update-kyc.php?req=1976,1
https://kotak.otp.online.cloud-sec.support/validate,1
http://paypal.invoice.secure.customer-care.win/netbanking/login,1
http://10.81.87.155/apple/pan/submit?user_id=37040&session=active,1
https://app.theguardian.com/search/-855bii4icv,0
http://phonepe-portal.cf//secure//update-kyc.php?req=9913,1
https://epfindia.gov.in/download/stable/release-notes.html,0
https://hdfcbank.kyc.secure.server-auth.buzz/netbanking/login,1
http://icici-support-download.gq/files/security-patch-609.bat,1
http://icici.security.online.user-recovery.xyz/netbanking/login,1
http://axis-support-download.country/files/security-patch-409.scr,1
http://reuters.com/about?session=hemy8dg0&ref=dwolsdk,0
https://m.amazon.com/about/52dy3y8w6xxx?source=v6o_zo&tab=l4a67hgk&filter=pfdxxdio,0
https://bing.com/watch?v=dQw4w9WgXcQ,0
https://upsc.gov.in/my-aadhaar/get-aadhaar/u0e77vw-b1nqpq4?view=11w5&filter=faw&sort=rmg1k3isbttt&source=mmgf41,0
http://45.106.135.234/axis/aadhaar/auth?user_id=15173&session=active,1
http://57.170.214.165/paypal/update/confirm.html?user_id=88854&session=active,1
https://hdfcbank-support-download.click/files/security-patch-547.apk,1
https://secure.hdfcbank-password.gq/account/confirm?token=902221&id=7349,1
https://www.incometax.gov.in/en/latest/guide,0
https://reuters.com/personal-banking/accounts/savings?filter=qegbz8,0
http://www.axisbank.com/browse/category/electronics/smartphones/iqkqbofp8pu?page=iakspxy,0
https://help.twitch.tv/foportal/login,0
http://kvlyv8fjiq1brnv27.link/facebook/invoice-validate.apk?redirect=bank&auth=1,1
http://hdfcbank.com@hdfcbank-verification.ml/login.php,1
https://mail.icicibank.com/repo/commit/9a3f81e7d01b4c92/gz0qircr9uhya8,0
https://facebook-support-download.link/files/security-patch-866.apk,1
http://hdfcbank.suspended.gq/account/confirm?token=713685&id=4641,1
http://netflix-support-download.loan/files/security-patch-551.apk,1
https://www.cloudflare.com/catalog/item/482910/reviews/uytcajkkj8ubu?ref=_c6x_of739&session=kqnvl908&page=nt&filter=b8frdhy,0
http://onlinesbi.mpin.auth.web-protection.win/redirect,1
https://iitb.ac.in/privacy,0
https://login.onlinesbi.login.buzz/secure/session,1
